d_t,d_h,thres,nDT,timeHin,bias,LL,BIC,AIC
-1.9933812192441267,-1.9972369290171519,2.0676975659698407,0.9924732027704599,-0.18529727036447188,-0.99263383632884,297.16300025941666,620.2309292000512,606.3260005188333
