d_t,d_h,thres,nDT,timeHin,bias,LL,BIC,AIC
1.9296434049105968,-1.9821974905356154,1.1729079822247321,0.9946769081750211,-0.03729661045736408,-0.9943185003272934,114.3753448866591,249.90885292101515,240.7506897733182
