d_t,d_h,thres,nDT,timeHin,bias,LL,BIC,AIC
1.8544242833550026,-1.9952431595113884,2.156281848824439,0.9956392883947646,-0.04788827249399678,-0.9851433919827323,283.23168516933896,592.68005745348,578.4633703386779
