d_t,d_h,thres,nDT,timeHin,bias,LL,BIC,AIC
-1.9060338449814125,-1.9985548421193702,1.015459714076416,0.9900357429345792,-0.10334339811721055,-0.982623363834467,240.16957092344344,505.6561880779435,492.3391418468869
