d_t,d_h,thres,nDT,timeHin,bias,LL,BIC,AIC
1.9956352218979796,-1.9985728715877324,1.4965583523006947,0.9752692150523261,-0.1665941819642589,-0.4259878029065736,243.72220457673387,512.8490481810513,499.44440915346775
