d_t,d_h,thres,nDT,timeHin,bias,LL,BIC,AIC
1.89759174030384,-1.9987364817995081,0.8567992271895276,0.9837265157066473,-0.1791306287794229,-0.23459154582714975,293.49867895605615,613.7234416896333,598.9973579121123
