d_t,d_h,thres,nDT,timeHin,bias,LL,BIC,AIC
1.9979615711774623,-1.9797592066308416,2.5661649739964782,0.9933399787537978,-0.04799367304677282,-0.9994963142251072,61.21438862980902,139.77100780699504,134.42877725961804
