d_t,d_h,thres,nDT,timeHin,bias,LL,BIC,AIC
-1.8089387930551106,-1.9942633886168712,2.968765650301642,0.9939236350777855,-0.07353971546507587,-0.977782975632941,247.0534588844981,519.5978892212923,506.1069177689962
