d_t,d_h,thres,nDT,timeHin,bias,LL,BIC,AIC
1.9392601766938553,-1.996716170707365,2.743864672044611,0.9688248285622327,-0.14003950409432706,-0.285898235392947,234.57784843334215,494.3838525830301,481.1556968666843
