d_t,d_h,thres,nDT,timeHin,bias,LL,BIC,AIC
1.537366587396651,-1.998220673494554,2.2120772601682552,0.984341522359054,-0.05099586687450255,-0.8191171770575154,277.02525823967164,580.4172114073779,566.0505164793433
