d_t,d_h,thres,nDT,timeHin,bias,LL,BIC,AIC
1.9825502940401667,-1.9995846226251706,2.7197151531358252,0.9942510724857635,-0.1001792331679385,-0.8558292095682924,271.92815651022863,570.0730001352593,555.8563130204573
