d_t,d_h,thres,nDT,timeHin,bias,LL,BIC,AIC
0.38083121996891717,-1.9999691613640929,2.4340856145308596,0.9943172024356036,0.003840497573658694,-0.998381695857012,285.3687999802123,596.397596674521,582.7375999604246
