d_t,d_h,thres,nDT,timeHin,bias,LL,BIC,AIC
1.9482670039832763,-1.9946441012360818,2.564105567336082,0.9941256054814785,-0.061495825413520125,-0.9998573224111096,305.75984426489254,632.1236117566959,623.5196885297851
