d_t,d_h,thres,nDT,timeHin,bias,LL,BIC,AIC
0.1724121245432202,-1.9911884518077145,2.2562628113316654,0.9868952786480737,-0.0802177964387434,-0.9330097153256028,272.55574741410686,571.1743273593358,557.1114948282137
