d_t,d_h,thres,nDT,timeHin,bias,LL,BIC,AIC
1.9604999037102075,-1.9890858071399875,2.639945944515059,0.974807105037102,-0.11474774641750055,-0.8125915734223206,311.8627378381234,649.9421627910489,635.7254756762468
