d_t,d_h,thres,nDT,timeHin,bias,LL,BIC,AIC
0.1900386858432142,-1.9976031532260237,1.52310880869627,0.9849089934118284,0.00119232283980338,-0.9061249721019069,285.91124100407103,598.407382801202,583.8224820081421
