d_t,d_h,thres,nDT,timeHin,bias,LL,BIC,AIC
0.4668722371367779,-1.9999601195248191,0.9800141946270868,0.986380430221428,-0.09060811162995669,-0.9354528072144931,302.5620398045017,631.9195283209309,617.1240796090034
