d_t,d_h,thres,nDT,timeHin,bias,LL,BIC,AIC
1.9900959742239817,-1.9988928674334383,2.204548275991574,0.9756029127797423,-0.12316340465690223,-0.7402658361653577,291.9696541005435,610.4523518478666,595.939308201087
