d_t,d_h,thres,nDT,timeHin,bias,LL,BIC,AIC
-1.9806843042691267,-1.9968725485971037,0.6285958988288203,0.983715834410876,-0.06768846877052125,-0.5884929470786494,288.1790518932169,602.5747909012359,588.3581037864338
