d_t,d_h,thres,nDT,timeHin,bias,LL,BIC,AIC
1.7307793016551731,-1.981698243941835,0.9754485818531466,0.970494563909503,-0.19123730695300042,-0.775159646455424,196.46982058289228,415.7796161044065,404.93964116578456
