d_t,d_h,thres,nDT,timeHin,bias,LL,BIC,AIC
1.977153164005873,-1.9988343582830017,1.930963001526142,0.9716703807287365,-0.10192558318392185,-0.4955337397557823,230.0144509170121,485.1668302861828,472.0289018340242
