d_t,d_h,thres,nDT,timeHin,bias,LL,BIC,AIC
1.912006438625859,-1.9983223823336178,2.828451956436038,0.983868911238795,-0.09818687083994704,-0.8838647530949749,293.8846621042987,614.4252317475392,599.7693242085974
