d_t,d_h,thres,nDT,timeHin,bias,LL,BIC,AIC
-1.9969919054047647,-1.9975999183581843,2.2648030046681162,0.9755810586435445,-0.13949528033936076,-0.10260981668470084,249.17757253830928,524.0151417907149,510.35514507661856
