d_t,d_h,thres,nDT,timeHin,bias,LL,BIC,AIC
1.9403692206222791,-1.9960838473138711,1.3583649322274711,0.9850995847301336,-0.0406942173377622,-0.9743901306734741,271.93876424084124,569.8619285234005,555.8775284816825
