d_t,d_h,thres,nDT,timeHin,bias,LL,BIC,AIC
-1.9263277831584649,-1.993628109735139,1.5309532994404433,0.9463167805701073,-0.1437818709148682,-0.20233711996883977,231.3986795048843,487.2625836732029,474.7973590097686
