d_t,d_h,thres,nDT,timeHin,bias,LL,BIC,AIC
-1.9500587413407315,-1.9991542271576843,2.2176891239807235,0.9760613002876569,-0.1692756646724347,0.31006117676928685,279.4576973105569,585.1320817359159,570.9153946211138
