d_t,d_h,thres,nDT,timeHin,bias,LL,BIC,AIC
-1.8887233081301618,-1.9533320625105834,1.1516511037991628,0.9948224147624506,-0.07154429280104097,-0.9999413835522678,296.826413114853,613.6460532907572,605.652826229706
