d_t,d_h,thres,nDT,timeHin,bias,LL,BIC,AIC
-1.9944856072214607,-1.996276924472206,1.7090564642379031,0.994324690330023,-0.04037041134065006,-0.750755109939243,232.42448289574392,490.16601202254446,476.84896579148784
