d_t,d_h,thres,nDT,timeHin,bias,LL,BIC,AIC
1.9923820543444504,-1.9958388383541774,1.5661079087963177,0.9731044201454606,-0.16222984716633482,-0.7271345188571039,286.1170296789295,598.218459399577,584.234059357859
