d_t,d_h,thres,nDT,timeHin,bias,LL,BIC,AIC
1.9532853752970194,-1.998874571930944,2.575890855118632,0.984677735127254,-0.06594519888514941,-0.9065624413634684,308.86172306135154,644.0156059307463,629.7234461227031
