d_t,d_h,thres,nDT,timeHin,bias,LL,BIC,AIC
1.8038588510053424,-1.998260641980495,0.6547437299515241,0.9793733655193363,-0.15083500907288075,-0.44213598109189467,280.98644480516947,588.2650494183822,573.9728896103389
