d_t,d_h,thres,nDT,timeHin,bias,LL,BIC,AIC
-0.26062551729123135,-1.9997581346281836,1.4391929129996721,0.9830913326921279,-0.046604275160965034,-0.765201121588772,297.88269511759927,622.49147401271955,607.7653902351985
