d_t,d_h,thres,nDT,timeHin,bias,LL,BIC,AIC
1.9974337188827864,-1.9933536200301043,1.2402867334509005,0.9835012011717267,-0.18387940681580603,-0.9245212884583967,287.09360924047905,600.5539134089927,586.1872184809581
