d_t,d_h,thres,nDT,timeHin,bias,LL,BIC,AIC
-1.840020147148799,-1.9866630891688828,1.7608677406342306,0.9943235184672968,-0.0626845377666955,-0.9998877843950105,255.60918874738707,536.794456757022,523.2183774947741
