d_t,d_h,thres,nDT,timeHin,bias,LL,BIC,AIC
1.9994953386871224,-1.9964953604052549,2.873884836088517,0.9940315583362707,-0.07041616123721958,-0.814369537395934,247.60025592250847,520.9432684919072,507.20051184501693
