d_t,d_h,thres,nDT,timeHin,bias,LL,BIC,AIC
-1.8243519245490707,-1.9991288150023134,2.7035142775453602,0.9764860733078241,-0.16717910453901674,0.13988970262020275,292.1542894545546,610.964486448051,596.3085789091092
