d_t,d_h,thres,nDT,timeHin,bias,LL,BIC,AIC
-1.7752880051232636,-1.9948216690378155,0.9896478670801839,0.9829724494792038,-0.1594546326151099,-0.4603246646588792,298.73531944896587,624.1967226754527,609.4706388979317
