d_t,d_h,thres,nDT,timeHin,bias,LL,BIC,AIC
0.25731399677610706,-1.9806323952662213,1.2020440958440304,0.9851074562367935,-0.0318844667642743,-0.9465144717330743,194.7164597468122,411.8589372033246,401.4329194936244
