d_t,d_h,thres,nDT,timeHin,bias,LL,BIC,AIC
-1.964836245076539,-1.9997651605857132,2.8126578799645388,0.9756889033378807,-0.17326654296740565,0.04189427756137583,199.18817371421366,422.7390054917058,410.3763474284273
