d_t,d_h,thres,nDT,timeHin,bias,LL,BIC,AIC
-1.974595953445603,-1.8954013923932311,2.866488093137741,0.9945262486648899,-0.07234369611962499,-0.9994807407248371,262.5920502396264,551.0890291604707,537.1841004792528
