d_t,d_h,thres,nDT,timeHin,bias,LL,BIC,AIC
-1.9957444842238317,-1.9972897138130883,0.8133464962586319,0.984362810478321,-0.026668836398284514,-0.7166671751393673,292.75601505543386,611.8787250389023,597.5120301108677
