d_t,d_h,thres,nDT,timeHin,bias,LL,BIC,AIC
1.9919968691245942,-1.9988214415298442,1.6230520004809241,0.9753090155953237,-0.11977422049879768,0.3269161457134815,280.79606434220267,588.0324441679909,573.5921286844053
