d_t,d_h,thres,nDT,timeHin,bias,LL,BIC,AIC
1.9851378263296484,-1.9971296159827954,2.1973281711165655,0.9842922814272953,-0.12510431409032216,-0.6719885388522744,267.0261088841415,560.036617810001,546.052217768283
