d_t,d_h,thres,nDT,timeHin,bias,LL,BIC,AIC
-1.9998838838718858,-1.998263382697193,0.9264989987915406,0.9759778967510735,-0.05928965495744532,0.6312838303531728,300.70809151218987,628.2802039112489,613.4161830243797
