d_t,d_h,thres,nDT,timeHin,bias,LL,BIC,AIC
1.9889662951835996,-1.999506574874111,0.6591983937660745,0.9787579575926956,-0.04642320214323463,-0.7262410364626015,223.30451756610057,471.65535875157497,458.60903513220114
