d_t,d_h,thres,nDT,timeHin,bias,LL,BIC,AIC
1.9590628891774655,-1.9937174551830872,2.0330073086137714,0.9820817255904287,-0.09388919749552452,-0.9154950533216721,304.6231876338077,635.6866907512009,621.2463752676153
