d_t,d_h,thres,nDT,timeHin,bias,LL,BIC,AIC
1.9540548746490671,-1.9980597278977188,1.5358916149128345,0.9943771664819439,-0.056363082422694034,-0.9981999124515397,277.639112214393,581.494911543588,567.278224428786
