d_t,d_h,thres,nDT,timeHin,bias,LL,BIC,AIC
1.939555181923162,-1.9958473025323182,1.6781157826297883,0.9735873074640977,-0.09916059400708233,0.10855881553192648,291.81650451593543,610.2889165708127,595.6330090318709
