d_t,d_h,thres,nDT,timeHin,bias,LL,BIC,AIC
1.8869371336428238,-1.9991180607278993,2.540935199415706,0.99438437987958594,-0.06840030474167157,-0.9832050022629557,235.46824774311062,496.34113451380483,482.93649548622125
