d_t,d_h,thres,nDT,timeHin,bias,LL,BIC,AIC
-1.9858288735681882,-1.9988568477328044,1.9186818116626938,0.9838651692050572,-0.18326286417734086,-0.7593024522025562,292.60907304068223,611.8740536203063,597.2181460813645
