d_t,d_h,thres,nDT,timeHin,bias,LL,BIC,AIC
-1.9801018856107007,-1.9952166131643776,1.1704135855659843,0.9769939973835366,-0.12245968909245006,0.6908773502469077,279.20595391862577,584.8522233208371,570.4119078372515
