d_t,d_h,thres,nDT,timeHin,bias,LL,BIC,AIC
1.8711006113190278,-1.9997088415813555,2.007212943328208,0.9838074436289197,-0.15919056922492453,-0.7916188033911655,279.38777725261764,584.9158074653728,570.7755545052353
