d_t,d_h,thres,nDT,timeHin,bias,LL,BIC,AIC
-1.9978585204618158,-1.986376392327362,1.3629739357671418,0.9936520930444144,-0.04484632485669194,-0.9887384822481862,157.2668076246504,337.50546362823536,326.5336152493008
