d_t,d_h,thres,nDT,timeHin,bias,LL,BIC,AIC
1.8285707876463804,-1.9939704282873925,1.8238700348553996,0.9941468648151922,-0.06200640173789533,-0.8822285128737927,282.8719451908015,592.2569340283826,577.743890381603
