d_t,d_h,thres,nDT,timeHin,bias,LL,BIC,AIC
1.9773675786026925,-1.998947526665878,2.8893431944772603,0.9845164159761249,-0.08366817818981401,-0.7944464717972702,160.29196736883085,343.684820347922,332.5839347376617
