d_t,d_h,thres,nDT,timeHin,bias,LL,BIC,AIC
-1.3356598163862836,-1.9945027931490378,2.56511180774762,0.9942407334712833,-0.059187955971990704,-0.9999478439828584,300.78051977904835,625.6050386694915,613.5610395580967
