d_t,d_h,thres,nDT,timeHin,bias,LL,BIC,AIC
0.7516898680957899,-1.9991763511936393,2.52919246771509,0.9785135495421954,-0.107658042835052,-0.6053784985668783,288.7597375133752,604.1753825656923,589.5194750267505
