d_t,d_h,thres,nDT,timeHin,bias,LL,BIC,AIC
-1.7952627245704729,-1.9957888045499605,2.943205603770912,0.9823004383229517,-0.1410138121672988,-0.8796559633073893,304.577953802831,635.4480674137053,621.155907605662
