d_t,d_h,thres,nDT,timeHin,bias,LL,BIC,AIC
1.9972914809591442,-1.99955377518257,1.7912159115960136,0.9945289552660312,-0.042403565942685635,-0.9980161920001005,245.96090211427315,517.4978834907942,503.9218042285463
