d_t,d_h,thres,nDT,timeHin,bias,LL,BIC,AIC
-1.979455652537502,-1.997695112414077,2.0120400442698165,0.9805521693889293,-0.04673998667996098,0.8859258928240947,194.3300781032551,412.91846381351746,400.6601562065102
