d_t,d_h,thres,nDT,timeHin,bias,LL,BIC,AIC
-0.7241209377064325,-1.9989439150157073,0.7972006492316722,0.994209306961793,-0.17274532255719754,-0.600859970016116,202.13851943750424,428.7422635384428,416.2770388750085
