d_t,d_h,thres,nDT,timeHin,bias,LL,BIC,AIC
1.7890160482363449,-1.99816746606454,1.4400405921603272,0.9763831282880081,-0.1803743951840678,-0.15900981278148857,302.9695801085931,632.7346089291137,617.9391602171862
