d_t,d_h,thres,nDT,timeHin,bias,LL,BIC,AIC
-1.233882397431696,-1.9821962538134925,2.8361568888248456,0.9928291877816096,-0.33055791072547436,-0.9929370328102183,288.04750561363625,597.9205281856308,588.0950112272725
