d_t,d_h,thres,nDT,timeHin,bias,LL,BIC,AIC
0.8368415967203624,-1.9953476040314932,2.1048629086805306,0.9861319573651675,-0.17680447439851937,-0.9590373583098288,293.4705478291358,613.0813486184092,598.9410956582716
