d_t,d_h,thres,nDT,timeHin,bias,LL,BIC,AIC
1.875917431628264,-1.9894594186305496,2.7051446381296147,0.9834344244311116,-0.17324383579081995,-0.7167177418201749,305.240110728269,637.2756701684655,622.480221456538
