d_t,d_h,thres,nDT,timeHin,bias,LL,BIC,AIC
-1.9790738322326848,-1.999058267839869,1.6249709115495512,0.9853968817171258,-0.1095462375189609,-0.8219015122253652,307.33369186541404,641.5314046176973,626.6673837308281
