d_t,d_h,thres,nDT,timeHin,bias,LL,BIC,AIC
1.6744358627531808,-1.994895877740338,2.7963991015158953,0.9859410668698323,-0.17488409020709653,-0.7949315971830818,284.78066315215443,595.9280212323436,581.5613263043089
