d_t,d_h,thres,nDT,timeHin,bias,LL,BIC,AIC
1.9623284673713195,-1.9984499258007067,2.24982018740927,0.9679305449582188,-0.16229874985164058,-0.1349449551650211,306.9357792871636,640.6670072862547,625.8715585743272
