d_t,d_h,thres,nDT,timeHin,bias,LL,BIC,AIC
-1.3493187222214553,-1.9989890559314347,2.323719645291567,0.9885304330968565,-0.09351217214950272,-0.6731211385369115,290.17357227064656,607.003052080235,592.3471445412931
