d_t,d_h,thres,nDT,timeHin,bias,LL,BIC,AIC
1.2594469163056177,-1.9990637174909345,2.4994892850270727,0.9921651104821709,-0.06767278063709109,-0.8869401703032028,249.48799213794166,524.4669557281795,510.9759842758833
