d_t,d_h,thres,nDT,timeHin,bias,LL,BIC,AIC
-1.9974853412632747,-1.9975419395243745,0.8114309761673212,0.9773607163413697,-0.10028422973906179,-0.4511729271138756,277.5748453089354,581.5900061014563,567.1496906178708
