d_t,d_h,thres,nDT,timeHin,bias,LL,BIC,AIC
1.9759254454357031,-1.9988043441315988,1.3848788571877713,0.9842605278888498,-0.1352977983642668,-0.7708435748017088,290.5156977372592,607.6873030134602,593.0313954745184
