d_t,d_h,thres,nDT,timeHin,bias,LL,BIC,AIC
1.285078369488175,-1.9976612871285808,2.5501818504797322,0.9459340462165333,-0.21982445022285918,-0.7303258534795816,317.88073039417117,658.8623463986027,647.7614607883423
