d_t,d_h,thres,nDT,timeHin,bias,LL,BIC,AIC
1.9567319094892328,-1.9978657049850581,1.0348790660243306,0.9869943482850903,-0.10849511846988899,-0.8459863236467862,294.6348861430009,615.9958560635229,601.2697722860019
