d_t,d_h,thres,nDT,timeHin,bias,LL,BIC,AIC
-1.740315484434739,-1.9993635005002832,1.1034165436389962,0.9806267800601843,-0.11469450419845946,0.15191929017598182,286.4048472086743,599.1763893453833,584.8096944173486
