d_t,d_h,thres,nDT,timeHin,bias,LL,BIC,AIC
-1.9576577888801694,-1.9943881803128796,2.220393691899616,0.9863463470439049,-0.045795567631037364,0.748542482285907,157.65724241401406,338.4153704382885,327.3144848280281
