d_t,d_h,thres,nDT,timeHin,bias,LL,BIC,AIC
-1.7593895329024116,-1.9985145050482391,1.3784305280989761,0.9946276578143721,-0.05963424263713176,-0.9998293663296915,224.82870834847375,474.2234840702801,461.6574166969475
