d_t,d_h,thres,nDT,timeHin,bias,LL,BIC,AIC
1.9429248535134236,-1.99783931796331,1.147577078758379,0.9944402028858453,-0.046003977033963944,-0.9076143559669021,191.89559060537533,408.04948881775795,395.79118121075066
