d_t,d_h,thres,nDT,timeHin,bias,LL,BIC,AIC
-1.7681231936811341,-1.9955329306908998,1.3870194382926635,0.9776884839645428,-0.09816947328118647,0.3697707049915732,296.76175104654095,620.2495858706029,605.5235020930819
