d_t,d_h,thres,nDT,timeHin,bias,LL,BIC,AIC
-1.9926854099155171,-1.9983165047933011,1.668706919994953,0.9756602091293348,-0.09772634321396005,-0.1979929628471807,284.56081624592815,595.5619479754419,581.1216324918563
