d_t,d_h,thres,nDT,timeHin,bias,LL,BIC,AIC
-1.7746200047150975,-1.9995845229414009,1.8428530284544393,0.9881430696081133,-0.11268834653929957,-0.9982360860362645,263.0624777206594,552.0298841225366,538.1249554413188
