d_t,d_h,thres,nDT,timeHin,bias,LL,BIC,AIC
-1.9805207885192646,-1.9948906423089299,1.219649654515936,0.9635053624396619,-0.1498681783475015,0.11689606599071166,217.32775529574351,459.4183169017576,446.65551059148703
