d_t,d_h,thres,nDT,timeHin,bias,LL,BIC,AIC
-1.9399619381684234,-1.9969701148620356,1.2120783818895642,0.9860448388834644,-0.17474052824606756,-0.9214218905597639,290.84977725875007,607.8398074776377,593.6995545175001
