d_t,d_h,thres,nDT,timeHin,bias,LL,BIC,AIC
0.6289946846663952,-1.9872971499935654,1.0323051077958505,0.9814712676260334,-0.048872174229472876,-0.8734599768003108,270.9250386743924,563.9833540734684,553.8500773487848
