d_t,d_h,thres,nDT,timeHin,bias,LL,BIC,AIC
1.906591255874452,-1.9936695425559836,0.9694777620889499,0.9768322752769892,-0.059669747896283626,-0.8555491876004863,75.35745127874038,169.26115727763067,162.71490255748077
