d_t,d_h,thres,nDT,timeHin,bias,LL,BIC,AIC
-1.988789083469888,-1.9963063140295967,1.2870576371518885,0.9829049948160603,-0.131407148669878,-0.39721818686022536,280.68180451656366,587.8039245167129,573.3636090331273
