d_t,d_h,thres,nDT,timeHin,bias,LL,BIC,AIC
1.7328676644523486,-1.9968317243753864,2.53150624204427,0.9944913301298911,-0.1285117617817392,-0.9077812538598088,240.58629315615266,505.9353926225759,493.1725863123053
