d_t,d_h,thres,nDT,timeHin,bias,LL,BIC,AIC
-1.9804750264654567,-1.9956613774145278,1.8144370879894547,0.9722089857011755,-0.17943417937952838,0.5057530914548592,198.72132590029867,421.7009594076046,409.44265180059733
