d_t,d_h,thres,nDT,timeHin,bias,LL,BIC,AIC
-1.9786667616271325,-1.9941313227319981,2.862605629635097,0.9807169665176341,-0.13051957360769356,-0.08990366812024514,241.79156289640028,508.81128150914634,495.58312579280056
