d_t,d_h,thres,nDT,timeHin,bias,LL,BIC,AIC
1.6554625907452984,-1.9926358715667711,1.303359956368804,0.9914054645942694,-0.053706057112520945,-0.7657717325426392,283.2696691432425,593.12423907954485,578.539338286485
