d_t,d_h,thres,nDT,timeHin,bias,LL,BIC,AIC
1.9568460981844074,-1.9982084710538115,0.6187493121251464,0.9953212704787154,-0.051185860767219864,-0.9430587342625288,275.72468935372183,577.8896941910292,563.4493787074437
