d_t,d_h,thres,nDT,timeHin,bias,LL,BIC,AIC
1.9797572332902065,-1.9997610548723526,1.1863562717438236,0.9757860753088513,-0.16180798500798269,-0.6001043783598625,174.98957077592476,373.4512795844184,361.9791415518495
