d_t,d_h,thres,nDT,timeHin,bias,LL,BIC,AIC
-1.9964959748335265,-1.9911781546994132,2.9350777321473176,0.9957163421634276,-0.16192078042941224,-0.9350145405335636,286.642113910227,599.6509227484887,585.284227820454
