d_t,d_h,thres,nDT,timeHin,bias,LL,BIC,AIC
1.3798963605822325,-1.9999783922628067,1.906434356421232,0.9942019059520254,-0.051608807585206536,-0.6989162372024688,295.3800822889076,617.6241854646844,602.7601645778152
