d_t,d_h,thres,nDT,timeHin,bias,LL,BIC,AIC
1.9470601689388085,-1.9434626737883276,1.7811453262832166,0.9843517814782228,-0.17163299632426648,-0.8466258102904419,288.4154294047185,603.3439024562166,588.830858809437
