d_t,d_h,thres,nDT,timeHin,bias,LL,BIC,AIC
-0.33137118082424366,-1.9970203324922042,1.0344012268164302,0.9834757484619544,-0.01969057831314556,-0.544470840426912,80.9599958792782,180.7329570541313,173.9199917585564
