d_t,d_h,thres,nDT,timeHin,bias,LL,BIC,AIC
1.9896740713614776,-1.9938295491828582,1.5787433100892567,0.9759942665844978,-0.16386296576700438,-0.8711302095715094,275.82025301547094,577.6249060726599,563.6405060309419
