d_t,d_h,thres,nDT,timeHin,bias,LL,BIC,AIC
-1.8689452523138408,-1.9900301325857304,1.6692655722051861,0.9677552115573728,-0.09179905505682713,0.5555305169916611,161.53401891159422,346.16892343344875,335.06803782318843
