d_t,d_h,thres,nDT,timeHin,bias,LL,BIC,AIC
-1.9915760978525126,-1.9994063472657124,1.4147081684808602,0.9908931163935601,-0.12636023981502503,-0.9951092707033371,277.97985228245136,581.7024612117931,567.9597045649027
