d_t,d_h,thres,nDT,timeHin,bias,LL,BIC,AIC
1.9995686465778604,-1.9952611544577121,1.8622400067496978,0.9727489543629849,-0.11572845408776676,-0.6994364928723859,282.3619657844041,590.8641845289458,576.7239315688082
