d_t,d_h,thres,nDT,timeHin,bias,LL,BIC,AIC
1.9841256888918102,-1.991477409249961,2.3511281898494443,0.9943273134454103,-0.05592968784056446,-0.9348591488244591,270.5706811040628,566.6323336604219,553.1413622081257
