d_t,d_h,thres,nDT,timeHin,bias,LL,BIC,AIC
1.9095844532666322,-1.9963768046409383,1.6874744536355135,0.9947103260376736,-0.074983420237802,-0.9943219247406604,283.95580972259796,593.6543760920863,579.9116194451959
