d_t,d_h,thres,nDT,timeHin,bias,LL,BIC,AIC
-1.9536872287044837,-1.99939407729218,0.8120263690920851,0.9846211230015814,-0.19983065991504476,-0.64766349182492,282.2658502815828,590.8983954912003,576.5317005631656
