d_t,d_h,thres,nDT,timeHin,bias,LL,BIC,AIC
-0.29993133658256643,-1.997630490001484,2.412203049143799,0.9944908542330275,0.0032858925436469767,-0.8872513678255717,290.66108207113984,607.1465547015047,593.3221641422797
