d_t,d_h,thres,nDT,timeHin,bias,LL,BIC,AIC
1.925103824839746,-1.9794765656117583,2.9678061754154594,0.9750502424103125,-0.1574785715162996,-0.42038255849921946,97.1031935988658,213.7549664258605,206.2063871977316
