d_t,d_h,thres,nDT,timeHin,bias,LL,BIC,AIC
1.998230214980627,-1.999600286769528,1.5942135762423275,0.9773302861346016,-0.1488221724479944,0.24360680043768385,295.88491047547603,618.2828645977316,603.7698209509521
