d_t,d_h,thres,nDT,timeHin,bias,LL,BIC,AIC
1.995652022913888,-1.9968774304927062,0.7771721732613937,0.9942709272345956,-0.1340971481603941,-0.9711203572992039,270.0034894077015,565.4116178429866,552.006978815403
