d_t,d_h,thres,nDT,timeHin,bias,LL,BIC,AIC
-1.9725272851203004,-1.9937732261280359,0.7652718573081567,0.9825639263445303,-0.17517446796931316,-0.8782745205691269,245.72111169843012,515.5943335412711,503.44222339686024
