d_t,d_h,thres,nDT,timeHin,bias,LL,BIC,AIC
-1.9155561344007572,-1.9921478697986457,1.6939245494676958,0.9895549951549772,-0.05321387754008278,-0.8978790350925482,250.63145886234642,525.0846692060056,513.2629177246929
