d_t,d_h,thres,nDT,timeHin,bias,LL,BIC,AIC
-1.9311357987586095,-1.9859979803896484,1.4184950139373542,0.994141031880007,-0.05817094121425216,-0.999448797504421,304.0478961521335,634.4624872323016,620.095792304267
