d_t,d_h,thres,nDT,timeHin,bias,LL,BIC,AIC
-0.7605131820060368,-1.9998003254293868,2.4975516094544497,0.9931475485109256,-0.08784165197748908,-0.92486748632246,306.98090589648416,640.1020647531059,625.9618117929683
