d_t,d_h,thres,nDT,timeHin,bias,LL,BIC,AIC
1.9945661891477524,-1.996324840198969,1.3460615710462207,0.9790013898928788,-0.1482605298320784,-0.5909647047389057,302.2513390614988,631.2287619005186,616.5026781229976
