d_t,d_h,thres,nDT,timeHin,bias,LL,BIC,AIC
0.3094348399058692,-1.999304915486719,2.825955949164927,0.9839626331090184,-0.08101763622618961,-0.8724650977273165,293.3565083994556,612.617945480129,598.7130167989112
