d_t,d_h,thres,nDT,timeHin,bias,LL,BIC,AIC
1.9816536105640206,-1.998365890923029,2.258270199580629,0.9782256515133382,-0.08576712819885071,-0.8666482964443826,258.7948843929059,543.4141593450368,529.5897687858118
