d_t,d_h,thres,nDT,timeHin,bias,LL,BIC,AIC
1.9913035411355704,-1.999289548688378,2.2051011001691223,0.9705291127560861,-0.14350441126536193,-0.42027021270212783,294.9397933052398,616.5354941494214,601.8795866104796
