d_t,d_h,thres,nDT,timeHin,bias,LL,BIC,AIC
1.971232164526614,-1.999233213465047,2.220930985118882,0.975842347493226,-0.15521487410042295,-0.5535642689348589,301.70274682642344,630.2009423647744,615.4054936528469
