d_t,d_h,thres,nDT,timeHin,bias,LL,BIC,AIC
1.9661165719854485,-1.9991750769280237,1.79093641958988,0.9752208619195427,-0.1555814077535735,-0.4565731606033978,304.279186259799,635.3538212315256,620.558372519598
