d_t,d_h,thres,nDT,timeHin,bias,LL,BIC,AIC
1.973967696028737,-1.9999258372161601,2.76296796631068,0.9843741473258847,-0.16641402601379696,-0.32097240532141247,277.9662683031154,582.224696414274,567.9325366062308
