d_t,d_h,thres,nDT,timeHin,bias,LL,BIC,AIC
1.886125070914345,-1.989917967934749,1.0324782611802221,0.9945287234357579,-0.0846783174385722,-0.9996613664148034,276.2735153109902,578.913725550015,564.5470306219804
