d_t,d_h,thres,nDT,timeHin,bias,LL,BIC,AIC
0.892259273516956,-1.9991183267941866,2.9817012886613012,0.9932949975810994,-0.006357165900025023,-0.8648028929940467,97.44956764349865,215.10291026691615,206.8991352869973
