d_t,d_h,thres,nDT,timeHin,bias,LL,BIC,AIC
1.5579506754675378,-1.9996666112796626,1.0968837076337268,0.995858159367827,-0.07516637846128005,-0.9993838452296708,269.09342214276717,564.3270972456719,550.1868442855343
