d_t,d_h,thres,nDT,timeHin,bias,LL,BIC,AIC
1.1516408429202645,-1.997235947924377,1.094539515745141,0.9925157946508341,0.003383071674932586,-0.994232081271469,100.91732157452728,222.24182743902747,213.83464314905456
