d_t,d_h,thres,nDT,timeHin,bias,LL,BIC,AIC
1.746501447403663,-1.997194279773859,1.5369897041469813,0.9663425655876512,-0.2258881291637837,-0.8870315565716951,265.842289106499,556.7309018323717,543.684578212998
