d_t,d_h,thres,nDT,timeHin,bias,LL,BIC,AIC
0.4975614299979819,-1.99182134952393,0.8788324259165579,0.9799588376726854,-0.08796507825055606,-0.7291347159497923,275.0080384978132,575.333123226683,562.0160769956263
