d_t,d_h,thres,nDT,timeHin,bias,LL,BIC,AIC
0.45503551360111316,-1.9997691300372533,1.5738577251421533,0.9795599889704655,-0.06485229164816185,-0.6374056116367112,260.2701066268814,545.3990216121119,532.5402132537628
