d_t,d_h,thres,nDT,timeHin,bias,LL,BIC,AIC
-1.962520922493702,-1.9897585077677162,1.5601677531959917,0.9726465209965727,-0.202016547651459,-0.9407436374449638,275.43570760535516,576.0995709270561,562.8714152107103
