d_t,d_h,thres,nDT,timeHin,bias,LL,BIC,AIC
1.9930886789391802,-1.9950931757113282,1.822024118321084,0.9856242043882493,-0.061018033783113525,0.5991105097397452,155.4803921104758,333.80075915957354,322.9607842209516
