d_t,d_h,thres,nDT,timeHin,bias,LL,BIC,AIC
-1.8966644252731473,-1.9985421849115699,1.3200262930757056,0.9863932523770773,-0.07281470018468494,-0.8596989047613094,284.9050845502646,596.2504845841147,581.8101691005292
