d_t,d_h,thres,nDT,timeHin,bias,LL,BIC,AIC
-1.9361706765194697,-1.9906095015514806,1.1571562185938822,0.9943641214282003,-0.1810193155510187,-0.7837610160562263,286.71129491907885,599.9356334849373,585.4225898381577
