d_t,d_h,thres,nDT,timeHin,bias,LL,BIC,AIC
-1.967317265624241,-1.994697791095774,1.2908795200758878,0.9763606166230142,-0.15632026568399654,0.5581609615591748,258.2174123203049,542.3397533218276,528.4348246406098
