d_t,d_h,thres,nDT,timeHin,bias,LL,BIC,AIC
1.9778943721357742,-1.9987232730483435,1.6540172474942452,0.9758539174533558,-0.11333997955622928,-0.014007280983699251,275.43311569859094,576.929063928304,562.8662313971819
