d_t,d_h,thres,nDT,timeHin,bias,LL,BIC,AIC
1.9825560968721216,-1.9999290562298202,1.8827189702670473,0.9942711817952722,-0.039829551791380924,-0.9500351905890736,283.53912428642803,593.663149365916,579.0782485728561
