d_t,d_h,thres,nDT,timeHin,bias,LL,BIC,AIC
1.925843208798506,-1.9908637397726783,2.109813398681581,0.9774382064845881,-0.07300862227330712,0.48088335323890674,246.28235674672072,518.2247102075378,504.56471349344145
