d_t,d_h,thres,nDT,timeHin,bias,LL,BIC,AIC
-1.1939329231493785,-1.9999463050912467,2.4404651135729054,0.9684427081026061,-0.12244463716887788,0.4121425710713078,303.64473885092696,634.1534985887231,619.2894777018539
