d_t,d_h,thres,nDT,timeHin,bias,LL,BIC,AIC
-1.9992288137512373,-1.9999645763738996,2.5911197870928238,0.9870723566277637,-0.03009742582911804,-0.6377246753426491,139.04881174716198,300.2309002190076,290.09762349432395
