d_t,d_h,thres,nDT,timeHin,bias,LL,BIC,AIC
-1.2927299106099195,-1.994180072365319,2.889101935862903,0.9758696031116302,-0.1452383082599289,-0.18806009895879017,292.89888622884524,612.4536799966323,597.7977724576905
