d_t,d_h,thres,nDT,timeHin,bias,LL,BIC,AIC
-1.9353375592817321,-1.9997656263434973,1.9873367164995854,0.9760131782770515,-0.1685633566304801,-0.3647521165985631,261.4625177860099,548.9094356137379,534.9250355720199
