d_t,d_h,thres,nDT,timeHin,bias,LL,BIC,AIC
1.7357748646648228,-1.9413922448536844,1.2205480462036782,0.9954224346409642,-0.04897705778653445,-0.9997408665681415,289.75833272120457,603.9818901058435,591.5166654424091
