d_t,d_h,thres,nDT,timeHin,bias,LL,BIC,AIC
1.6316406575103175,-1.9970297579253196,1.0852024749062792,0.9948777229938716,-0.11150493517201392,-0.9996394697862694,121.19872247465851,263.8985585800537,254.39744494931702
