d_t,d_h,thres,nDT,timeHin,bias,LL,BIC,AIC
1.9291132199755716,-1.994326288198401,2.0189567069097634,0.9941008740436986,-0.05852310698899295,-0.9998566483795809,297.45959006046195,620.2362263519806,606.9191801209239
