d_t,d_h,thres,nDT,timeHin,bias,LL,BIC,AIC
-1.8524074549842686,-1.9984041127630883,1.5242459352351838,0.9932029777347171,-0.1528976257594417,-0.9686161835846325,293.832011228715,612.9810686884866,599.66402245743
