d_t,d_h,thres,nDT,timeHin,bias,LL,BIC,AIC
1.8405825830583362,-1.9982293239923534,2.0505201951240983,0.9862364038634248,-0.11594684116092108,-0.9995187252221278,262.5891188937741,549.5408958508268,537.1782377875483
