d_t,d_h,thres,nDT,timeHin,bias,LL,BIC,AIC
1.9998891816725826,-1.992930618207012,1.6376781061670103,0.9919993488221066,-0.1576364331524631,-0.9972058870360482,239.90987101433348,500.4236652555778,491.81974202866695
