d_t,d_h,thres,nDT,timeHin,bias,LL,BIC,AIC
0.2839380019820579,-1.9907902995136442,1.6078011574032174,0.9770057078517312,-0.7603009085324258,-0.9201303246236159,252.48468088394276,525.5732849947964,516.9693617678855
