d_t,d_h,thres,nDT,timeHin,bias,LL,BIC,AIC
-0.11991225073266484,-1.9939341166554,0.8541496326291655,0.9687329317434902,0.009301199837915192,-0.6343082051473632,125.01403669868873,271.5291870281141,262.02807339737745
