d_t,d_h,thres,nDT,timeHin,bias,LL,BIC,AIC
1.9908472506831598,-1.9996769518639865,1.3962651946173683,0.9873034523092693,-0.030611022330865368,-0.9213348306126815,171.39750147133142,365.8958885529232,354.79500294266285
