d_t,d_h,thres,nDT,timeHin,bias,LL,BIC,AIC
1.9358307618252673,-1.9704884024312335,1.3468705342559912,0.9729108720314872,-0.13067179318924912,-0.692452079311781,180.66084222793492,384.7938224884387,373.32168445586984
