d_t,d_h,thres,nDT,timeHin,bias,LL,BIC,AIC
1.6429998190129793,-1.9975564535572445,0.8919543543864277,0.9943208395579171,-0.036484493442732115,-0.757566207233306,234.73285108988728,494.9566736320707,481.46570217977455
