d_t,d_h,thres,nDT,timeHin,bias,LL,BIC,AIC
-1.971409179850432,-1.9974603802708961,1.758543859074182,0.9860742843274258,-0.10302615768692895,0.3796718353269919,277.3132548191275,580.8431967530571,566.626509638255
