d_t,d_h,thres,nDT,timeHin,bias,LL,BIC,AIC
1.4616379224263485,-1.99633923789517,2.8469751922245345,0.9680083691840737,-0.18792190522610952,-0.7981636007408116,126.98163899255397,275.6287854609733,265.96327798510794
