d_t,d_h,thres,nDT,timeHin,bias,LL,BIC,AIC
0.98422417837246,-1.9976989537013574,1.6051803823437127,0.9818731815641966,-0.0905147611148672,-0.6390234897426577,289.20205617830584,604.9890131496716,590.4041123566117
