d_t,d_h,thres,nDT,timeHin,bias,LL,BIC,AIC
-1.9318177257571099,-1.989741164849301,2.1221632039893064,0.9837897935334405,-0.07748226327527934,-0.8296739371909319,290.60302257340555,606.5230913778678,593.2060451468111
