d_t,d_h,thres,nDT,timeHin,bias,LL,BIC,AIC
0.516492373834337,-1.9981979336078324,1.5205610645511611,0.9948361778106884,-0.03687633953165616,-0.9550364734051613,283.1612167155384,592.2273621122946,578.3224334310768
