d_t,d_h,thres,nDT,timeHin,bias,LL,BIC,AIC
1.9649648769087593,-1.9954132006707437,2.1235649718486416,0.9839746593571327,-0.08431607599510392,-0.8273805118202258,267.3518447950791,560.9203767049603,546.7036895901582
