d_t,d_h,thres,nDT,timeHin,bias,LL,BIC,AIC
0.6446411345595946,-1.9906861183660551,2.8847895417259326,0.9946742545633714,-0.09317625556827822,-0.9843023306637084,285.16950067630376,595.2922998527655,582.3390013526075
