d_t,d_h,thres,nDT,timeHin,bias,LL,BIC,AIC
-1.8838205309584737,-1.9986511871687682,1.2233300673029865,0.9754854656528401,-0.14119600322957865,0.40220273961619046,245.6102962248734,516.6252314773303,503.2205924497468
