d_t,d_h,thres,nDT,timeHin,bias,LL,BIC,AIC
-1.9579712145930963,-1.9918537490498884,2.6401455604803803,0.9857993444405744,-0.19556883703118533,-0.937934190402434,264.26879212156445,554.0285556954251,540.5375842431289
