d_t,d_h,thres,nDT,timeHin,bias,LL,BIC,AIC
1.9694817992575273,-1.9992252245655366,1.827818661567492,0.9828501601916313,-0.17370574108573422,-0.8351984041275557,306.1424773162186,639.0110384099582,624.2849546324372
