d_t,d_h,thres,nDT,timeHin,bias,LL,BIC,AIC
1.8308605132624507,-1.9998491832011032,2.819053046219051,0.9837473846209349,-0.14828516229651723,0.7644310432437466,246.0069484072267,517.5048682667496,504.0138968144534
