d_t,d_h,thres,nDT,timeHin,bias,LL,BIC,AIC
-1.9133045172825085,-1.9996914596714896,1.1409112206101417,0.9940523523111809,-0.17140634873537267,-0.997752588662139,302.68653962271236,629.4170783568195,617.3730792454247
