d_t,d_h,thres,nDT,timeHin,bias,LL,BIC,AIC
1.9096702028177528,-1.999570391931734,2.0905145417068476,0.9838793475436947,-0.044067103039619485,-0.9492885966780915,271.6011478653263,568.6932671829488,555.2022957306526
