d_t,d_h,thres,nDT,timeHin,bias,LL,BIC,AIC
1.984739393874972,-1.9935552377322971,1.4433606915514954,0.9731391210227646,-0.16775653550328534,-0.5929956976291888,310.99358454625747,648.6430766314568,633.9871690925149
