d_t,d_h,thres,nDT,timeHin,bias,LL,BIC,AIC
1.9709159584284675,-1.9940934263773193,1.1589937742969143,0.9943734411328946,-0.06593731200157187,-0.9994500248335166,293.215575701412,610.7938094661025,598.431151402824
