d_t,d_h,thres,nDT,timeHin,bias,LL,BIC,AIC
-1.9280477884847727,-1.998431302850022,2.3075166688348583,0.9944032262803792,-0.027642843362359712,-0.9154563168643748,265.51785958964894,557.2524062941,543.0357191792979
