d_t,d_h,thres,nDT,timeHin,bias,LL,BIC,AIC
1.9047762139541122,-1.996434408940024,2.3166965891652582,0.9910988947125655,-0.1199358662961582,-0.8605075613758302,250.4498259775453,526.7240425143156,512.8996519550906
