d_t,d_h,thres,nDT,timeHin,bias,LL,BIC,AIC
-0.22322743887008062,-1.9993872520194702,1.3182446245104076,0.9941208420525305,-0.6752843033111983,-0.7853560280205302,274.3445690016296,574.9812978113025,560.6891380032592
