d_t,d_h,thres,nDT,timeHin,bias,LL,BIC,AIC
1.9803394320396803,-1.9902062125571438,0.9761502873844325,0.9888209300601678,-0.07295799292228762,-0.5818964382678252,204.47459570145207,433.51525877623675,420.94919140290415
