d_t,d_h,thres,nDT,timeHin,bias,LL,BIC,AIC
-1.7068414620598151,-1.9962122488944047,2.5597040577091326,0.99706131583448,-0.0012945834658999289,0.9744038895295528,100.29293461715932,219.39883452989352,212.58586923431864
