d_t,d_h,thres,nDT,timeHin,bias,LL,BIC,AIC
1.9768256622727054,-1.9945926390394915,1.67742470018477,0.9838405333869983,-0.058776738285532724,-0.8542981651044158,248.76312087149407,523.0172131952843,509.52624174298813
