d_t,d_h,thres,nDT,timeHin,bias,LL,BIC,AIC
1.9970725078757665,-1.9969957069527198,1.8342699307810872,0.9832962919303303,-0.045315204937072896,-0.8596630780989805,192.12544275032064,407.95834781212983,396.2508855006413
