d_t,d_h,thres,nDT,timeHin,bias,LL,BIC,AIC
1.9709504604033314,-1.9968916334374125,1.3006600367360854,0.9767850204394147,-0.05715523667419671,-0.7615091032091643,245.65670401918263,516.7180470659488,503.31340803836525
