d_t,d_h,thres,nDT,timeHin,bias,LL,BIC,AIC
1.8385021135665105,-1.9990131180990964,1.2196206753463248,0.9943019923706803,-0.12486149829359655,-0.955577847305334,247.37226730059712,520.4872912480846,506.74453460119423
