d_t,d_h,thres,nDT,timeHin,bias,LL,BIC,AIC
1.0318392619312278,-1.9975490542885461,2.724958248213099,0.9933788540596812,-0.060756953529512124,-0.9258702960711704,305.34246820569155,637.616754629776,622.6849364113831
