d_t,d_h,thres,nDT,timeHin,bias,LL,BIC,AIC
-1.987413225292408,-1.998791465958251,0.98089739672843,0.9833312334444746,-0.12252251956795855,-0.7016177052279198,255.44917539963686,536.4744300615216,522.8983507992737
