d_t,d_h,thres,nDT,timeHin,bias,LL,BIC,AIC
0.5633082074453424,-1.978821963343774,2.6605330728685925,0.9832615837589928,-0.042884935511897614,-0.8366295974204883,287.2261490296443,600.9653417060682,586.4522980592886
