d_t,d_h,thres,nDT,timeHin,bias,LL,BIC,AIC
1.857904251764721,-1.9983552174161747,1.3188879055124685,0.9851487230932153,-0.0739091992168881,-0.8944068128388751,201.02126565061968,426.1946414456503,414.04253130123936
