d_t,d_h,thres,nDT,timeHin,bias,LL,BIC,AIC
1.9140374515763392,-1.9952852098024088,2.6739858037530597,0.9842766003604205,-0.027899096486829512,-0.9111880389369232,62.063536601288625,141.46930374995424,136.12707320257726
