d_t,d_h,thres,nDT,timeHin,bias,LL,BIC,AIC
0.7093241050601866,-1.9976444818941717,1.3714965513550994,0.9940598867511824,0.006356022012651622,-0.9986532314460649,53.999991946436595,124.63551622631188,119.99998389287319
