d_t,d_h,thres,nDT,timeHin,bias,LL,BIC,AIC
-1.9936130787776913,-1.9988801624662473,1.9351989026804013,0.9731900050681879,-0.1462542800978207,-0.0704851203246432,309.07815541503885,645.0881290484706,630.1563108300777
