d_t,d_h,thres,nDT,timeHin,bias,LL,BIC,AIC
1.6967282302574236,-1.9964043223719945,1.7174131436059104,0.9826547127491873,-0.14929884883254294,-0.4551561929956866,309.82177515699226,646.438999025912,631.6435503139845
