d_t,d_h,thres,nDT,timeHin,bias,LL,BIC,AIC
-1.963330964987191,-1.9985419403721858,1.5191602655132868,0.972206690809368,-0.1479811686191163,0.15169135230821307,302.1649852057734,631.1254191234743,616.3299704115468
