d_t,d_h,thres,nDT,timeHin,bias,LL,BIC,AIC
1.9156170622153337,-1.9955132462456355,2.437632104476034,0.9971996454264517,-0.046216628092283885,-0.9974674527019332,160.8927908085252,343.91885834173405,333.7855816170504
