d_t,d_h,thres,nDT,timeHin,bias,LL,BIC,AIC
-1.9883783292535717,-1.998503661915662,0.6589807590489163,0.9929404654625265,-0.17191887271014755,-0.8682082094225446,277.9589055868816,582.1344982885653,567.9178111737632
