d_t,d_h,thres,nDT,timeHin,bias,LL,BIC,AIC
-1.973942469265175,-1.9999001220395842,1.7943379636096115,0.9838886924479078,-0.05858688766511573,-0.7513335822716807,178.82573849357965,381.35893929864784,369.6514769871593
