d_t,d_h,thres,nDT,timeHin,bias,LL,BIC,AIC
1.9810262266874397,-1.9994541065303042,1.6323396307522402,0.9637521842798271,-0.12970345258632374,-0.2114581079008449,151.93309981654565,325.99947635777494,315.8661996330913
