d_t,d_h,thres,nDT,timeHin,bias,LL,BIC,AIC
0.18930313190710826,-1.997414537161911,2.6819250001728885,0.9861081426185423,-0.0033445310174333165,-0.8442854421789299,263.37476615437043,552.7339323504589,538.7495323087409
