d_t,d_h,thres,nDT,timeHin,bias,LL,BIC,AIC
1.3531833282757315,-1.994818180020244,2.949141632686641,0.9784826734055978,-0.020288375197094775,0.7328644088215769,114.33995623411553,249.65895783702996,240.67991246823107
