d_t,d_h,thres,nDT,timeHin,bias,LL,BIC,AIC
-1.9211490473933404,-1.9954867331501536,0.9718241310438409,0.9692365306916542,-0.1494842699776862,0.6192083098578589,299.924936350427,626.575956478375,611.849872700854
