d_t,d_h,thres,nDT,timeHin,bias,LL,BIC,AIC
1.9802217087800154,-1.9983117742099403,2.544624874397729,0.9944173892847238,-0.0548059530136438,-0.9097105033689077,289.27872888440515,605.2133653077522,590.5574577688103
