d_t,d_h,thres,nDT,timeHin,bias,LL,BIC,AIC
-1.9517054318336815,-1.9976328773345247,1.6428116324216155,0.9868466431006901,-0.17131672020134867,-0.46107123544212625,290.87950279079996,608.1993210651855,593.7590055815999
