d_t,d_h,thres,nDT,timeHin,bias,LL,BIC,AIC
-1.978965810374006,-1.9991492620799063,0.9555481590771635,0.989539742960315,-0.161595097044006,-0.87481174945394935,288.3460697461991,603.1324549759837,588.6921394923982
