d_t,d_h,thres,nDT,timeHin,bias,LL,BIC,AIC
1.9788748170941082,-1.9997155232723642,1.2708746071264123,0.9402736299094439,-0.140737059261559,0.11544279865728783,120.86313316300696,262.8844294737109,253.72626632601393
