d_t,d_h,thres,nDT,timeHin,bias,LL,BIC,AIC
1.939474893139014,-1.9952593652692805,2.2099828169513818,0.9776758326678379,-0.14623011103029637,-0.22540299594465837,293.95936896109106,614.574645461124,599.9187379221821
