d_t,d_h,thres,nDT,timeHin,bias,LL,BIC,AIC
1.961274709058444,-1.9995523768327672,1.0049418696243417,0.9752578274608028,-0.13204674272198835,0.22175376389072418,297.11260730695903,620.8811221528599,606.2252146139181
