d_t,d_h,thres,nDT,timeHin,bias,LL,BIC,AIC
1.9646328145580294,-1.9786739300415703,2.87114659845829,0.9949550338655893,-0.04409328789992351,-0.6642290211442192,260.8620015519189,547.7084031455558,533.7240031038378
