d_t,d_h,thres,nDT,timeHin,bias,LL,BIC,AIC
-1.9511687115158363,-1.9986719422746348,2.6938401677531383,0.9760556710118409,-0.12527919501986617,0.4226524846562861,293.78061390281306,614.217135344568,599.5612278056261
