d_t,d_h,thres,nDT,timeHin,bias,LL,BIC,AIC
1.9658367576275824,-1.9960562069197922,2.2588932899173164,0.9750716543187689,-0.1417935549237006,-0.6037005369475232,157.95549351758964,338.88283541411386,327.9109870351793
