d_t,d_h,thres,nDT,timeHin,bias,LL,BIC,AIC
1.9562434948739773,-1.993638833880473,1.7189208440203645,0.9838429821093577,-0.09174017872955421,-0.792352787782623,187.1523913371403,398.34878178567544,386.3047826742806
