d_t,d_h,thres,nDT,timeHin,bias,LL,BIC,AIC
1.7867292929491496,-1.998571337102774,2.282793402926531,0.9893217357617847,-0.13941431908603252,-0.8741960476242671,250.3463707711878,526.1837129946717,512.6927415423756
