d_t,d_h,thres,nDT,timeHin,bias,LL,BIC,AIC
-1.9653765672126622,-1.9983976076724124,1.6159699354071544,0.983811695312081,-0.09933645507473739,-0.1405776095359015,264.5937078904513,555.3276687410402,541.1874157809026
