d_t,d_h,thres,nDT,timeHin,bias,LL,BIC,AIC
-1.4305041754859904,-1.9980607165206918,1.7483758830319096,0.9835323630694067,-0.1403149798046087,-0.8656940180666538,287.3455162679885,600.5959612171948,586.691032535977
