d_t,d_h,thres,nDT,timeHin,bias,LL,BIC,AIC
1.9958740455805342,-1.9982502897124228,1.3177269412483341,0.9807892424523523,-0.14201995152577154,-0.5432234281185201,273.21563406175176,572.6479552383056,558.4312681235035
