d_t,d_h,thres,nDT,timeHin,bias,LL,BIC,AIC
1.936096907159421,-1.9994228647278516,2.221984813049695,0.9732414940700181,-0.1397274936599951,-0.18369134231739948,296.5833020554037,619.8926878883284,605.1666041108074
