d_t,d_h,thres,nDT,timeHin,bias,LL,BIC,AIC
1.1072352282261282,-1.9952760003915173,2.618025793016089,0.994699890485167,-0.10784271103380721,-0.9999348436898192,200.43567840851776,424.69310829834825,412.8713568170355
