d_t,d_h,thres,nDT,timeHin,bias,LL,BIC,AIC
-1.7584390726829073,-1.9953584017998605,0.9683839867524757,0.9945462438711684,-0.053951538047468016,-0.9138617838231045,281.3317855503498,586.0144928893634,574.6635711006996
