d_t,d_h,thres,nDT,timeHin,bias,LL,BIC,AIC
1.9599463474768863,-1.996899134396503,0.8507317339111311,0.9790575102668899,-0.13841103531100749,-0.07761972053632447,259.05169654651934,544.0083217742565,530.1033930930387
