d_t,d_h,thres,nDT,timeHin,bias,LL,BIC,AIC
-1.958662456484006,-1.9967095642180939,1.3481855459655852,0.9755921652164186,-0.12296280727974451,0.6604439762462716,263.7346822073087,553.5321969457395,539.4693644146174
