d_t,d_h,thres,nDT,timeHin,bias,LL,BIC,AIC
1.9979731906205416,-1.9985845331998393,2.4268523914938758,0.9703613600619182,-0.17860990297226353,0.0062713564724178,290.10918005885225,606.8742676566463,592.2183601177045
