d_t,d_h,thres,nDT,timeHin,bias,LL,BIC,AIC
0.3995866405092881,-1.9956309790519093,2.5547263149172066,0.9666045473111964,-0.07112188312632924,0.4740179206402248,285.9685976280504,598.4502389028804,583.9371952561008
