d_t,d_h,thres,nDT,timeHin,bias,LL,BIC,AIC
-1.930838099777233,-1.9957475941811813,1.6488359337418705,0.9944671281004643,-0.03358557213686949,-0.9670531247240377,276.69160692282816,577.3171181250419,565.3832138456563
