d_t,d_h,thres,nDT,timeHin,bias,LL,BIC,AIC
-0.8095342369519815,-1.9854209320516936,1.8598003586456633,0.9809339880311713,-0.16827334993173065,-0.8639478679884918,272.61156117336895,570.8831190608342,557.2231223467379
