d_t,d_h,thres,nDT,timeHin,bias,LL,BIC,AIC
0.6593226818858213,-1.9990608074532514,2.9778024779632686,0.9854925716646658,0.0011677650645366196,-0.8809987157796266,131.9394575200482,285.86028491687426,275.8789150400964
