d_t,d_h,thres,nDT,timeHin,bias,LL,BIC,AIC
1.7237888574520843,-1.9871504982504111,2.055392380448975,0.9941325387476717,-0.0021868378142419305,-0.9882534793769562,270.11213110650806,564.4825698200234,552.2242622130161
