d_t,d_h,thres,nDT,timeHin,bias,LL,BIC,AIC
-0.9002649616450071,-1.9942113518184532,1.2708562183765593,0.9840860105688871,-0.08628594741244065,-0.8797308104223759,51.06619623633128,118.38069367927582,114.13239247266256
