d_t,d_h,thres,nDT,timeHin,bias,LL,BIC,AIC
1.9774286221760307,-1.9917202826216245,1.3522911794463925,0.9852472306438516,-0.05251846188176791,-0.7927495471540491,292.9597946829981,612.1362764807983,597.9195893659962
