d_t,d_h,thres,nDT,timeHin,bias,LL,BIC,AIC
-0.14278333729347395,-1.9968912029785337,1.0188019076362254,0.9854744892133462,-0.05614810591335209,-0.6525073315510693,290.8592603977451,607.7029208372082,593.7185207954902
