d_t,d_h,thres,nDT,timeHin,bias,LL,BIC,AIC
0.394588914393059,-1.9958164026619274,0.6058190883854786,0.9833692641552957,-0.002277215136449103,-0.881887097029198,156.3969477631565,335.63387046493494,324.793895526313
