d_t,d_h,thres,nDT,timeHin,bias,LL,BIC,AIC
-1.9722275136268048,-1.998990949226912,0.7149317637519832,0.9941506406333297,-0.1762344406224223,-0.9068286126904586,258.243872058977,541.8923831455376,528.487744117954
