d_t,d_h,thres,nDT,timeHin,bias,LL,BIC,AIC
-1.9554694398359416,-1.9970005334464387,2.1987900336349595,0.9738661453002431,-0.08480047499476395,0.6982650008558955,99.26134091160006,218.72645680311896,210.52268182320012
