d_t,d_h,thres,nDT,timeHin,bias,LL,BIC,AIC
-0.08442602499361834,-1.9991420868502958,0.9293671876530658,0.9930096046868717,-0.040005428617920585,-0.9966542954116948,287.4210425033287,600.9049175377795,586.8420850066574
