d_t,d_h,thres,nDT,timeHin,bias,LL,BIC,AIC
-1.9742533286458828,-1.9943853348095124,1.3112110297966133,0.9676551931458792,-0.19061854484063873,-0.20513884380500866,103.87278307251523,228.15275043500338,219.74556614503047
