d_t,d_h,thres,nDT,timeHin,bias,LL,BIC,AIC
-1.9861967748690723,-1.9980673672988498,2.445722313588985,0.9861063317775444,-0.0665178648048767,0.7011256226591682,232.5825974930205,490.3933507023868,477.165194986041
