d_t,d_h,thres,nDT,timeHin,bias,LL,BIC,AIC
-0.7938556168228388,-1.999259423989133,2.6501535917133676,0.9807920603245778,-0.21656966205573236,0.6747648423133629,225.27423119469168,475.5017608895414,462.54846238938336
