d_t,d_h,thres,nDT,timeHin,bias,LL,BIC,AIC
-1.9783134449007669,-1.9976576961385208,2.620351750356727,0.9823064354665164,-0.16173102231779568,-0.8616230104131412,296.58037196897345,619.377431052749,605.1607439379469
