d_t,d_h,thres,nDT,timeHin,bias,LL,BIC,AIC
0.9015804504703172,-1.9962249323014571,1.7066667891236345,0.9862754783617695,-0.0012521617685298742,0.18621871687556885,77.21688794855336,173.2467411926816,166.43377589710673
