d_t,d_h,thres,nDT,timeHin,bias,LL,BIC,AIC
0.1843922222033143,-1.9994051774774124,2.100804882179657,0.9903878167014807,-0.984698907552442,-0.9521832159488286,162.1057370340846,347.3123596784295,336.2114740681692
