d_t,d_h,thres,nDT,timeHin,bias,LL,BIC,AIC
-1.858444212976924,-1.9930688797367926,1.0255274805121124,0.9847282358212116,-0.18006883179722272,-0.8499771956501527,294.20639213468604,614.6294713841742,600.4127842693721
