d_t,d_h,thres,nDT,timeHin,bias,LL,BIC,AIC
-1.9988752058907828,-1.9932992317992362,0.6100880973902532,0.9562631078981436,0.0316710500969985,-0.06249106724178209,105.6309244535746,231.86577213406008,223.2618489071492
