d_t,d_h,thres,nDT,timeHin,bias,LL,BIC,AIC
0.8407335942976332,-1.9986776093395546,2.179713424851045,0.9868021343128518,-0.00844269404776541,-0.39578204190249516,73.8290672284753,166.2043891771005,159.6581344569506
