d_t,d_h,thres,nDT,timeHin,bias,LL,BIC,AIC
1.957634213073796,-1.9990139461153014,1.1033977326681474,0.9838829061811952,-0.12533838086564905,-0.7966535493882505,290.3873889100839,606.9914649349699,592.7747778201679
