d_t,d_h,thres,nDT,timeHin,bias,LL,BIC,AIC
-1.9985601174475616,-1.9976762742252292,1.5878838799519475,0.9850045934917029,-0.044154347640282206,0.8848370312588133,216.44358932412695,457.74598700660306,444.8871786482539
