d_t,d_h,thres,nDT,timeHin,bias,LL,BIC,AIC
-1.0980672460502638,-1.9997180998796342,1.0737503907157797,0.9837970293318984,-0.11468760513480969,-0.6178014532305658,109.6796960205986,239.76657633117014,231.3593920411972
