d_t,d_h,thres,nDT,timeHin,bias,LL,BIC,AIC
1.9691443429702769,-1.997699091361272,2.7973275569272045,0.9846307264144117,-0.13973999227757788,-0.8207401773043405,303.9822226616404,634.4047608068663,619.9644453232808
