d_t,d_h,thres,nDT,timeHin,bias,LL,BIC,AIC
-1.9711122198903543,-1.994494648038217,1.3997754705926595,0.9775055748363383,-0.05837163708580471,0.6428062477119343,256.0525738066778,538.0100762945734,524.1051476133556
