d_t,d_h,thres,nDT,timeHin,bias,LL,BIC,AIC
-1.7646935767430374,-1.9953340939460715,1.721141853396735,0.9779771147017754,-0.11547569894066315,0.5852208692950092,240.0332931668067,505.47122536119696,492.0665863336134
