d_t,d_h,thres,nDT,timeHin,bias,LL,BIC,AIC
1.9692844968966343,-1.997445073453779,1.4377776621015177,0.9864284146991914,-0.09123741844636973,-0.5004880919799675,283.47012348044234,593.3805624444702,578.9402469608847
