d_t,d_h,thres,nDT,timeHin,bias,LL,BIC,AIC
-1.975644052557753,-1.9993604665926417,2.6169595383848385,0.9722304477480542,-0.1239382444488143,0.05509477511647015,264.65664653981247,555.297693121343,541.3132930796249
