d_t,d_h,thres,nDT,timeHin,bias,LL,BIC,AIC
1.1992653283264003,-1.9954844736416948,1.4704795042052865,0.9847362650874275,-0.1299429401338767,-0.9974279805862518,287.0215402354544,599.0894040902826,586.0430804709088
