d_t,d_h,thres,nDT,timeHin,bias,LL,BIC,AIC
-1.9372025069022305,-1.998429198684301,1.2412044062077434,0.9825423716927646,-0.12090796981246014,0.25923035330214317,259.2363469504637,544.4570939426454,530.4726939009274
