d_t,d_h,thres,nDT,timeHin,bias,LL,BIC,AIC
1.9937250350174531,-1.9943056899801104,1.0700060580427944,0.9869494067649397,-0.15571870863516,-0.9748393034059712,289.12144230489577,603.8189638720394,590.2428846097915
