d_t,d_h,thres,nDT,timeHin,bias,LL,BIC,AIC
1.9743639869184195,-1.997783380939524,1.9671413516143414,0.9776974735147502,-0.10491247196526132,-0.36878378886056035,287.1196209888548,600.6795574612952,586.2392419777096
