d_t,d_h,thres,nDT,timeHin,bias,LL,BIC,AIC
1.977476442926038,-1.9525983238621107,2.1524163753831616,0.97266577723889,-0.12539850788958343,-0.1727778224575004,155.0864435451903,332.74008778454197,322.1728870903806
