d_t,d_h,thres,nDT,timeHin,bias,LL,BIC,AIC
1.692935657008578,-1.8528842206010772,2.0262679714753618,0.9950102926805926,-0.06733541246900535,-0.9997181796117732,107.80892017893993,234.93109530708907,227.61784035787986
