d_t,d_h,thres,nDT,timeHin,bias,LL,BIC,AIC
1.947615840481341,-1.9922064603146517,1.4518005342047404,0.9852791036231401,-0.058743039367418086,-0.8710687637944274,286.4087015051404,599.3304466570604,584.8174030102808
