d_t,d_h,thres,nDT,timeHin,bias,LL,BIC,AIC
1.9831868993064767,-1.9973991005725082,0.6031157283112406,0.9847072501233457,-0.08868267658618519,-0.0714153982294975,269.2096878869914,564.5596287341203,550.4193757739828
