d_t,d_h,thres,nDT,timeHin,bias,LL,BIC,AIC
1.7288256704019789,-1.9972527944122958,2.465709066579524,0.9708375125819004,-0.186863404457423,0.2693309796206797,286.737175538511,599.9873947238016,585.474351077022
