d_t,d_h,thres,nDT,timeHin,bias,LL,BIC,AIC
1.9153125682050287,-1.9979447472723273,1.1860520216484123,0.9841983907849834,-0.18027490141086505,-0.8169912857129026,256.0273476918411,537.63077464593,524.0546953836822
