d_t,d_h,thres,nDT,timeHin,bias,LL,BIC,AIC
-1.9334046774795821,-1.9980011482048319,1.7982363754923296,0.9943733048302065,-0.08924214858936709,-0.9024622068170696,193.75863181792946,411.7755712428662,399.5172636358589
