d_t,d_h,thres,nDT,timeHin,bias,LL,BIC,AIC
-1.9745653130487837,-1.9964231528232266,2.9105698064782364,0.985463126502718,-0.059466313335798104,-0.9972205973065468,284.4342342127217,593.9147920448172,580.8684684254434
