d_t,d_h,thres,nDT,timeHin,bias,LL,BIC,AIC
1.9760593600201741,-1.988046663177972,1.1293159072871086,0.9845169097350821,-0.07254155267009306,-0.7764286569594587,284.37651636471816,595.3379335224962,580.7530327294363
