d_t,d_h,thres,nDT,timeHin,bias,LL,BIC,AIC
-1.9240193099894338,-1.9513165494180689,2.3595306715993614,0.9942658025820974,-0.04906613449767507,-0.9993937552134455,101.17105997856493,221.65537490633906,214.34211995712985
