d_t,d_h,thres,nDT,timeHin,bias,LL,BIC,AIC
1.9749738374067727,-1.9352250508156963,1.3693772842078835,0.9698944132147521,-0.1512793990076215,-0.358282243700187,165.84434174543514,354.5286584294922,343.6886834908703
