d_t,d_h,thres,nDT,timeHin,bias,LL,BIC,AIC
1.9769339072591758,-1.9989444905611278,0.7567594558870434,0.9794874145727557,-0.13583152393060452,-0.9168234440827484,285.4966532690251,596.9777065797682,582.9933065380502
