d_t,d_h,thres,nDT,timeHin,bias,LL,BIC,AIC
-1.8823194230956197,-1.994821226317559,1.9164986212322332,0.9717138760291956,-0.13651748884394252,-0.42388610377198815,290.71057018181244,607.8614558472104,593.4211403636249
