d_t,d_h,thres,nDT,timeHin,bias,LL,BIC,AIC
1.2227432563883638,-1.983946271116997,1.9031988685950638,0.9629075497340912,-0.1364746378615604,0.28034502227099256,312.9931104212827,652.8502417294346,637.9862208425654
