d_t,d_h,thres,nDT,timeHin,bias,LL,BIC,AIC
1.955100690555319,-1.9994131832235253,2.161135885972996,0.974630488336821,-0.1688262545216411,-0.8456867297899194,308.5981771381609,643.4130413911239,629.1963542763218
