d_t,d_h,thres,nDT,timeHin,bias,LL,BIC,AIC
-1.956720090471208,-1.9948725757571932,1.947686035362842,0.9710618163660101,-0.17919262449899767,-0.44615063075279926,192.51297638141443,408.95985704221454,397.02595276282887
