d_t,d_h,thres,nDT,timeHin,bias,LL,BIC,AIC
1.9035987970634256,-1.999214311998876,1.7794404789805411,0.9882789771117035,-0.04699352047127154,-0.9203346664391393,183.1707530568506,390.16325759501393,378.3415061137012
