d_t,d_h,thres,nDT,timeHin,bias,LL,BIC,AIC
1.4419587859883904,-1.9931908827403484,1.8269568959653497,0.9926645726919175,-0.047314106424786624,-0.9786272650274915,304.0635645507402,633.9515196607053,620.1271291014804
