d_t,d_h,thres,nDT,timeHin,bias,LL,BIC,AIC
1.9686102582406326,-1.998421398736519,2.2157001613328164,0.9919241221082291,-0.11232424897125315,-0.8461200927568917,180.74424802703905,385.19595836556664,373.4884960540781
