d_t,d_h,thres,nDT,timeHin,bias,LL,BIC,AIC
-1.960954167880118,-1.9987406006182815,2.9213327354496483,0.9842400386461772,-0.055947132794201285,-0.4796826341137981,276.6299174371049,579.7001503577953,565.2598348742098
