d_t,d_h,thres,nDT,timeHin,bias,LL,BIC,AIC
-1.9386004684492946,-1.9839637760724533,2.253992112369484,0.9898406605497488,-0.0773835142084272,-0.9979861848891326,297.75376838937257,619.6596469231561,607.5075367787451
