d_t,d_h,thres,nDT,timeHin,bias,LL,BIC,AIC
-1.9575906817225917,-1.9995563688739355,1.588846337981522,0.9753406258561019,-0.10885069723053033,0.6260269694585354,253.66980371348916,533.0823640738687,519.3396074269783
