d_t,d_h,thres,nDT,timeHin,bias,LL,BIC,AIC
-1.4148309505935526,-1.9968001299824596,2.1818703103584385,0.9938754316946069,-0.07508600538168117,-0.9983309581355703,277.22372771502387,578.0384092263937,566.4474554300477
