d_t,d_h,thres,nDT,timeHin,bias,LL,BIC,AIC
1.9426103502130498,-1.988168599139204,1.5371589285005993,0.9743101759575176,-0.14148697060324752,0.021012748022359345,253.904266060654,533.3846113835559,519.808532121308
