d_t,d_h,thres,nDT,timeHin,bias,LL,BIC,AIC
-1.9757721427906927,-1.999684269504649,2.4160543249064403,0.9835112946768938,-0.1135116516556155,0.013323723638785076,271.76347688721125,569.7436408892246,555.5269537744225
