d_t,d_h,thres,nDT,timeHin,bias,LL,BIC,AIC
0.12039491546722178,-1.9996343797856215,1.6321486735141661,0.9842506037254157,-0.0037991153164891184,-0.5737433741577856,108.31832825084015,237.43107191847866,228.6366565016803
