d_t,d_h,thres,nDT,timeHin,bias,LL,BIC,AIC
1.9554108506579055,-1.9974120953191163,0.8673371861578375,0.9775607686305678,-0.1180718400654187,-0.10536382122216817,112.25151461345904,245.48207459571697,236.50302922691807
