d_t,d_h,thres,nDT,timeHin,bias,LL,BIC,AIC
1.977641105256911,-1.999605430419349,2.2424296741897414,0.9681478187858824,-0.15477460557373174,0.5029530841233104,245.1900166109476,515.7846722494787,502.3800332218952
