d_t,d_h,thres,nDT,timeHin,bias,LL,BIC,AIC
-1.999532313198339,-1.9983562235178216,1.4277107377690212,0.9867319807973729,-0.03626362260051757,0.7775612840714183,280.0440082200353,586.5283319236562,572.0880164400706
