d_t,d_h,thres,nDT,timeHin,bias,LL,BIC,AIC
1.9297656387499267,-1.9988411693740038,2.529379526515428,0.9842955864905477,-0.11067816554343918,-0.7483803500864943,270.8952201121604,567.9306931844584,553.7904402243208
