d_t,d_h,thres,nDT,timeHin,bias,LL,BIC,AIC
-1.9933944453408174,-1.9397793414857347,1.1468470263193824,0.9760239732115511,-0.06491169693742069,0.5460016352792793,290.9555353908331,608.1277578964683,593.9110707816662
