d_t,d_h,thres,nDT,timeHin,bias,LL,BIC,AIC
1.9931780077450105,-1.9999738822056299,0.9269864894449711,0.9844570581558241,-0.09861609378124828,-0.7279831268696174,156.29072675423885,335.55330188741226,324.5814535084777
