d_t,d_h,thres,nDT,timeHin,bias,LL,BIC,AIC
1.9308406821185884,-1.9969910267185897,1.216664999664952,0.9924645913650055,-0.056215472869154015,-0.827282764611921,277.62638434449,581.5449284970233,567.25276868898
