d_t,d_h,thres,nDT,timeHin,bias,LL,BIC,AIC
-1.9910354387579945,-1.9951294379762372,1.0809662958607076,0.9946512457907869,-0.012096180947388627,-0.930353844662487,100.65845545889562,221.31013797884245,213.31691091779123
