d_t,d_h,thres,nDT,timeHin,bias,LL,BIC,AIC
1.996223492422964,-1.9972791169823794,2.4196897079864117,0.9773433299111839,-0.09620897794349603,-0.2872499339888934,279.55143465718277,585.3950291224088,571.1028693143655
