d_t,d_h,thres,nDT,timeHin,bias,LL,BIC,AIC
1.993083417415619,-1.9999625288790177,1.8859562242016303,0.9896911949145946,-0.034630194596643425,-0.8356567218580944,104.88386560052824,229.97150618097533,221.76773120105648
