d_t,d_h,thres,nDT,timeHin,bias,LL,BIC,AIC
-1.9242323607983265,-1.9989374863372944,2.8755154485160674,0.9844321100018736,-0.06601361583526606,0.8027477774128067,290.5512950289502,607.61563370468,593.1025900579004
