d_t,d_h,thres,nDT,timeHin,bias,LL,BIC,AIC
0.22832756749380773,-1.9959666479257607,2.5367478133493915,0.983819078242413,-0.004379210326323081,-0.6978807695405979,160.1802471075966,343.3323425941278,332.3604942151932
