d_t,d_h,thres,nDT,timeHin,bias,LL,BIC,AIC
1.999799536779821,-1.9995752227829704,1.1951456431470704,0.9820140329251887,-0.12008646506791164,-0.851657791687183,280.810007068695,587.9121739454332,573.62001413739
