d_t,d_h,thres,nDT,timeHin,bias,LL,BIC,AIC
1.8628042555177042,-1.9936841125964493,1.670025302824117,0.9944403532980156,-0.026661487701846384,-0.998937742278773,233.62710699269732,492.30053760476846,479.25421398539464
