d_t,d_h,thres,nDT,timeHin,bias,LL,BIC,AIC
-1.9694838988718768,-1.9996902235856922,2.582476268325652,0.9838949586330087,-0.07949723419608595,-0.7314966215854937,143.18528199580766,308.6519963918412,298.3705639916153
