d_t,d_h,thres,nDT,timeHin,bias,LL,BIC,AIC
1.8237607301519836,-1.978748882102325,1.528250661529266,0.9973856718236636,-0.06564862837373099,-0.9994426899082514,225.9265937214104,476.61599375309135,463.8531874428208
