d_t,d_h,thres,nDT,timeHin,bias,LL,BIC,AIC
-1.990974246447258,-1.9887923588203031,1.3787368855411275,0.9751280025965876,-0.11876001323350441,0.1320568794174954,284.82197147675896,595.9361027615612,581.6439429535179
