d_t,d_h,thres,nDT,timeHin,bias,LL,BIC,AIC
-0.5609373852447691,-1.9957884312685765,2.4958757319840323,0.9945704631747846,-0.001971684917309024,-0.9203451711867283,262.0452182510427,550.0748365438034,536.0904365020854
