d_t,d_h,thres,nDT,timeHin,bias,LL,BIC,AIC
-1.9322231859757488,-1.9994303026790974,1.0715448576547846,0.9839270133213397,-0.08291402631434291,-0.6412033203157991,143.39457118494147,309.21516007958314,298.78914236988294
