d_t,d_h,thres,nDT,timeHin,bias,LL,BIC,AIC
-1.9668987752832527,-1.9962707513420472,2.3895265714511096,0.9945098199788988,-0.05879911535863227,-0.9340885924690647,245.29464015625473,516.2492770266058,502.58928031250946
