d_t,d_h,thres,nDT,timeHin,bias,LL,BIC,AIC
1.7824078265366052,-1.9703752148602562,2.2664437475792756,0.9833539381513425,-0.11214393920990942,-0.5984313123485815,284.51042790694834,595.1611087740342,581.0208558138967
