d_t,d_h,thres,nDT,timeHin,bias,LL,BIC,AIC
-0.9001208212545506,-1.9984473105381757,0.6253123948216017,0.994428571549584,-0.28014462188582634,-0.8745686776280932,269.08467627750076,564.3096055151391,550.1693525550015
