d_t,d_h,thres,nDT,timeHin,bias,LL,BIC,AIC
0.6355083910686801,-1.9946756371892702,2.510327902173681,0.9782911393700127,-0.047596567588597594,-0.8968995597909224,277.33025935783905,580.8007716758157,566.6605187156781
