d_t,d_h,thres,nDT,timeHin,bias,LL,BIC,AIC
1.9771980310072907,-1.9986523764417081,2.973962645279025,0.9942595794744364,-0.15618799583255263,-0.6997077695726474,279.6179363087058,585.4525597322137,571.2358726174116
