d_t,d_h,thres,nDT,timeHin,bias,LL,BIC,AIC
-1.8317369056745854,-1.9999898849205222,1.6793710328296043,0.9944320213872567,-0.0850936267967323,-0.8015821249428227,281.894375945638,590.1554468193106,575.788751891276
