d_t,d_h,thres,nDT,timeHin,bias,LL,BIC,AIC
-0.7248006441285124,-1.9950558035461423,0.6414512052205215,0.9942577045409798,-0.07517183603258554,-0.9497421023261141,253.70995795845295,533.3248445981237,519.4199159169059
