d_t,d_h,thres,nDT,timeHin,bias,LL,BIC,AIC
-0.19842811496763468,-1.9988156293525725,1.1315983746482088,0.9936017952844831,-0.0010477445761469459,-0.9193669093080352,265.9095776439849,558.0358424027719,543.8191552879698
