d_t,d_h,thres,nDT,timeHin,bias,LL,BIC,AIC
0.2981083171004727,-1.9826811324808502,1.614198962566765,0.9944773258778614,-0.08220610344370856,-0.9951677686295031,278.0315877433176,579.535313519204,568.0631754866351
