d_t,d_h,thres,nDT,timeHin,bias,LL,BIC,AIC
-1.9215065334329122,-1.9860887641595355,1.779900289076445,0.9758234597585473,-0.17041764985138338,-0.5504240011788607,298.5558225404999,623.3283321958019,609.1116450809998
