d_t,d_h,thres,nDT,timeHin,bias,LL,BIC,AIC
1.9143876252412604,-1.9976645716634076,0.6520174504330529,0.9860004638094158,-0.1744041323499391,-0.7882801509474455,249.91400911996368,525.5707748868177,511.82801823992736
