d_t,d_h,thres,nDT,timeHin,bias,LL,BIC,AIC
1.87408941992328,-1.9997564028476706,2.139351520784519,0.9915090240058412,-0.14960269663621817,-0.6933237075071162,254.83710922383347,535.4986090068919,521.6742184476669
