d_t,d_h,thres,nDT,timeHin,bias,LL,BIC,AIC
-0.28184147857621333,-1.9987248567727753,1.1464823875978134,0.8916306527204507,0.0696071542111951,-0.12301938218143343,315.09273031842696,655.5025068679106,642.1854606368539
