d_t,d_h,thres,nDT,timeHin,bias,LL,BIC,AIC
-1.2019172520766144,-1.8898385911420819,1.552279887534678,0.9946295760476631,-0.07868373803794393,-0.9983248927876812,282.9269860330226,587.9872487907288,577.8539720660452
