d_t,d_h,thres,nDT,timeHin,bias,LL,BIC,AIC
1.9944657124021938,-1.9929436448591205,1.9680486980788243,0.9908578752695882,-0.12725715143121347,-0.6661252807846866,146.7612407491134,315.948499207927,305.5224814982268
