d_t,d_h,thres,nDT,timeHin,bias,LL,BIC,AIC
1.4703446449729216,-1.99908992629616,2.0718614364042875,0.9919229581789505,-0.08575286625330622,-0.9739572019286729,277.6661062266764,581.7725279369383,567.3322124533528
