d_t,d_h,thres,nDT,timeHin,bias,LL,BIC,AIC
-0.533994244741313,-1.9984021194845591,0.9891347025847083,0.9941041390580838,-0.075501000264218,-0.9993818394015342,275.29624678753214,576.2524902891606,562.5924935750643
