d_t,d_h,thres,nDT,timeHin,bias,LL,BIC,AIC
1.9920806357366005,-1.999075996550272,2.2561136461794375,0.9832220790995668,-0.08084039470511403,-0.6038171958560761,281.9103488786681,590.3337414041158,575.8206977573362
