d_t,d_h,thres,nDT,timeHin,bias,LL,BIC,AIC
1.9481082487471861,-1.9979712875675832,1.7048149854608048,0.9941767107910593,-0.05268583160080417,-0.8962538572519605,230.19139729350746,485.6109503033607,472.3827945870149
