d_t,d_h,thres,nDT,timeHin,bias,LL,BIC,AIC
-1.9901456704817766,-1.9979555612601643,1.8542441255966868,0.9722585818320902,-0.08174247152761638,0.6343220309047745,286.47675693079105,599.3202087896168,584.9535138615821
