d_t,d_h,thres,nDT,timeHin,bias,LL,BIC,AIC
1.1352120960286598,-1.9992889000697012,1.1945911998429055,0.9957201941947563,-0.05600567864183018,-0.9822101633541374,274.3870627920661,574.7585256258502,560.7741255841322
