d_t,d_h,thres,nDT,timeHin,bias,LL,BIC,AIC
0.4482993838378939,-1.9962011213120543,1.5311050542348241,0.9736321316947841,-0.027893064350826925,-0.6727358777012501,66.5803772371843,150.82738834936723,145.1607544743686
