d_t,d_h,thres,nDT,timeHin,bias,LL,BIC,AIC
0.19389623900161918,-1.9984731370728055,2.341552865397449,0.9664764166096056,-0.013509118075777314,0.6031733272919613,69.62215078002583,157.21869520137562,151.24430156005167
