d_t,d_h,thres,nDT,timeHin,bias,LL,BIC,AIC
-1.3924872128711345,-1.9864537469013208,1.9752030808479786,0.9947429606771071,-0.11336965034615548,-0.9987085501822455,271.8461791154432,569.1833296831826,555.6923582308864
