d_t,d_h,thres,nDT,timeHin,bias,LL,BIC,AIC
-1.940807689668879,-1.9999955617042637,1.168410151451826,0.953660568906589,-0.032285429987903916,-0.5400731367072938,71.7176792678855,161.40975217709496,155.435358535771
