d_t,d_h,thres,nDT,timeHin,bias,LL,BIC,AIC
-0.11158898486657347,-1.9993986611270478,2.442699217786099,0.9835425890847231,0.0042898917391526355,-0.9412980785547734,251.35368525719517,528.1983419666865,514.7073705143903
