d_t,d_h,thres,nDT,timeHin,bias,LL,BIC,AIC
1.9856747132721033,-1.996477622290265,2.4135205018690797,0.9637455643528268,-0.14552717130195914,-0.23518934286132867,291.75162636083576,609.9435682052571,595.5032527216715
