d_t,d_h,thres,nDT,timeHin,bias,LL,BIC,AIC
-1.5747223707487021,-1.960899482469814,1.468902688190203,0.9906601150826473,-0.040539898699599,-0.9964274132312255,238.09647465191208,500.236948415219,488.19294930382415
