d_t,d_h,thres,nDT,timeHin,bias,LL,BIC,AIC
-1.9946706706548372,-1.9986790787931548,1.3355026084398847,0.9834222897687389,-0.12470629605306403,-0.7650676712999667,285.7533999554004,597.569632441923,583.5067999108009
