d_t,d_h,thres,nDT,timeHin,bias,LL,BIC,AIC
1.9466039340428765,-1.9950961452118863,2.601706064119935,0.976276620335923,-0.07195321815888273,0.7923411092598882,110.07641284848386,240.56000998694066,232.1528256969677
