d_t,d_h,thres,nDT,timeHin,bias,LL,BIC,AIC
1.7726768305425802,-1.9813320423189396,2.1634972409214988,0.9944644506770103,-0.10610406174529968,-0.9943298467792375,263.314488858102,550.9916357794825,538.628977716204
