d_t,d_h,thres,nDT,timeHin,bias,LL,BIC,AIC
1.887069195508957,-1.993520243458501,0.6762755643347516,0.974638551309844,-0.13748057317126633,0.1413576511691271,179.4239980390718,382.43894987448954,370.8479960781436
