d_t,d_h,thres,nDT,timeHin,bias,LL,BIC,AIC
-1.9109803028259993,-1.990937620011212,1.7248340833451956,0.9798351654386844,-0.14796860046098154,-0.6131580270664395,174.80499703351308,372.9609158556899,361.60999406702615
