d_t,d_h,thres,nDT,timeHin,bias,LL,BIC,AIC
-0.7735949550736795,-1.998534850071208,2.803924116678536,0.9771612483881469,-0.1257845012880518,-0.5975624057754956,289.25575035978426,605.0245443663481,590.5115007195685
