d_t,d_h,thres,nDT,timeHin,bias,LL,BIC,AIC
1.919347645688445,-1.9892056951568118,1.5171458760919054,0.9952040819497602,-0.0409058952543879,-0.9633719321194296,278.40945031325043,582.7238293077187,568.8189006265009
