d_t,d_h,thres,nDT,timeHin,bias,LL,BIC,AIC
-1.9909835814286447,-1.9992235207110836,1.1978409799376646,0.9746337597264279,-0.15020303280425748,-0.706501164085014,277.423632373848,581.2139596757306,566.847264747696
