d_t,d_h,thres,nDT,timeHin,bias,LL,BIC,AIC
0.1924456820352441,-1.9846179466819491,0.7305463107302784,0.9767908067680995,0.0020236731425059534,-0.7627343057835283,318.33455043441955,663.4645495807666,648.6691008688391
