d_t,d_h,thres,nDT,timeHin,bias,LL,BIC,AIC
-1.9770004931027656,-1.999863559902778,2.6726282137462594,0.9941019777050026,-0.04491395015344043,0.9078033238677068,292.98424237858274,611.9528847988835,597.9684847571655
