d_t,d_h,thres,nDT,timeHin,bias,LL,BIC,AIC
-1.9815388101743814,-1.971624144148546,1.904410426851651,0.9834653532617635,-0.1385796342106629,-0.7991876596051758,284.7109719037644,595.7141036155721,581.4219438075288
