d_t,d_h,thres,nDT,timeHin,bias,LL,BIC,AIC
1.956622966091558,-1.9975323727544718,1.2888597862439892,0.9739501098883016,-0.13597892294155625,-0.021776906853391544,196.69667180004882,417.6516512071049,405.39334360009764
