d_t,d_h,thres,nDT,timeHin,bias,LL,BIC,AIC
-1.9964134928574861,-1.9509056548307686,2.4948152094534395,0.9923324161005833,-0.023472314658372653,-0.9981383640980477,59.19420208688248,134.6367053803782,130.38840417376497
