d_t,d_h,thres,nDT,timeHin,bias,LL,BIC,AIC
-1.3999986929336947,-1.9988340426246145,1.267236897540732,0.9945739946976562,-0.08483607280785331,-0.9985921260711883,77.38046835311329,172.73533034755053,166.76093670622657
