d_t,d_h,thres,nDT,timeHin,bias,LL,BIC,AIC
1.950620848685503,-1.999225989485002,2.4512739963692063,0.9836142501741414,-0.14078730295426223,-0.7726675560856815,275.6042647969897,577.5006894020227,563.2085295939794
