d_t,d_h,thres,nDT,timeHin,bias,LL,BIC,AIC
-1.2582730379840115,-1.9891868314521102,2.418313957192004,0.9988866823331273,-0.11183711700716173,-0.9996038743529965,254.2963724007276,534.4171353606802,520.5927448014552
