d_t,d_h,thres,nDT,timeHin,bias,LL,BIC,AIC
1.8927839552217371,-1.997613953622214,2.791867928472889,0.9937135111188682,-0.061303386214338715,-0.9399551914908902,274.22633068684576,574.7448211817348,560.4526613736915
