d_t,d_h,thres,nDT,timeHin,bias,LL,BIC,AIC
0.22291894637636475,-1.9944880996818146,1.7327586876242163,0.9845747491150236,-0.09489494174808735,-0.6832711368064308,283.6486976628289,593.8104389724374,579.2973953256578
