d_t,d_h,thres,nDT,timeHin,bias,LL,BIC,AIC
0.3642177980848865,-1.9844891611798414,2.4204896156963027,0.9911642255033122,-0.6766760292393205,-0.9572913985547276,159.94488712126062,342.0230509672049,331.88977424252124
