d_t,d_h,thres,nDT,timeHin,bias,LL,BIC,AIC
-1.9987267751254827,-1.9893460869873627,1.6165818535108625,0.9845884900608264,-0.06371328400259517,0.6223923689112979,204.5283560857198,433.6227795447722,421.0567121714396
