d_t,d_h,thres,nDT,timeHin,bias,LL,BIC,AIC
-1.9979405045262104,-1.9992843054619507,1.573860616543289,0.9834857705414669,-0.13921919551622067,-0.72532068639474645,285.1821959538467,596.804707391279,582.3643919076934
