d_t,d_h,thres,nDT,timeHin,bias,LL,BIC,AIC
1.9986347487541378,-1.9950790099965463,1.3398499958217145,0.9867901827620356,-0.10843503095466692,-0.955492135489249,289.4135892141634,605.11933823637,590.8271784283268
