d_t,d_h,thres,nDT,timeHin,bias,LL,BIC,AIC
-1.9434081520178739,-1.999590425932431,1.6108397571788853,0.9943927538255235,-0.07782404642403125,0.8667554680499916,281.77742069323034,590.0678850332403,575.5548413864607
