d_t,d_h,thres,nDT,timeHin,bias,LL,BIC,AIC
-1.9475306562981383,-1.9983182026622355,2.229159136982387,0.9731849603422498,-0.148521490154827,-0.6458355531649815,306.7046757316669,639.9942522563937,625.4093514633338
