d_t,d_h,thres,nDT,timeHin,bias,LL,BIC,AIC
-1.8594663374704166,-1.9989503200781147,1.2864515944022203,0.9679200311037117,-0.15071173390161208,-0.20579598308585517,296.428361147022,619.5126298329858,604.856722294044
