d_t,d_h,thres,nDT,timeHin,bias,LL,BIC,AIC
-1.5824554508520066,-1.9522943949595142,1.7324808494673332,0.9944327883367899,-0.0902715986811097,-0.9990085996702309,80.72330886495894,179.71375235625842,173.44661772991788
