d_t,d_h,thres,nDT,timeHin,bias,LL,BIC,AIC
-1.9649139317173399,-1.8631737879368353,0.7288131943734459,0.9882438306114335,-0.022705655334389865,-0.9988033796374953,59.327296838087555,134.90289488278836,130.65459367617512
