d_t,d_h,thres,nDT,timeHin,bias,LL,BIC,AIC
0.08816732287228107,-1.9922182185567037,1.2822379641827364,0.9715336812366766,0.020105577065033353,-0.3467329647442514,286.54792549533175,598.8386076375539,585.0958509906635
