d_t,d_h,thres,nDT,timeHin,bias,LL,BIC,AIC
-1.9896978912067922,-1.9963933942715517,0.7377806883305311,0.9756210440208466,-0.069151965424898,0.3731133799908968,285.34259982430433,597.1255151321942,582.6851996486087
