d_t,d_h,thres,nDT,timeHin,bias,LL,BIC,AIC
-1.9857990889950894,-1.9964710306735591,1.4997101080219355,0.983843870269167,-0.16205442227566796,-0.8875448390757563,314.0174532636221,654.4752220108297,640.0349065272442
