d_t,d_h,thres,nDT,timeHin,bias,LL,BIC,AIC
-1.930988810708919,-1.9821501666769996,0.7221686588600278,0.9869703828157,-0.04830205318965414,0.73035111393186,251.43439993240756,528.1858460958717,514.8687998648152
