d_t,d_h,thres,nDT,timeHin,bias,LL,BIC,AIC
0.3527913015365959,-1.9986166463410084,0.7282039460896422,0.986197021498677,0.0023608085441401416,-0.1707451333994988,278.5816524467801,583.6036203771457,569.1633048935602
