d_t,d_h,thres,nDT,timeHin,bias,LL,BIC,AIC
1.4070375912523794,-1.9975660221889773,0.6856219941982182,0.966499672796533,-0.17491769913327868,0.11801856020058944,288.6844826489868,603.8092807815591,589.3689652979735
