d_t,d_h,thres,nDT,timeHin,bias,LL,BIC,AIC
1.944325616693522,-1.9977103544974466,2.7994868852782604,0.9729963775327161,-0.12324621083156473,-0.26607783843993965,193.03915660097013,410.23042334635113,398.07831320194026
