d_t,d_h,thres,nDT,timeHin,bias,LL,BIC,AIC
1.4787694748620719,-1.9885410061106086,1.2826084921136498,0.9943246968869899,-0.16490452830637153,-0.9712916994940127,170.1573038658226,362.7406254413454,352.3146077316452
