d_t,d_h,thres,nDT,timeHin,bias,LL,BIC,AIC
-1.5431507377207334,-1.997937868790041,1.9219272110057575,0.9941593010214393,-0.14181503866267847,-0.907215373125949,289.595805548088,605.7046547429555,591.191611096176
