d_t,d_h,thres,nDT,timeHin,bias,LL,BIC,AIC
1.9454910697234435,-1.9938640632938618,0.6407040006551022,0.975755836779486,-0.16935461875527455,-0.6525578808671705,262.8865016293911,551.2639747110784,537.7730032587822
