d_t,d_h,thres,nDT,timeHin,bias,LL,BIC,AIC
1.9627201687544584,-1.9978620983196065,1.7929898258233097,0.9763491221469988,-0.14831483250156477,-0.7098555277955926,269.51114485138606,564.7650463496625,551.0222897027721
