d_t,d_h,thres,nDT,timeHin,bias,LL,BIC,AIC
1.591650471225943,-1.9825393256980304,2.002382593617456,0.8844476071158897,0.09994741739101567,-0.16666853149046787,118.16068335052061,256.0963878970672,248.32136670104123
