d_t,d_h,thres,nDT,timeHin,bias,LL,BIC,AIC
1.9903231114944981,-1.997478823920961,1.6667918875373156,0.989217625955375,-0.06113173711905007,-0.9548383305049294,284.9266820293443,596.2936795422742,581.8533640586886
