d_t,d_h,thres,nDT,timeHin,bias,LL,BIC,AIC
1.9422585762596567,-1.9978705198927769,2.7529861129449396,0.8853623985127562,0.08928389085207722,-0.15857379864578178,112.98723917896227,245.0428013400122,237.97447835792454
