d_t,d_h,thres,nDT,timeHin,bias,LL,BIC,AIC
-1.9887290398152717,-1.9964210443509864,1.336812132946689,0.9859922963666233,-0.06294711585245565,-0.4458025504953621,109.06478226573873,238.53674882145037,230.12956453147746
