d_t,d_h,thres,nDT,timeHin,bias,LL,BIC,AIC
1.8923522325507471,-1.9998904930599806,1.5109192343310556,0.9936004276344083,-0.0766058613711679,-0.9993901425741075,287.02261556765484,599.5362025876059,586.0452311353097
