d_t,d_h,thres,nDT,timeHin,bias,LL,BIC,AIC
1.9778833068842643,-1.9636356340163774,1.3525056937429545,0.9827940944500678,-0.16949706996931482,-0.9429832950482155,283.3337850576311,592.8078230753997,578.6675701152622
