d_t,d_h,thres,nDT,timeHin,bias,LL,BIC,AIC
-1.9954339160229713,-1.999265791224588,1.611765401336849,0.9764685339032196,-0.12510460823924116,-0.47545178747617795,289.171182842501,604.5590527998041,590.342365685002
