d_t,d_h,thres,nDT,timeHin,bias,LL,BIC,AIC
1.8343195157218397,-1.9940795864653982,2.3650392206374518,0.9929118187235074,-0.13594172119431303,-0.9999055510685988,287.7655373878582,601.2738314226068,587.5310747757164
