d_t,d_h,thres,nDT,timeHin,bias,LL,BIC,AIC
1.0821048822567243,-1.9985235939462487,1.163743215574692,0.990737832192735,-0.0686952870924987,-0.6804858359331085,256.75649409064545,539.4179168625087,525.5129881812909
