d_t,d_h,thres,nDT,timeHin,bias,LL,BIC,AIC
1.873094441187169,-1.996434905645294,1.2372093927605807,0.9944296184809878,-0.1227412403806223,-0.9074281597300663,254.62176138368912,535.1484514485961,521.2435227673782
