d_t,d_h,thres,nDT,timeHin,bias,LL,BIC,AIC
0.5021546860166317,-1.9967885216132966,2.1581984880268976,0.991169936782668,0.00390485896811954,-0.9444495635738764,141.67162262635213,305.62467765293013,295.34324525270426
