d_t,d_h,thres,nDT,timeHin,bias,LL,BIC,AIC
-1.7968693193418328,-1.9995212168179661,2.43005385673461,0.9870790288076119,-0.045872704591362945,0.9209512792580361,261.9873479721937,550.1149489045249,535.9746959443873
