d_t,d_h,thres,nDT,timeHin,bias,LL,BIC,AIC
-1.9279380137456144,-1.9998473147899314,2.3036819317660697,0.9778200485788353,-0.051202952027698104,0.8210063239769866,255.96619084216914,537.7567722435633,523.9323816843382
