d_t,d_h,thres,nDT,timeHin,bias,LL,BIC,AIC
1.6946326991844773,-1.9990778388539192,2.520423037054201,0.9826615223203128,-0.137832341664904,-0.1633173901023923,199.83800627166156,424.1412372067574,411.6760125433231
