d_t,d_h,thres,nDT,timeHin,bias,LL,BIC,AIC
-0.8015814254565239,-1.9990055542013625,0.6890398290018114,0.9753703333240324,-0.07048617908559626,0.6345452679238475,199.10179966391925,422.6688239912728,410.2035993278385
