d_t,d_h,thres,nDT,timeHin,bias,LL,BIC,AIC
1.097690772307657,-1.9974887686505542,1.333123657471077,0.9941546727192546,-0.0059953104964469445,-0.9961996288621656,144.2374075508087,310.9008328113176,300.4748151016174
