d_t,d_h,thres,nDT,timeHin,bias,LL,BIC,AIC
-1.9622829138338587,-1.9998704180427826,2.5313485543322525,0.9785425199504701,-0.012917955219908281,0.5180766666619384,40.39234553730065,95.17206271139152,92.7846910746013
