d_t,d_h,thres,nDT,timeHin,bias,LL,BIC,AIC
-1.9615561386102003,-1.9994066575606577,1.058653828764453,0.9807714314262423,-0.15028635704792323,-0.7953169653111859,292.7659478912476,612.0449394292748,597.5318957824952
