d_t,d_h,thres,nDT,timeHin,bias,LL,BIC,AIC
-1.3959199426193531,-1.9982940812598426,0.9571182345949106,0.9951818113281066,-0.015561180042022053,-0.9983357404786833,87.18681209702774,192.64075882039603,186.37362419405548
