d_t,d_h,thres,nDT,timeHin,bias,LL,BIC,AIC
-1.3624474400264368,-1.9916435327550792,2.8979386307435995,0.9952130210785745,-0.015132305790502922,-0.9442765727921215,145.37665859674075,312.57883415183983,302.7533171934815
