d_t,d_h,thres,nDT,timeHin,bias,LL,BIC,AIC
1.9007232254496673,-1.9959894178745157,1.2206324552861496,0.9841858503393238,-0.07680358876113597,-0.7710180568719788,286.85154996371915,600.2161435742179,585.7030999274383
