d_t,d_h,thres,nDT,timeHin,bias,LL,BIC,AIC
0.47941870483061816,-1.9842676352222495,1.1090145930241735,0.9828380204718543,-0.05978505284332452,-0.71777886943236,298.41351511507315,623.4829377690882,608.8270302301463
