d_t,d_h,thres,nDT,timeHin,bias,LL,BIC,AIC
1.9967839341863214,-1.9923605996363094,2.524297583743258,0.992419037731825,-0.054735912327453944,-0.7625641910045324,285.7832709526649,597.7832290201319,583.5665419053298
