d_t,d_h,thres,nDT,timeHin,bias,LL,BIC,AIC
-1.9675100493771334,-1.9768156587970807,2.0293656952679155,0.9780693819903851,-0.11503454373559743,0.08403383667482017,286.0441915711155,598.1512156733531,584.088383142231
