d_t,d_h,thres,nDT,timeHin,bias,LL,BIC,AIC
0.692596638837883,-1.9926890849233128,1.42381772082299,0.9841267707931126,-0.11962948893263184,-0.8210966110851651,280.0902033076331,586.3970937300683,572.1804066152662
