d_t,d_h,thres,nDT,timeHin,bias,LL,BIC,AIC
0.13255582735407984,-1.9950612296998502,1.1451385227559303,0.9916114485083419,-0.013540482509376214,-0.8864092102289816,277.1944565284081,580.6810728648595,566.38891305681625
