d_t,d_h,thres,nDT,timeHin,bias,LL,BIC,AIC
-1.0429883084465714,-1.9991188403360018,2.807791341277421,0.9764831589254014,-0.12007399197843395,-0.5183186514565178,137.00184634061478,296.1369694059132,286.00369268122955
