d_t,d_h,thres,nDT,timeHin,bias,LL,BIC,AIC
1.9034772467332033,-1.9974421535794746,2.1944399278431757,0.9855209304151403,-0.05965556558050415,-0.9355282373633599,138.72674866119775,299.58677404707913,289.4534973223955
