d_t,d_h,thres,nDT,timeHin,bias,LL,BIC,AIC
1.9576545417317364,-1.993008509763817,2.559443976252468,0.9945864026452361,0.002641864543995315,-0.9981394081645938,63.903671797787126,144.80662365991157,139.80734359557425
