d_t,d_h,thres,nDT,timeHin,bias,LL,BIC,AIC
1.9083098710123865,-1.9900311613473247,0.9486985110541166,0.9839391916048994,-0.14002020403630017,-0.5560151962786918,255.6417205157105,537.0261976783113,523.283441031421
