d_t,d_h,thres,nDT,timeHin,bias,LL,BIC,AIC
-1.9758081100720701,-1.99899544919145,2.302234000165265,0.9808462904214642,-0.043951302044039166,0.8544972291178289,245.91898007630553,517.4979568667073,503.83796015261106
