d_t,d_h,thres,nDT,timeHin,bias,LL,BIC,AIC
-1.0718391633173496,-1.9851720711574705,1.3383489522634968,0.9790976279052848,-0.10368117487920928,0.41640596303560884,254.92603924615196,535.5948351391943,521.8520784923039
