d_t,d_h,thres,nDT,timeHin,bias,LL,BIC,AIC
1.9480055308954267,-1.8091578955439263,2.666792315622077,0.9945225927104581,0.007531903339398559,-0.9991047547485745,53.8466710137226,123.94164323405846,119.6933420274452
