d_t,d_h,thres,nDT,timeHin,bias,LL,BIC,AIC
-1.06737404409796,-1.995939750765905,0.6335101721808316,0.9999911360445479,0.007805335335433483,-0.9979380927501533,53.47103425150364,123.57760083644597,118.94206850300728
