d_t,d_h,thres,nDT,timeHin,bias,LL,BIC,AIC
0.9557270174830443,-1.998108597456227,2.7870231145579787,0.9970263793869534,0.0032583884643086897,-0.9084718584607868,53.471571353926485,123.57867504129166,118.94314270785297
