d_t,d_h,thres,nDT,timeHin,bias,LL,BIC,AIC
-1.9745692577473029,-1.9995161678910447,0.7304743163287641,0.972480192461283,-0.15562382391165014,-0.7349905771019212,253.4704528501694,532.431877152635,518.9409057003388
