d_t,d_h,thres,nDT,timeHin,bias,LL,BIC,AIC
1.968047006782408,-1.9994172050227608,1.379115921654019,0.9944389900198051,-0.06414671596224761,-0.9992108827195235,83.85938177135623,187.03201849192166,179.71876354271245
