d_t,d_h,thres,nDT,timeHin,bias,LL,BIC,AIC
1.7135115330320656,-1.993299898930256,1.0087957622617159,0.9855608497359306,-0.13505352863103387,-0.6462706410335615,244.71325700377372,514.831153035131,501.42651400754744
