d_t,d_h,thres,nDT,timeHin,bias,LL,BIC,AIC
1.9527577121639823,-1.9960375752233903,1.6340575971013231,0.9942704789108642,-0.05575477994009217,-0.9367788104886032,222.66930878148088,470.3849411823356,457.33861756296176
