d_t,d_h,thres,nDT,timeHin,bias,LL,BIC,AIC
1.9988405458881753,-1.9955444475224982,1.9185495217202464,0.9843116803283387,-0.09724903993026661,-0.6486471503227256,282.43080455906994,591.2283040461746,576.8616091181399
