d_t,d_h,thres,nDT,timeHin,bias,LL,BIC,AIC
-1.9953042293797054,-1.999772881667214,2.187124016135931,0.983025834609047,-0.15780223665965531,-0.68872638285647,286.37309228914216,599.1128795063189,584.7461845782843
