d_t,d_h,thres,nDT,timeHin,bias,LL,BIC,AIC
-1.9988818177953362,-1.9984657574352225,2.358015121814997,0.9943030566613802,-0.06807187412824073,-0.9213053164567179,232.03430657695753,489.3856593849717,476.06861315391507
