d_t,d_h,thres,nDT,timeHin,bias,LL,BIC,AIC
1.8905195312117993,-1.9979694316763923,2.007239667878813,0.9786551900566768,-0.16136139576833206,-0.8080620816695571,293.5113157042237,613.3147912164907,599.0226314084474
