d_t,d_h,thres,nDT,timeHin,bias,LL,BIC,AIC
-1.863571400469901,-1.99818348563055,2.426473422289411,0.9658203210301041,-0.15819603597139223,0.3701895397269373,294.8103368409493,616.0609891654841,601.6206736818986
