d_t,d_h,thres,nDT,timeHin,bias,LL,BIC,AIC
1.9897467833238032,-1.9985437507027057,0.8318308863451984,0.9944419058299954,-0.10326213912147082,-0.7509854163280527,232.72017291707414,490.3936443343063,477.4403458341483
