d_t,d_h,thres,nDT,timeHin,bias,LL,BIC,AIC
0.6772910598665476,-1.9892867312499798,1.9861868482509308,0.9942489664721057,-0.0033108746196167105,-0.9983181236430851,90.76797292011634,201.31096703625866,193.53594584023267
