d_t,d_h,thres,nDT,timeHin,bias,LL,BIC,AIC
1.9339820248886699,-1.9975399522075912,2.915097329579294,0.9771090299814288,-0.1042399271496284,-0.2347656680508536,235.53199418886655,496.3810346087897,483.0639883777331
