d_t,d_h,thres,nDT,timeHin,bias,LL,BIC,AIC
1.9690670540339006,-1.99455181716256,0.7097279895950905,0.9935863393420296,-0.10898363352263037,-0.9052917799801287,282.80368043349125,591.5917609087005,577.6073608669825
