d_t,d_h,thres,nDT,timeHin,bias,LL,BIC,AIC
-1.9770275018423955,-1.9996804369876535,1.5475694339722394,0.9944552911206301,-0.09826484014286092,-0.9481367351189333,270.65529826492235,566.7152355574283,553.3105965298447
