d_t,d_h,thres,nDT,timeHin,bias,LL,BIC,AIC
1.9810120752702771,-1.9982846768494928,0.7656593082786172,0.9830047068586162,-0.19228432496692568,-0.8018021908773915,302.0089227081083,630.2345325310187,616.0178454162166
