d_t,d_h,thres,nDT,timeHin,bias,LL,BIC,AIC
-1.897596852910965,-1.9976717877316699,2.1763414093964384,0.989122148907478,-0.15045558917664123,-0.9265256244768589,285.7671928150747,598.1192864232092,583.5343856301494
