d_t,d_h,thres,nDT,timeHin,bias,LL,BIC,AIC
-1.8330169040709734,-1.996251433148961,1.8270923000676207,0.9865473851645389,-0.16724929139837819,-0.8436564493682893,283.79735384484775,594.1077513364751,579.5947076896955
