d_t,d_h,thres,nDT,timeHin,bias,LL,BIC,AIC
1.9798698933492067,-1.9918060610240231,1.6140272863319616,0.9952765881449209,-0.05827312655492602,-0.9620462447801998,242.23886681531843,509.5240572500107,496.47773363063686
