d_t,d_h,thres,nDT,timeHin,bias,LL,BIC,AIC
-1.9529158774400717,-1.994550739251956,1.4674340880472532,0.9944645469841289,-0.09181165155408871,-0.8850160013832001,253.0536492903793,531.2452270329171,518.1072985807587
