d_t,d_h,thres,nDT,timeHin,bias,LL,BIC,AIC
-1.9746127650177492,-1.9995332342841916,2.4122230841314654,0.9764717512791715,-0.1160059557473645,0.5734433624453635,219.5564490029931,463.97170636433543,451.1128980059862
