d_t,d_h,thres,nDT,timeHin,bias,LL,BIC,AIC
-1.7406400285252983,-1.999001868951155,1.6965927091903898,0.9921450896997622,-0.15031425899128079,-0.8790028971040112,266.52875399211484,559.1977609443672,545.0575079842297
