d_t,d_h,thres,nDT,timeHin,bias,LL,BIC,AIC
-1.9512206627887627,-1.994888888708175,1.5320581280498005,0.9794898201129331,-0.0931730003388057,0.520063435269576,223.09413799182417,471.1415744838064,458.18827598364834
