d_t,d_h,thres,nDT,timeHin,bias,LL,BIC,AIC
1.9755380517003729,-1.9999207126508056,1.7839310970177127,0.9861623235908813,-0.07517822712458695,-0.9561232810393365,254.25355425668812,534.1671052274726,520.5071085133762
