d_t,d_h,thres,nDT,timeHin,bias,LL,BIC,AIC
0.4937506704060068,-1.9930702873232902,0.6074313566567733,0.9946950715018232,0.0015527049066157888,-0.9983212105270434,168.3058562107324,360.08385045403367,348.6117124214648
