d_t,d_h,thres,nDT,timeHin,bias,LL,BIC,AIC
0.4303261924110968,-1.9979801227458853,2.2269362706769122,0.9874791635395859,-0.025119192751571675,-0.77768341548039,224.12751481087798,473.39295807391454,460.25502962175597
