d_t,d_h,thres,nDT,timeHin,bias,LL,BIC,AIC
0.3451284881035588,-1.9975042607714164,1.807484776488571,0.994690300004302,-0.027697600616515196,-0.8329205709243711,223.6342896512389,472.4065077546364,459.2685793024778
