d_t,d_h,thres,nDT,timeHin,bias,LL,BIC,AIC
-1.438718427987076,-1.9915626710785201,2.3052598833474183,0.9834833114362704,-0.16808843655114622,-0.7963821788266714,275.0836956885999,576.3840784920019,562.1673913771998
