d_t,d_h,thres,nDT,timeHin,bias,LL,BIC,AIC
1.973944938122971,-1.9918031757154115,1.8818717614228893,0.9949087662566001,-0.13103250724618767,-0.9483558957849944,292.3065189664261,611.0533534164377,596.6130379328522
