d_t,d_h,thres,nDT,timeHin,bias,LL,BIC,AIC
-1.9970450157610962,-1.9923029434738242,2.1355509977157405,0.9757372232799759,-0.11636330665554917,-0.781201776847232,196.32981044777313,416.01054268421,404.65962089554625
