d_t,d_h,thres,nDT,timeHin,bias,LL,BIC,AIC
0.14541919715702534,-1.9866859495048483,0.6475576022990084,0.9843739336073178,-0.04923536675050855,-0.7088242694008747,246.13358978855211,517.49533529345,504.26717957710423
