d_t,d_h,thres,nDT,timeHin,bias,LL,BIC,AIC
-1.8541499698063817,-1.9983049715250811,0.897711109995716,0.9741062681339342,-0.06766661945246344,0.6758571634318579,277.7647048962667,581.8215696005767,567.5294097925334
