d_t,d_h,thres,nDT,timeHin,bias,LL,BIC,AIC
-1.4468015939703183,-1.9966291235908342,2.8137401029804523,0.9933565006493582,-0.05747794570794266,-0.9542771176112617,226.19691874128978,475.9847912789255,464.39383748257956
