d_t,d_h,thres,nDT,timeHin,bias,LL,BIC,AIC
-1.88589510752312,-1.9999991853825347,1.393515063990475,0.9696337126286171,-0.16242104287004702,0.4696885056264976,296.20693183181083,618.9987644566816,604.4138636636217
