d_t,d_h,thres,nDT,timeHin,bias,LL,BIC,AIC
1.9984244355428677,-1.9935216061074128,2.2349013955280324,0.9837187545727817,-0.05311258119577436,-0.8286140035416442,299.193855067307,625.1137939121351,610.387710134614
