d_t,d_h,thres,nDT,timeHin,bias,LL,BIC,AIC
-1.9556748710080003,-1.983333165545886,1.4796223280424234,0.9629292490869668,-0.13762586137627422,-0.12504943821443065,206.76187175536666,436.87466529939707,425.5237435107333
