d_t,d_h,thres,nDT,timeHin,bias,LL,BIC,AIC
1.9039779795074956,-1.9857459813146912,1.6757127709686757,0.9900341786000768,-0.037325834759846535,-0.9093717284918605,58.00220360838875,133.0036872811148,128.0044072167775
