d_t,d_h,thres,nDT,timeHin,bias,LL,BIC,AIC
1.9904661406691913,-1.9775032174697338,0.9032196254975611,0.9824944696770381,-0.04952115340442036,-0.7902513649357817,240.32089816547497,505.8699520472957,492.64179633094994
