d_t,d_h,thres,nDT,timeHin,bias,LL,BIC,AIC
0.731133689149467,-1.99417187938707,1.3431726307882326,0.9823875865732207,-0.0695733894063384,-0.8382960187838264,263.72751396180666,553.4394279653313,539.4550279236133
