d_t,d_h,thres,nDT,timeHin,bias,LL,BIC,AIC
-1.9864176306665524,-1.9960931624490288,2.2470129423064327,0.9944542338042013,-0.017306179151747838,-0.9094860738466112,134.66502733953956,291.311424555857,281.3300546790791
