d_t,d_h,thres,nDT,timeHin,bias,LL,BIC,AIC
1.9711654975027981,-1.9967958455033585,2.0397066151723267,0.9629999531840447,-0.06255988730306873,-0.6973923004275786,55.940310177243404,128.51615268792548,123.88062035448681
