d_t,d_h,thres,nDT,timeHin,bias,LL,BIC,AIC
-1.9784039195403227,-1.998547749702724,1.3574038425513204,0.9863062355587435,-0.20536142186188278,-0.9544924154468264,277.2522537664029,580.7211946476078,566.5045075328057
