d_t,d_h,thres,nDT,timeHin,bias,LL,BIC,AIC
-1.8463077165041997,-1.9968663309781605,1.2331936474889518,0.9944134384107366,-0.05804786860349666,-0.9997370512973249,291.89665410880036,609.9335611777383,595.7933082176007
