d_t,d_h,thres,nDT,timeHin,bias,LL,BIC,AIC
-1.8997634110611334,-1.999700361081314,0.9359368246654821,0.9942161125788213,-0.11738014724032235,-0.9986963579924619,287.10956842198203,600.2819693750862,586.2191368439641
