d_t,d_h,thres,nDT,timeHin,bias,LL,BIC,AIC
1.9241172864263358,-1.9960642503718309,2.342365694410336,0.968957851888343,-0.16847791509768312,-0.8408800875639966,219.8869584736557,463.00112301275874,451.7739169473114
