d_t,d_h,thres,nDT,timeHin,bias,LL,BIC,AIC
-1.9883355981157054,-1.9987585828451306,1.756925588747754,0.9734546809254245,-0.12875517653762825,-0.4692407972436568,269.68471997295524,565.3538399876285,551.3694399459105
