d_t,d_h,thres,nDT,timeHin,bias,LL,BIC,AIC
1.9902146224041228,-1.981666477143784,2.7518512637635615,0.9797255154291153,-0.1833342769202048,-0.9278555151043548,238.61882550386144,501.0594024890356,489.2376510077229
