d_t,d_h,thres,nDT,timeHin,bias,LL,BIC,AIC
1.94586074659958,-1.9950935343673266,2.406236966514151,0.9897662604727967,-0.061826326658560304,-0.9246025407571329,256.667754298606,538.7401476247956,525.335508597212
