d_t,d_h,thres,nDT,timeHin,bias,LL,BIC,AIC
-1.9922490674236915,-1.9978110502201631,2.546414192824793,0.9836904401573998,-0.06754005474722335,0.21204526711331964,279.728515264289,585.8973460121636,571.457030528578
