d_t,d_h,thres,nDT,timeHin,bias,LL,BIC,AIC
-1.9871096643749628,-1.9990266535496906,0.9990857328092648,0.9943259472735145,-0.05147114246134741,-0.6821963068940601,271.6586476837782,569.683990295591,555.3172953675564
