d_t,d_h,thres,nDT,timeHin,bias,LL,BIC,AIC
0.08699203096330166,-1.9966350054369717,2.153071568615136,0.9748729269552208,0.013119650351830697,-0.6221095940202565,264.3757993530129,554.5759892652508,540.7515987060258
