d_t,d_h,thres,nDT,timeHin,bias,LL,BIC,AIC
-1.9967354013147045,-1.9949278309775411,1.8333784278159666,0.9844056073404578,-0.08416570492235101,-0.8456194819992846,227.7457070397627,480.5377376988992,467.4914140795254
