d_t,d_h,thres,nDT,timeHin,bias,LL,BIC,AIC
1.1999528125237098,-1.99499843215153,0.9980190239846707,0.9974555014806915,1.0015475238209573e-4,-0.9983803218501598,184.36890243670885,391.01923727364357,380.7378048734177
