d_t,d_h,thres,nDT,timeHin,bias,LL,BIC,AIC
-1.7049070325128217,-1.9926679088926047,0.988186212674435,0.9881308044477392,-0.14878873213697866,-0.9327333167266769,292.4097241855921,609.4846915562241,596.8194483711842
