d_t,d_h,thres,nDT,timeHin,bias,LL,BIC,AIC
0.6056168488948613,-1.9941053931754031,1.2157263224760761,0.9799666953076895,-0.05388107202955566,-0.9064308503376968,297.2479292764453,621.0807593459505,606.4958585528906
