d_t,d_h,thres,nDT,timeHin,bias,LL,BIC,AIC
-1.9621005133237939,-1.9997561518127887,2.3294064520032287,0.9676724499525083,-0.15046643169842125,0.2458280067953065,291.66027166747546,609.9764508738928,595.3205433349509
