d_t,d_h,thres,nDT,timeHin,bias,LL,BIC,AIC
-1.9428378519701563,-1.939389742039123,1.6192540889091007,0.9935605944702345,-0.16605201143267267,-0.9124247510569624,286.7111551520969,599.7890052322284,585.4223103041938
