d_t,d_h,thres,nDT,timeHin,bias,LL,BIC,AIC
-1.9902206956577349,-1.9956996046812647,2.4352417918743754,0.9852554008515246,-0.03742526865387101,0.6236452839889721,280.83575777984066,587.8882026744834,573.6715155596813
