d_t,d_h,thres,nDT,timeHin,bias,LL,BIC,AIC
1.829303585982369,-1.9994736861093698,1.297542507623873,0.9822195821364887,-0.12533506201857164,-0.9916597297561072,287.8653475734163,601.1353341744161,587.7306951468325
