d_t,d_h,thres,nDT,timeHin,bias,LL,BIC,AIC
-1.976876085923422,-1.9765470431521461,2.1193012149792736,0.995316520623438,-0.03690942147401201,-0.9991990848264268,281.1256392978627,588.5434384037686,574.2512785957254
