d_t,d_h,thres,nDT,timeHin,bias,LL,BIC,AIC
-0.35710819480935285,-1.9986011548516254,1.8917028240859508,0.9920958378779964,-0.00862178791095556,-0.9991997488889262,277.75606728704446,581.728821688891,567.5121345740889
