d_t,d_h,thres,nDT,timeHin,bias,LL,BIC,AIC
-1.8393997717030646,-1.9956866367255581,1.4467048248557557,0.9848250365132348,-0.13595703528077224,-0.8026543710105397,287.54903160552016,601.464758139075,587.0980632110403
