d_t,d_h,thres,nDT,timeHin,bias,LL,BIC,AIC
-1.9491839505275457,-1.9934422315723241,2.027906578197489,0.9776925666781869,-0.09452678380895771,0.1901604333007388,283.5433385830563,593.3788369741559,579.0866771661126
