d_t,d_h,thres,nDT,timeHin,bias,LL,BIC,AIC
-1.9475166479897275,-1.9936705336339224,0.7222059165349581,0.9944068929711063,-0.1371681001948241,-0.9999239681756502,274.3993172090091,574.026790134364,560.7986344180182
