d_t,d_h,thres,nDT,timeHin,bias,LL,BIC,AIC
1.9990078680979675,-1.9953979579315246,1.2682107661481874,0.9753839243663482,-0.1230361521581679,-0.11293139884610764,293.77228012659526,614.1294610462504,599.5445602531905
