d_t,d_h,thres,nDT,timeHin,bias,LL,BIC,AIC
0.5081224159166251,-1.9979782889401896,2.9621269920226005,0.9791066802611933,-0.11110749955831986,-0.711793136941653,228.0681270572091,481.364409830764,468.1362541144182
