d_t,d_h,thres,nDT,timeHin,bias,LL,BIC,AIC
-1.9082689865498885,-1.9967413405526053,1.916052707400107,0.976160800288505,-0.14529012600716446,-0.11257287751339914,225.79356801679901,476.7250644857566,463.58713603359803
