d_t,d_h,thres,nDT,timeHin,bias,LL,BIC,AIC
-0.9714147128182816,-1.9963528225077105,2.474832614074284,0.9838353599655089,-0.058780393095968414,-0.6396993676592542,289.0363095564952,604.58566275977,590.0726191129904
