d_t,d_h,thres,nDT,timeHin,bias,LL,BIC,AIC
-1.9701017203758333,-1.9982460061868341,2.9043080598191824,0.9841992557888265,-0.1648156219495776,-0.3473089517249111,290.7136449181201,607.8676053198258,593.4272898362402
