d_t,d_h,thres,nDT,timeHin,bias,LL,BIC,AIC
1.9311186574042714,-1.9927949727505594,0.6144765048099268,0.9842855329485123,-0.14653634025618176,-0.581824752065271,275.636812333907,577.4138776279516,563.273624667814
