d_t,d_h,thres,nDT,timeHin,bias,LL,BIC,AIC
-1.97026176885361,-1.9977972961245087,1.7175902481720422,0.9688677162712552,-0.10344107773994131,-0.8498496581408379,44.841278922860376,105.07225399048997,101.68255784572075
