d_t,d_h,thres,nDT,timeHin,bias,LL,BIC,AIC
-1.0388352582231164,-1.9991014485244807,2.7480139514152633,0.9446855495458529,-0.1523318357641127,-0.6404076994098398,49.42452341908918,114.6833908158699,110.84904683817835
