d_t,d_h,thres,nDT,timeHin,bias,LL,BIC,AIC
-1.7538277568058787,-1.9999434893295158,1.2676387046797792,0.9952443239386058,-0.05135811625545721,-0.9954770415111788,226.10984710578836,476.7857615849093,464.2196942115767
