d_t,d_h,thres,nDT,timeHin,bias,LL,BIC,AIC
1.92982383919058,-1.9963379448512288,1.2804279650582346,0.9943726751735652,-0.07013299946957918,-0.9967759594005732,287.3285051131054,601.0237051542454,586.6570102262108
