d_t,d_h,thres,nDT,timeHin,bias,LL,BIC,AIC
1.9802312591113203,-1.995443895159174,2.3731810148014865,0.9945485128596564,-0.10183080788668332,-0.9323145994819427,284.24242356881444,594.9251626212144,580.4848471376289
