d_t,d_h,thres,nDT,timeHin,bias,LL,BIC,AIC
-0.050620485949501096,-1.9972758133530575,2.368580634761903,0.993892985530091,0.007546784905461082,-0.9186084000291398,259.24556072617247,544.3155120115699,530.4911214523449
