d_t,d_h,thres,nDT,timeHin,bias,LL,BIC,AIC
-0.12807980312090014,-1.997895018583032,1.6245386913254412,0.9944275085269403,-0.0014250795832330028,-0.8539755258398204,252.925590649894,531.5111780138843,517.851181299788
