d_t,d_h,thres,nDT,timeHin,bias,LL,BIC,AIC
0.6006955042164929,-1.999554394117889,1.8704852363789846,0.987359910087463,-0.07733145735271267,-0.9848742371246946,301.7848314844052,629.7863500836124,615.5696629688103
