d_t,d_h,thres,nDT,timeHin,bias,LL,BIC,AIC
-1.9112727483470109,-1.9999278644697038,2.4696868547522,0.9867300524108185,-0.1146804310772365,-0.7459901229059521,296.9280534197201,620.6515555513677,605.8561068394401
