d_t,d_h,thres,nDT,timeHin,bias,LL,BIC,AIC
1.6825077831905244,-1.9981847478800159,1.8128787756952705,0.978249091459067,-0.07317956225408731,0.5673372139153208,287.73185714192346,602.1196218227888,587.4637142838469
