d_t,d_h,thres,nDT,timeHin,bias,LL,BIC,AIC
-1.9651062198177527,-1.9977863294417653,1.2150396096669573,0.9947395902840729,-0.10139964972775888,-0.9985053330596011,110.7616446247776,242.31770466635356,233.5232892495552
