d_t,d_h,thres,nDT,timeHin,bias,LL,BIC,AIC
1.7454834780774986,-1.996524630405696,0.7279989096643439,0.9944683927167469,-0.10493801002497405,-0.9990139479721283,114.08284435139402,249.14473407158692,240.16568870278803
