d_t,d_h,thres,nDT,timeHin,bias,LL,BIC,AIC
-1.93867351349776,-1.9858611447928471,2.9487215297178815,0.9997305479491215,-0.0015918634903723968,-0.9950429120074905,40.11186390264204,95.1331677040121,92.22372780528408
