d_t,d_h,thres,nDT,timeHin,bias,LL,BIC,AIC
-1.9994029992578162,-1.9934853097320564,0.9358116546336182,0.9944941444165372,0.0032750587408961846,-0.906756300220537,43.47450611442941,102.33870837362804,98.94901222885882
