d_t,d_h,thres,nDT,timeHin,bias,LL,BIC,AIC
-1.9998166441068628,-1.995954969248738,2.0705421344192745,0.9757860111500852,-0.09660663480246251,-0.6574168438074162,73.57172083480215,165.11783531092826,159.1434416696043
