d_t,d_h,thres,nDT,timeHin,bias,LL,BIC,AIC
-1.9617412013221973,-1.9967352367109061,1.9726333200796053,0.9701273585451138,-0.08214911494677822,-0.15567542672569795,71.06443803116774,159.79550993733412,154.12887606233548
