d_t,d_h,thres,nDT,timeHin,bias,LL,BIC,AIC
-1.6592324449853495,-1.9958157334090934,1.3016127437402096,0.9945687827118392,-0.028399121821135007,-0.987332616844061,101.3956393573292,221.85960169674607,214.7912787146584
