d_t,d_h,thres,nDT,timeHin,bias,LL,BIC,AIC
-1.9703558376547758,-1.995561451452074,2.2853216813877224,0.975116039050868,-0.1341586848595136,-0.13191729493683527,294.76913223287283,616.1231652588056,601.5382644657457
