d_t,d_h,thres,nDT,timeHin,bias,LL,BIC,AIC
1.9450103304872595,-1.9979575952476574,2.4773369336363937,0.9834228485965149,-0.18743484658409632,-0.5583013585675627,289.8819620478321,606.2042395792497,591.7639240956642
