d_t,d_h,thres,nDT,timeHin,bias,LL,BIC,AIC
1.940023629868047,-1.9937813824213266,2.716039253164786,0.9883445584777335,-0.10145097842458815,-0.9945347991930111,146.42483058417827,314.67517812671485,304.84966116835653
