d_t,d_h,thres,nDT,timeHin,bias,LL,BIC,AIC
1.9402030850480898,-1.9986090822545737,1.906987007906777,0.9730618690242612,-0.14939985810446552,-0.06375383249330845,280.638727816212,587.5696154404673,573.277455632424
