d_t,d_h,thres,nDT,timeHin,bias,LL,BIC,AIC
-1.071233923694387,-1.9994606210006607,1.39772683605884,0.9952659752250026,-0.3892804198782147,-0.9935383374396584,101.53296231960728,221.61217935936446,215.06592463921456
