d_t,d_h,thres,nDT,timeHin,bias,LL,BIC,AIC
-1.943603260965947,-1.9972303888395964,2.1253551840126548,0.9774999389019708,-0.08145459412642818,0.3854862386058442,294.7079389600799,616.0007787132197,601.4158779201598
