d_t,d_h,thres,nDT,timeHin,bias,LL,BIC,AIC
-0.9144792690413348,-1.9897850668155965,2.354919874378942,0.9891441408671938,0.004556134308652865,0.993346769111056,43.68662991638554,102.7629559775403,99.37325983277108
