d_t,d_h,thres,nDT,timeHin,bias,LL,BIC,AIC
1.9249782301485538,-1.992105192797642,2.301794954076453,0.9940889014029444,-0.05034667286593961,-0.9974619349115978,289.3532862288296,604.9232595724612,590.7065724576591
