d_t,d_h,thres,nDT,timeHin,bias,LL,BIC,AIC
-1.941010791858215,-1.9967137372037986,2.8488668783702646,0.9948552013932043,-0.007134882812298711,-0.879802817960315,182.06509123434907,387.35738853414546,376.13018246869814
