d_t,d_h,thres,nDT,timeHin,bias,LL,BIC,AIC
-1.9341207638751352,-1.9972394208706228,1.9194199414556974,0.9868091272126692,-0.18299633607538177,-0.8636229181298203,285.71934394224144,597.655374999285,583.4386878844829
