d_t,d_h,thres,nDT,timeHin,bias,LL,BIC,AIC
-1.9920918235802725,-1.9998945347454282,2.435118009537897,0.9836444839432434,-0.12549847015774265,-0.5233252599437151,296.24474416640305,619.074389125866,604.4894883328061
