d_t,d_h,thres,nDT,timeHin,bias,LL,BIC,AIC
1.8357238730970316,-1.9965903236986,2.5454774720594284,0.9934354940805403,-0.10613107513635274,-0.9985383405152828,149.1555761481498,320.2925221730775,310.3111522962996
