d_t,d_h,thres,nDT,timeHin,bias,LL,BIC,AIC
-1.7096731094155682,-1.9994069660694531,1.336446742106406,0.9924916251962489,-0.005386447806382009,-0.6822701642062015,231.11288183512465,486.37787381466023,474.2257636702493
