d_t,d_h,thres,nDT,timeHin,bias,LL,BIC,AIC
-0.7895385214145495,-1.9984250343699705,1.2766921251206835,0.9863572115120062,-0.0016610691629522856,0.980062786867494,43.737665440986575,102.86502702674237,99.47533088197315
