d_t,d_h,thres,nDT,timeHin,bias,LL,BIC,AIC
1.993909518899201,-1.996223413602957,2.074225875151009,0.9943638482437116,-0.05714486561673643,-0.8961189527159631,302.6089588327736,631.8738252044891,617.2179176655472
