d_t,d_h,thres,nDT,timeHin,bias,LL,BIC,AIC
-0.8472923971866047,-1.9886784447168468,0.6989945740627423,0.9942777093416967,-0.036275583064831154,-0.9989159497643518,288.3206935400999,598.1425007109365,588.6413870801998
