d_t,d_h,thres,nDT,timeHin,bias,LL,BIC,AIC
-1.7742093366588674,-1.9724176427486728,1.6952027454211,0.9967578042619204,-0.05498525090787374,-0.9997122649160836,294.99778836856717,611.6610842129996,601.9955767371343
