d_t,d_h,thres,nDT,timeHin,bias,LL,BIC,AIC
0.21280138760764078,-1.999585726684849,1.7346858278041,0.9597930266291032,0.029463464904075254,-0.2361313732304633,299.06608065770354,624.9961822022763,610.1321613154071
