d_t,d_h,thres,nDT,timeHin,bias,LL,BIC,AIC
-0.2820257658481609,-1.9976937161700532,2.550407034300867,0.9842505422725449,-0.007113550132265406,0.747414948845257,164.74835858244919,352.7239232303457,341.49671716489837
