d_t,d_h,thres,nDT,timeHin,bias,LL,BIC,AIC
-1.9759924897429906,-1.997793797744162,2.504679558612406,0.9837149760669441,-0.08525590139490272,0.5422037297769184,277.7361117046683,581.9125388929222,567.4722234093366
