d_t,d_h,thres,nDT,timeHin,bias,LL,BIC,AIC
-1.6342996325636543,-1.9874192678086349,2.7511904675513508,0.986794252782151,-0.08506102453031131,-0.8595281851398452,269.7933317280733,565.1627427183945,551.5866634561467
