d_t,d_h,thres,nDT,timeHin,bias,LL,BIC,AIC
1.0253738195967856,-1.9985642819124836,2.9567918260937214,0.9943135750931485,-0.11170222799365685,-0.8659387940911643,268.5939168295904,563.2506661903029,549.1878336591808
