d_t,d_h,thres,nDT,timeHin,bias,LL,BIC,AIC
-1.9945875239193325,-1.997157725587064,2.2023298324288154,0.9940473602484956,-0.03275678010787376,-0.9206599408429471,276.1367409438614,578.0162385346132,564.2734818877228
