d_t,d_h,thres,nDT,timeHin,bias,LL,BIC,AIC
0.5601163509686553,-1.9983043741651452,2.5207521872418734,0.9756141413289953,-0.6859207261063556,0.5890274267866022,161.47731792558747,346.0555214614353,334.95463585117494
