d_t,d_h,thres,nDT,timeHin,bias,LL,BIC,AIC
1.913988245651126,-1.9900930246085038,1.157980442247054,0.9849909646448878,-0.14620246213594273,-0.8264488857731122,152.8131326132185,327.75954195112064,317.626265226437
