d_t,d_h,thres,nDT,timeHin,bias,LL,BIC,AIC
1.110565993678805,-1.993058731177133,2.134606890835999,0.9841091330542681,-0.007477635136314847,-0.9564768123836678,240.79364889556618,507.0782692434285,493.58729779113236
