d_t,d_h,thres,nDT,timeHin,bias,LL,BIC,AIC
0.23880386734542275,-1.997308286768237,1.3526021674832496,0.9826162443457832,0.0032217661560907424,-0.33619931008905807,292.3433485818072,611.4127809411355,596.6866971636144
