d_t,d_h,thres,nDT,timeHin,bias,LL,BIC,AIC
0.6430840906908298,-1.9874367860183528,2.2317894218489527,0.984045128862503,-0.05646352405864507,-0.9330072226902121,102.23105620890033,224.86929670777357,216.46211241780065
