d_t,d_h,thres,nDT,timeHin,bias,LL,BIC,AIC
1.9796039107256225,-1.9987705079819758,1.2163318019360303,0.9750380148039326,-0.1446505959953702,-0.8172608828489896,96.72003068805398,213.21508257213395,205.44006137610796
