d_t,d_h,thres,nDT,timeHin,bias,LL,BIC,AIC
-0.5207084289451533,-1.9987232303935887,1.1961040032750292,0.9889417176869617,0.007323874338032457,-0.517427656859467,301.32400132118596,629.4434513542994,614.6480026423719
