d_t,d_h,thres,nDT,timeHin,bias,LL,BIC,AIC
1.9642502123896775,-1.9981732315547625,1.0633445910017487,0.9844964331844936,-0.1510411770943626,-0.9931340055503819,302.99957464267743,631.9040779665727,617.9991492853549
