d_t,d_h,thres,nDT,timeHin,bias,LL,BIC,AIC
1.2768520954996347,-1.9863352414631759,0.9641261771321297,0.9848860989953219,0.004637106520872609,-0.9924807203367579,74.7851869327717,166.5696539298807,161.5703738655434
