d_t,d_h,thres,nDT,timeHin,bias,LL,BIC,AIC
1.9952999975057344,-1.999977020305854,2.5095470648312044,0.9945382368421996,-0.058317960247568974,-0.9051203724623115,300.7464492060232,628.1488059509883,613.4928984120464
