d_t,d_h,thres,nDT,timeHin,bias,LL,BIC,AIC
-1.9670974593609571,-1.9721715833949438,2.0107413552966,0.9943756558986508,-0.08370878325532842,-0.9995586383714186,284.4733673775391,593.0988448994891,580.9467347550782
