d_t,d_h,thres,nDT,timeHin,bias,LL,BIC,AIC
0.7197570808469756,-1.9986683000212866,2.747111490368843,0.9839748525181228,-0.10419358770117783,-0.8495919823339572,289.5303177657611,605.5009510151077,591.0606355315222
