d_t,d_h,thres,nDT,timeHin,bias,LL,BIC,AIC
-1.9429011899149762,-1.9971102306432307,2.815227145159383,0.9771547204979482,-0.08692046290433399,0.6481877493274335,154.92754770778654,332.56023321908265,321.8550954155731
