d_t,d_h,thres,nDT,timeHin,bias,LL,BIC,AIC
-1.9912587691597923,-1.9814329076957475,1.497437499179032,0.994748018561706,-0.049130765276703195,-0.9971921647550696,102.11674599159873,224.43726696311631,216.23349198319747
