d_t,d_h,thres,nDT,timeHin,bias,LL,BIC,AIC
-1.873655522207442,-1.9846984193805348,2.0036840299378773,0.9773836067970457,-0.07235699161172308,0.6564855650003131,236.36645665351259,497.96106902337095,484.73291330702517
