d_t,d_h,thres,nDT,timeHin,bias,LL,BIC,AIC
-0.8668497627638831,-1.9990560314634154,1.7213669139030277,0.9830249653255644,0.0032622866037176883,-0.9999252604816424,103.23348249710874,226.87414928419042,218.46696499421748
