d_t,d_h,thres,nDT,timeHin,bias,LL,BIC,AIC
-1.8323864781848,-1.999719355193279,2.676835338771343,0.9860108469962148,-0.159796508067199,-0.9991015722892009,274.2614001181659,573.7509559526776,560.5228002363318
