d_t,d_h,thres,nDT,timeHin,bias,LL,BIC,AIC
-1.955506697984537,-1.9950740615701432,1.1905170109122993,0.9857747528444303,-0.10000328405250257,-0.8921701188941205,286.6876097053304,599.8155348942463,585.3752194106607
