d_t,d_h,thres,nDT,timeHin,bias,LL,BIC,AIC
-0.1746180088832656,-1.9938597642467568,2.477211921242925,0.9849474368853754,-0.023572151683360628,-0.4997930349706345,282.70610234360475,591.7788996152442,577.4122046872095
