d_t,d_h,thres,nDT,timeHin,bias,LL,BIC,AIC
1.9967771077675296,-1.996691575137562,0.6993179721263642,0.9789487260059706,-0.13679153471529176,0.6861646677795917,122.75151349937873,267.00414062949415,257.5030269987575
