d_t,d_h,thres,nDT,timeHin,bias,LL,BIC,AIC
1.9910487131388006,-1.9960405280344136,1.4012533670291305,0.9772381624836514,-0.06719134591088805,-0.5966282360905536,127.79135366314145,277.08382095701955,267.5827073262829
