d_t,d_h,thres,nDT,timeHin,bias,LL,BIC,AIC
1.3706549951267442,-1.9969716616685087,1.2437150838158757,0.9890737495803701,-0.048754365486675555,-0.9422393218343875,302.02386110869884,630.9117431042669,616.0477222173977
