d_t,d_h,thres,nDT,timeHin,bias,LL,BIC,AIC
-0.6602936609731119,-1.9970445939099695,0.9071130835951482,0.9943825478496215,-0.022471696766801868,-0.8346791662725414,278.8109967092158,583.9886883464662,569.6219934184315
