d_t,d_h,thres,nDT,timeHin,bias,LL,BIC,AIC
-1.8820150045020532,-1.9790013255410266,1.1895908758216613,0.9948760854500885,-0.038104323497269305,-0.99180982628296,272.3428253739221,570.6700507895622,556.6856507478442
