d_t,d_h,thres,nDT,timeHin,bias,LL,BIC,AIC
-1.9735861570195936,-1.9966239938827834,2.4112053226955634,0.9944451918925111,-0.07854316783255598,-0.9725175176097275,270.2257455094623,566.4358910606426,552.4514910189246
