d_t,d_h,thres,nDT,timeHin,bias,LL,BIC,AIC
1.9594786426184028,-1.9947569714859128,1.8759617690923753,0.9955200384227234,-0.04462510889569332,-0.9840742146561224,276.33109196552067,578.9543437390846,564.6621839310413
