d_t,d_h,thres,nDT,timeHin,bias,LL,BIC,AIC
-1.9908029668447738,-1.997366659784587,1.4804113347768826,0.9782896234669419,-0.07121797479330587,-0.9048604764106751,136.4560399525389,294.24416827401427,284.9120799050778
