d_t,d_h,thres,nDT,timeHin,bias,LL,BIC,AIC
1.9958746099984803,-1.999372586552028,1.9294509758978582,0.9805457408459353,-0.07050495383162458,-0.8692268613263061,228.363682117401,481.8652926869606,468.727364234802
