d_t,d_h,thres,nDT,timeHin,bias,LL,BIC,AIC
-1.9944596407049004,-1.9958564823789322,2.479910772443621,0.9831554958527514,-0.06469593708931289,-0.8418860443502276,129.6029041776631,280.5378967242627,271.2058083553262
