d_t,d_h,thres,nDT,timeHin,bias,LL,BIC,AIC
-1.790299159313038,-1.997874605650876,1.7756169498794205,0.9837071367723035,-0.20312027654573095,-0.7068911250784055,250.29027646778187,526.24054964966,512.5805529355637
