d_t,d_h,thres,nDT,timeHin,bias,LL,BIC,AIC
-1.993259683125563,-1.9724782176747255,1.4296005830359095,0.955260466856043,-0.12529511165922172,-0.09477693062107315,303.1910226162743,633.0379527714905,618.3820452325486
