d_t,d_h,thres,nDT,timeHin,bias,LL,BIC,AIC
-1.9522303580415477,-1.9999148489319571,1.3996198876724286,0.9599784630529931,-0.12820351027788757,-0.1361237996928348,314.3904034150173,655.6448277169038,640.7808068300346
