d_t,d_h,thres,nDT,timeHin,bias,LL,BIC,AIC
1.5217343241606875,-1.9984230099242906,1.8365915425613235,0.9647067016053594,-0.1443495064379855,0.1955647468948369,123.90846116397041,269.1490106968773,259.8169223279408
