d_t,d_h,thres,nDT,timeHin,bias,LL,BIC,AIC
-1.8790700498655082,-1.9940094170857536,1.1129608674990872,0.9803068147617681,-0.03306461043781117,0.9386705847979321,118.09031828088958,257.3387997094761,248.18063656177915
