d_t,d_h,thres,nDT,timeHin,bias,LL,BIC,AIC
1.9872111203148768,-1.986337969582947,2.562432112544775,0.9932326625129553,-0.08520894230593554,-0.88804671324183,261.12122663939573,547.5594995098481,534.2424532787915
