d_t,d_h,thres,nDT,timeHin,bias,LL,BIC,AIC
1.9654287287162693,-1.9991987176612758,2.030001854391846,0.9855747352038062,-0.0620847826502936,-0.9768602490701667,270.69588845930423,567.0517736327048,553.3917769186085
