d_t,d_h,thres,nDT,timeHin,bias,LL,BIC,AIC
-1.2090488690882921,-1.9971719423340226,1.1580045075765217,0.997068018073745,-0.042204991335245995,-0.9997297739951946,241.21581777189203,505.271610482406,494.43163554378407
