d_t,d_h,thres,nDT,timeHin,bias,LL,BIC,AIC
1.9402926108806549,-1.9996703029321439,1.5368573740124702,0.9995107339424477,-0.08542275623417181,-0.9980727925919088,167.2624041246245,357.0920089434104,346.524808249249
