d_t,d_h,thres,nDT,timeHin,bias,LL,BIC,AIC
-0.4049648210544485,-1.999941767773253,0.697672123846087,0.9944182654791816,-0.032917345007836024,-0.9987616261030758,241.57970317829606,506.2602919668525,495.1594063565921
