d_t,d_h,thres,nDT,timeHin,bias,LL,BIC,AIC
-1.9323569739770419,-1.986778229965141,1.116120773910439,0.9765851526613999,-0.11442035654183386,0.39350881871963533,290.6632329948495,607.7667814732846,593.326465989699
