d_t,d_h,thres,nDT,timeHin,bias,LL,BIC,AIC
1.992659084505586,-1.9972541920626998,2.033671679534018,0.9938198496812695,-0.02483033031559529,-0.8392482362377102,287.05403107044987,600.6929629339596,586.1080621408997
