d_t,d_h,thres,nDT,timeHin,bias,LL,BIC,AIC
-1.9657562434155973,-1.995412114284794,1.2530073720099428,0.9791055988656022,-0.11285854172525299,0.1584972775706871,293.1095545248989,612.8040098428577,598.2191090497978
