d_t,d_h,thres,nDT,timeHin,bias,LL,BIC,AIC
-1.5188786511001848,-1.9970730443115532,2.192542245337165,0.9498169217373168,-0.14221282211266215,-0.6399823082494175,226.6074822587947,477.1488687969751,465.2149645175894
