d_t,d_h,thres,nDT,timeHin,bias,LL,BIC,AIC
1.7588935134276007,-1.9965611481257701,2.655289975525584,0.9804129401847371,-0.1642221859572282,-0.47050867849317207,295.8966869936496,618.4492815262411,603.7933739872992
