d_t,d_h,thres,nDT,timeHin,bias,LL,BIC,AIC
1.9474860420087219,-1.9998230628853548,2.6341535212808607,0.9696032569964862,-0.14983239259672662,-0.5011150138266308,318.45178211721327,663.6990129463541,648.9035642344265
