d_t,d_h,thres,nDT,timeHin,bias,LL,BIC,AIC
0.16473099186012205,-1.9977030966283422,2.172269879368439,0.9883695876757226,-0.012890355863368586,-0.9186703007744286,296.47239029078406,619.3850960651537,604.9447805815681
