d_t,d_h,thres,nDT,timeHin,bias,LL,BIC,AIC
-0.6460860721841392,-1.9712907525488106,1.0604626127364567,0.9941656218621225,-0.07904974515800287,-0.9991382496147256,253.187453215386,530.1966579120847,518.374906430772
