d_t,d_h,thres,nDT,timeHin,bias,LL,BIC,AIC
-0.254300932127315,-1.9996439484202808,2.4689889341892295,0.9834564375209195,-0.04853735373199432,0.596833125221385,167.80508304220876,359.0823041169864,347.61016608441753
