d_t,d_h,thres,nDT,timeHin,bias,LL,BIC,AIC
1.9780041721505273,-1.9927706589387693,1.2770562714396643,0.9832851164781792,-0.031063669240420224,-0.9416850357446133,285.1885556212228,596.7438061704802,582.3771112424456
