d_t,d_h,thres,nDT,timeHin,bias,LL,BIC,AIC
0.15511949382108345,-1.9991717564288005,2.212600526661852,0.9834576052808591,0.0033523538156081667,-0.9664491705491297,300.4874298495415,627.5597604921429,612.974859699083
