d_t,d_h,thres,nDT,timeHin,bias,LL,BIC,AIC
1.1814671570662438,-1.9998406278688594,2.5112048177048565,0.9890584093752252,-0.014034218873986187,0.29002729063764315,143.84883471845632,310.264870131074,299.69766943691263
