d_t,d_h,thres,nDT,timeHin,bias,LL,BIC,AIC
-1.0768079364986913,-1.9967106136200872,1.7834358007159206,0.9944551458550328,-0.0931446719887784,-0.9854702811295256,87.54089789427084,194.3950507377509,187.08179578854168
