d_t,d_h,thres,nDT,timeHin,bias,LL,BIC,AIC
1.6217660130932927,-1.4478128178093814,2.5084309787497174,0.9934649441584974,0.0064578557652157365,-0.9986430489355366,286.6477933488077,586.4789341616327,585.2955866976154
