d_t,d_h,thres,nDT,timeHin,bias,LL,BIC,AIC
0.5138274790831827,-1.9962167570066685,2.352237837689871,0.9936436851981951,-0.0028762891395162906,-0.8373749748798576,287.8473311735166,601.9868221550764,587.6946623470332
