d_t,d_h,thres,nDT,timeHin,bias,LL,BIC,AIC
-1.541379592911037,-1.938031169168792,1.7712642314835012,0.9986474709264556,-0.019177614808789382,-0.9992745134971505,90.38098312271215,200.3105454735532,192.7619662454243
