d_t,d_h,thres,nDT,timeHin,bias,LL,BIC,AIC
1.9992421204135837,-1.9904348858252592,2.7820204116404055,0.9946138112206422,-0.06049565585333761,-0.8594175120256228,254.81436744196156,535.204814146171,521.6287348839231
