d_t,d_h,thres,nDT,timeHin,bias,LL,BIC,AIC
-0.1849286091319605,-1.9977123014271845,2.290915910952503,0.9944241500877091,-0.01585142500567143,-0.9976727040138411,246.57124976843068,516.9642510181741,505.14249953686135
