d_t,d_h,thres,nDT,timeHin,bias,LL,BIC,AIC
1.941931783221662,-1.999181453605224,1.3275707021355627,0.9703262599848138,-0.12131830882264438,-0.5860041055197649,306.70188796108937,640.0596834611206,625.4037759221787
