d_t,d_h,thres,nDT,timeHin,bias,LL,BIC,AIC
1.9464754938614397,-1.994969267011721,2.204253613203764,0.9865519810117029,-0.12872202919171755,-0.5870664282913785,289.73127885738035,605.9756013615403,591.4625577147607
