d_t,d_h,thres,nDT,timeHin,bias,LL,BIC,AIC
0.7036901066957857,-1.998367637923963,1.6349390886017536,0.992749847256325,-0.03716308823554636,-0.9417119557225277,279.8680147571775,585.720429556073,571.736029514355
