d_t,d_h,thres,nDT,timeHin,bias,LL,BIC,AIC
-1.992819719792075,-1.9997355044514387,1.0983566616762508,0.9944976155067433,-0.1770656913993586,-0.9971625795852648,226.17479579858585,474.7756093068719,464.3495915971717
