d_t,d_h,thres,nDT,timeHin,bias,LL,BIC,AIC
1.9982518292963505,-1.9939954764901937,2.243428829669796,0.9714459754300284,-0.11105788384536228,-0.5355100159065718,275.20395376277094,576.624594640344,562.4079075255419
