d_t,d_h,thres,nDT,timeHin,bias,LL,BIC,AIC
-1.9158786550413816,-1.987433703247654,2.7553607096895574,0.9947991677028825,-0.05908046073052642,-0.9980124125858834,220.61009713656003,463.3534709978037,453.22019427312006
