d_t,d_h,thres,nDT,timeHin,bias,LL,BIC,AIC
-1.8621265501256818,-1.9846474838339099,1.330186833543661,0.990768201397329,-0.1670978887981096,-0.9682384652950473,284.7928710692945,595.6485746697111,581.585742138589
