d_t,d_h,thres,nDT,timeHin,bias,LL,BIC,AIC
-1.3580326329642851,-1.9982972211790642,1.3036780839888265,0.9948118041529076,-0.04803564299951543,-0.9994450076781961,217.9569048536203,460.4798770805732,447.9138097072406
