d_t,d_h,thres,nDT,timeHin,bias,LL,BIC,AIC
-1.9545381319720205,-1.9946706670651326,2.2304226575338406,0.9765305243258625,-0.141075431615257,0.12562599620244672,252.34806194449362,530.5205144482122,516.6961238889872
