d_t,d_h,thres,nDT,timeHin,bias,LL,BIC,AIC
1.7836685280240419,-1.794423563329514,2.3032644553354618,0.9955250145215836,-0.02321462223594215,-0.9990050090751428,73.92799925039536,165.83039214211468,159.85599850079072
