d_t,d_h,thres,nDT,timeHin,bias,LL,BIC,AIC
1.9697629484268613,-1.99934616578913,2.5052538809731253,0.9936489561170565,-0.06500374060238671,-0.9981366257247393,70.67403641518388,159.3224664716917,153.34807283036776
