d_t,d_h,thres,nDT,timeHin,bias,LL,BIC,AIC
1.9802060016789769,-1.9977118055795215,1.2404264001175762,0.9944855560381074,-0.0862967330049593,-0.9474255637628765,281.14785011428273,588.3585327596876,574.2957002285655
