d_t,d_h,thres,nDT,timeHin,bias,LL,BIC,AIC
1.9956642172641639,-1.98342729032424,0.9083194361999631,0.9908847613232689,-0.033917157559926935,-0.988855728082556,284.9319402497877,595.9267130306976,581.8638804995754
