d_t,d_h,thres,nDT,timeHin,bias,LL,BIC,AIC
-1.9868292543689174,-1.996393127814566,1.0988152391795354,0.9809521484381786,-0.058765204834965605,0.6182731457392027,253.89183988027455,533.5264364074394,519.7836797605491
