d_t,d_h,thres,nDT,timeHin,bias,LL,BIC,AIC
1.978963278395957,-1.9962301882187092,1.836004296536069,0.9838171688628485,-0.07533981696908051,-0.8357452218525624,302.6304256936933,632.0563000993142,617.2608513873867
