d_t,d_h,thres,nDT,timeHin,bias,LL,BIC,AIC
1.9828415305350067,-1.9737603867972868,1.6870514604060711,0.9840363019107291,-0.06039293121598837,-0.8463703162261959,290.7322886194414,607.9048927224684,593.4645772388828
