d_t,d_h,thres,nDT,timeHin,bias,LL,BIC,AIC
-0.9868699670602779,-1.9913610843695653,2.3201206501313276,0.9856979075912582,-0.058200768606132325,-0.7860103842871564,74.97392924331012,168.49411320677015,161.94785848662025
