d_t,d_h,thres,nDT,timeHin,bias,LL,BIC,AIC
-1.8632257047898304,-1.9970663468175178,1.432530360459542,0.9945384624481641,-0.034724728896589487,-0.9005156749676082,87.34015705161619,194.22889333136126,186.68031410323238
