d_t,d_h,thres,nDT,timeHin,bias,LL,BIC,AIC
1.5195615277021977,-1.9992600453210465,0.9808694006586993,0.9838572387209996,-0.6690087833070236,-0.05176693556515258,157.88371689678564,338.6074087321932,327.7674337935713
