d_t,d_h,thres,nDT,timeHin,bias,LL,BIC,AIC
-1.9695669426326246,-1.9919887378681216,0.9573900951060432,0.9863223653071688,-0.12389997559358953,-0.8539171826908872,280.3099212121786,586.2798391384536,572.6198424243572
