d_t,d_h,thres,nDT,timeHin,bias,LL,BIC,AIC
-1.8428571420429347,-1.9984308764994565,0.8725337257323936,0.9911401147934058,-0.14824644319235347,-0.8491437759463625,299.7550826201592,625.4945652820364,611.5101652403184
