d_t,d_h,thres,nDT,timeHin,bias,LL,BIC,AIC
1.92377236410153,-1.9972029218238232,0.9137428453884289,0.9950897441723943,-0.0324733747111126,-0.8603803648447013,174.2905152530736,372.0531685387161,360.5810305061472
