d_t,d_h,thres,nDT,timeHin,bias,LL,BIC,AIC
1.9942338496603453,-1.9966747369316273,1.3656960884581129,0.9915888942123718,-0.047569628096566265,-0.9998901991956038,252.065435871048,529.7908684561924,516.130871742096
