d_t,d_h,thres,nDT,timeHin,bias,LL,BIC,AIC
-1.1114289389613505,-1.9943018362813294,2.2793652422829878,0.972472277279679,-0.5295840047136093,-0.830944521905187,105.53406638547622,231.06135983200366,223.06813277095245
