d_t,d_h,thres,nDT,timeHin,bias,LL,BIC,AIC
-1.9821189097389014,-1.999157261620989,2.5208651996849714,0.9762350648652944,-0.05192193649220661,0.7646085201406659,248.07729628599517,521.8145892860866,508.15459257199035
