d_t,d_h,thres,nDT,timeHin,bias,LL,BIC,AIC
-1.7880701457417338,-1.9950542752279998,2.0442544308416375,0.9761498788908667,-0.10115934110766027,0.22830640942152983,298.0089661215193,622.2346193578406,608.0179322430386
