d_t,d_h,thres,nDT,timeHin,bias,LL,BIC,AIC
-0.3453958172858668,-1.999998530776992,1.5478996558114886,0.9792827033881633,0.0014317771842300552,-0.07731502001612617,91.42565206289744,202.62632532182084,194.85130412579488
