d_t,d_h,thres,nDT,timeHin,bias,LL,BIC,AIC
-1.9450244364507556,-1.991923630675782,1.0842408742360252,0.983981073971268,-0.05301478283439995,-0.86633506312483,105.97935217805558,231.95193141716237,223.95870435611116
