d_t,d_h,thres,nDT,timeHin,bias,LL,BIC,AIC
-1.948863327500168,-1.997449775952517,2.691385461570907,0.9863015382768049,-0.09467637019726903,0.6496130208162209,296.574985552079,620.0139919910273,605.149971104158
