d_t,d_h,thres,nDT,timeHin,bias,LL,BIC,AIC
1.993054388379434,-1.9984019769948556,1.2580998169568307,0.9840567621440092,-0.10394853144659093,-0.5762358784794092,243.07244877124626,511.63586899478867,498.1448975424925
