d_t,d_h,thres,nDT,timeHin,bias,LL,BIC,AIC
1.9478773042574875,-1.9999315723526965,1.0975573701241712,0.9815454641877883,-0.1193727810858532,-0.6078455897973915,254.68996181092797,535.1226802687463,521.3799236218559
