d_t,d_h,thres,nDT,timeHin,bias,LL,BIC,AIC
1.995661586659188,-1.9948140169161621,1.4848898883908985,0.9830861842835753,-0.11137322041000142,-0.32671279260722924,243.92053847758976,513.245715982763,499.8410769551795
