d_t,d_h,thres,nDT,timeHin,bias,LL,BIC,AIC
-1.8704825270567995,-1.9981245185200487,1.25317493368954,0.9824294927520429,-0.04927136534071268,-0.8162632418766373,298.821428710983,623.1338288742622,609.642857421966
