d_t,d_h,thres,nDT,timeHin,bias,LL,BIC,AIC
1.152487642780102,-1.9989025195371677,2.6443229622258224,0.9847787161040898,-0.06321628189793095,-0.909754674515836,220.53002482437373,465.42270771202595,453.06004964874745
