d_t,d_h,thres,nDT,timeHin,bias,LL,BIC,AIC
1.9827600868988935,-1.9969425187243217,1.157508894119094,0.9873979363562869,-0.04672693043059255,-0.8754865097222632,304.44980702277456,635.7636349324184,620.8996140455491
