d_t,d_h,thres,nDT,timeHin,bias,LL,BIC,AIC
-1.979507687442877,-1.9965469290704625,2.8115982547402383,0.9821211142104102,-0.18079086720922777,-0.7936390232840018,287.2196129821733,600.8795414479322,586.4392259643466
