d_t,d_h,thres,nDT,timeHin,bias,LL,BIC,AIC
1.2824901926905126,-1.992354606698226,2.07279396281756,0.9796831725087195,-0.06783112517376855,-0.8739902909732515,229.35853252807772,483.5758734145046,470.71706505615543
