d_t,d_h,thres,nDT,timeHin,bias,LL,BIC,AIC
-1.9018638482046815,-1.9998947937932088,2.4231767535367714,0.9945844574571507,-0.04199237126159991,-0.7368988051026256,137.57208457188196,297.4256015439898,287.1441691437639
