d_t,d_h,thres,nDT,timeHin,bias,LL,BIC,AIC
1.9857263177753028,-1.9954501226441237,1.983038170958991,0.9743739225455977,-0.12878580680248827,-0.42760187891923485,303.70511920146333,634.1363221804477,619.4102384029267
