d_t,d_h,thres,nDT,timeHin,bias,LL,BIC,AIC
1.9768503829274189,-1.9918589358560856,1.815417200319855,0.9956277280397203,-0.05984063714516982,-0.9678213441653956,281.734088703791,589.8348723356166,575.468177407582
