d_t,d_h,thres,nDT,timeHin,bias,LL,BIC,AIC
1.8632977307560272,-1.9962594979455286,1.6295827475636981,0.992639179044612,-0.05372059599944139,-0.7865138960824951,298.6417522116497,624.0095882008204,609.2835044232994
