d_t,d_h,thres,nDT,timeHin,bias,LL,BIC,AIC
-1.9771505592815255,-1.9994401090683984,1.430442233559655,0.9837476735934098,-0.12765384361189752,-0.6308591290805103,190.94948584716892,406.0510818387487,393.89897169433783
