d_t,d_h,thres,nDT,timeHin,bias,LL,BIC,AIC
1.075978655270297,-1.9978902339320779,2.777625713311136,0.9943944774057043,-0.054342718032449264,0.9803717140852765,127.17702323223722,276.0195539403398,266.35404646447444
