d_t,d_h,thres,nDT,timeHin,bias,LL,BIC,AIC
-0.17525327784691255,-1.9878953943467528,0.873427062481642,0.9492617009706993,0.030679196831585806,0.4108988089428547,185.66647019869185,395.15469187869644,383.3329403973837
