d_t,d_h,thres,nDT,timeHin,bias,LL,BIC,AIC
-1.9710754406461586,-1.9992221466593532,2.310237015578224,0.9570393407592506,-0.14059937798881797,-0.1534680335677952,213.22937386258042,451.02481509849343,438.45874772516083
