d_t,d_h,thres,nDT,timeHin,bias,LL,BIC,AIC
1.9648530969379046,-1.9986721299111132,1.8446486058644496,0.9841405936327151,-0.0949036445410274,-0.6802865416586168,167.65015937982346,358.6512405483107,347.3003187596469
