d_t,d_h,thres,nDT,timeHin,bias,LL,BIC,AIC
0.11985163665699083,-1.9971317086848226,0.7077662922800325,0.9852789622874696,-0.035294626334782295,-0.36942666562813314,307.45758588538166,641.7791926576326,626.9151717707633
