d_t,d_h,thres,nDT,timeHin,bias,LL,BIC,AIC
-1.9559370533436407,-1.9950435539548599,1.128993369840158,0.9862799231754186,-0.052150546287873495,-0.9430773461711137,259.7380172906322,544.6139630334229,531.4760345812643
