d_t,d_h,thres,nDT,timeHin,bias,LL,BIC,AIC
-1.9459980032773536,-1.9991237209278172,0.900581899104989,0.9741293173765254,-0.1160624460588546,-0.40061405245202497,181.16871910518796,385.9283920067219,374.3374382103759
