d_t,d_h,thres,nDT,timeHin,bias,LL,BIC,AIC
1.7819625785952364,-1.9868146841370489,1.6673186349165647,0.9878262393505943,-0.13119412106790104,-0.8837062353062077,276.2542997706016,577.9995709934994,564.5085995412032
