d_t,d_h,thres,nDT,timeHin,bias,LL,BIC,AIC
1.9802378979592494,-1.98896259419263,2.8148331497429924,0.9960568242314892,-0.021939905859651228,-0.3924949928186834,123.7281920999266,268.9574978305899,259.45638419985323
