d_t,d_h,thres,nDT,timeHin,bias,LL,BIC,AIC
-1.9998996606757198,-1.9983405658851008,2.504595414563187,0.9666947172969309,-0.11115763744097924,0.5888704392419495,283.2840568941316,593.0084292718487,578.5681137882632
