d_t,d_h,thres,nDT,timeHin,bias,LL,BIC,AIC
-1.983062752424529,-1.9943781327269368,2.0447460490743947,0.9644716187706585,-0.07947350790434314,0.5110258594235207,194.86326980443772,413.9848472158827,401.72653960887544
