d_t,d_h,thres,nDT,timeHin,bias,LL,BIC,AIC
-1.915551048726462,-1.9949572801248754,1.1114205851954035,0.9596957742213144,-0.170693546390889,-0.0172078719381785,319.4824304046001,665.9637188311818,650.9648608092002
