d_t,d_h,thres,nDT,timeHin,bias,LL,BIC,AIC
-1.9370587016346315,-1.9918424738473277,1.1678521378488982,0.9786535995756489,-0.07483044801664615,-0.6563021583472578,195.42749831265212,414.7889009046899,402.85499662530424
