d_t,d_h,thres,nDT,timeHin,bias,LL,BIC,AIC
-0.47996093870955264,-1.9981211605500748,1.8935713597941901,0.9888761848815495,-3.14215846449199e-4,-0.4210271597321413,290.76781588261963,608.0486754120188,593.5356317652393
