d_t,d_h,thres,nDT,timeHin,bias,LL,BIC,AIC
-1.0587357948399347,-1.9216004789388075,2.9395828056094535,0.9960347907984622,0.007928473046027812,-0.999967617523904,36.91676978854568,87.64905013505563,85.83353957709136
