d_t,d_h,thres,nDT,timeHin,bias,LL,BIC,AIC
-1.995506219071375,-1.9990671912762734,1.4035028409793795,0.9731194684566034,-0.11455292267195993,-0.5103978720161749,241.1963775338448,507.88372651998577,494.3927550676896
