d_t,d_h,thres,nDT,timeHin,bias,LL,BIC,AIC
-0.15740899816103737,-1.9936614002349669,2.2102333787657944,0.9809332777079616,-0.016661293532061104,0.8682880461442863,130.800813396554,283.58299666988586,273.601626793108
