d_t,d_h,thres,nDT,timeHin,bias,LL,BIC,AIC
-1.791706118569643,-1.9941285983785815,2.5688905129800963,0.98069650461247,-0.006478029704728986,-0.7913891936381028,42.13353682597564,98.08258420991555,96.26707365195128
