d_t,d_h,thres,nDT,timeHin,bias,LL,BIC,AIC
1.9124999798036393,-1.999107761403889,1.6429316528141498,0.985329645213131,-0.11665254927768313,-0.8753081297516349,276.9996248642253,580.2159368432527,565.9992497284506
