d_t,d_h,thres,nDT,timeHin,bias,LL,BIC,AIC
0.5447460917590817,-1.9958972787456104,2.5469798065278617,0.9841311395165199,-0.06802483333823726,-0.8503768037756536,301.7632507675452,630.3905224219595,615.5265015350903
