d_t,d_h,thres,nDT,timeHin,bias,LL,BIC,AIC
-0.8585161823985624,-1.9978684757539875,1.6709676798326498,0.9945288410392925,-0.07105668283687046,-0.9561898768192706,111.56352941233274,243.92147424146384,235.12705882466548
