d_t,d_h,thres,nDT,timeHin,bias,LL,BIC,AIC
1.642329217339637,-1.9980299196551403,2.447502139243002,0.9947023629489175,-0.03766252006023506,-0.9690932547730146,108.67704760081676,237.9580184285444,229.35409520163353
