d_t,d_h,thres,nDT,timeHin,bias,LL,BIC,AIC
-0.22513624266387677,-1.9947895622930667,0.7040934657958224,0.9495171620422443,0.03878894583841283,-0.2572546054008055,288.7365557675688,603.9134270187232,589.4731115351376
