d_t,d_h,thres,nDT,timeHin,bias,LL,BIC,AIC
-1.9835841789850859,-1.9998948629252422,1.9494752870024534,0.9801617785366593,-0.14396212364125965,0.5856490590279061,290.47644499455026,607.4659336358801,592.9528899891005
