d_t,d_h,thres,nDT,timeHin,bias,LL,BIC,AIC
-0.1377250709671479,-1.9944460994687205,2.977142118662596,0.9836629089224199,0.001591629862569388,-0.7030073906886201,268.74183285624036,563.7003528272828,549.4836657124807
