d_t,d_h,thres,nDT,timeHin,bias,LL,BIC,AIC
1.9590215711651735,-1.999155565363444,2.127177058676839,0.9842761616778324,-0.10642478213462186,-0.14285251114080502,284.14697902617337,594.8788588454066,580.2939580523467
