d_t,d_h,thres,nDT,timeHin,bias,LL,BIC,AIC
-1.9118703735721703,-1.9947708203382597,1.423544892510534,0.9719556249368254,-0.1605037443837676,-0.10570292166917215,284.5437030789813,595.5277216415482,581.0874061579626
