d_t,d_h,thres,nDT,timeHin,bias,LL,BIC,AIC
-1.974904663447291,-1.9977696119689041,1.2228246371810028,0.9740802014076375,-0.15779137300491308,-0.0632503025988713,284.8577135065774,596.0821219411894,581.7154270131548
