d_t,d_h,thres,nDT,timeHin,bias,LL,BIC,AIC
0.05908474523450649,-1.9949829257226563,1.2378273286172587,0.9942613387677302,-0.01605870994383901,-0.7918316732484849,301.1411502965183,629.2141188114294,614.2823005930366
