d_t,d_h,thres,nDT,timeHin,bias,LL,BIC,AIC
-0.6970730241449828,-1.9976015517414223,0.8694891421124339,0.9845701269354759,-0.17547761681616064,-0.815977023216996,302.1012848743233,630.4192568634487,616.2025697486466
