d_t,d_h,thres,nDT,timeHin,bias,LL,BIC,AIC
-0.6593311725297992,-1.9959143135917201,1.536128961589577,0.9838891781039221,-0.16219113109404626,-0.6899354184698714,306.08672817259406,638.5401512732228,624.1734563451881
