d_t,d_h,thres,nDT,timeHin,bias,LL,BIC,AIC
1.9791731465718165,-1.9980006886348678,0.7152922294400141,0.9837867812270016,-0.0676185454924542,-0.767409706700986,305.14840388522737,637.2286259888476,622.2968077704547
