d_t,d_h,thres,nDT,timeHin,bias,LL,BIC,AIC
-1.9103096788749099,-1.9946142323648604,1.1255981091991132,0.9846287976447501,-0.20167901123394766,-0.7878426733110412,267.70431151630487,561.0686197467061,547.4086230326097
