d_t,d_h,thres,nDT,timeHin,bias,LL,BIC,AIC
-0.047436479604419865,-1.9950549282031542,2.389407192005457,0.9940314943371716,-0.007226018592739613,-0.8599983825285472,285.0442206254927,596.601484897765,582.0884412509854
