d_t,d_h,thres,nDT,timeHin,bias,LL,BIC,AIC
0.050051844746925436,-1.9971194056913737,1.6271228131348918,0.9861200702624021,-0.03543610898631423,-0.6902253040848532,243.96904383816565,513.5141669385791,499.9380876763313
