d_t,d_h,thres,nDT,timeHin,bias,LL,BIC,AIC
-1.990271683542501,-1.9886692958887218,1.5355661335356408,0.9651475852987909,-0.12634891115980526,0.28541683920846805,320.6789012759853,667.7981180355562,653.3578025519706
