d_t,d_h,thres,nDT,timeHin,bias,LL,BIC,AIC
1.930838304344012,-1.9978976446454864,1.702503642339266,0.9950607606789293,-0.04578831741430203,-0.9027880067192681,188.88590495590785,401.81580902321053,389.7718099118157
