d_t,d_h,thres,nDT,timeHin,bias,LL,BIC,AIC
-1.1341171655754807,-1.695182306335398,2.2188420417642583,0.9991277320553469,-0.015911838663128397,-0.9994447099168886,218.23025770539186,457.6186785584807,448.4605154107837
