d_t,d_h,thres,nDT,timeHin,bias,LL,BIC,AIC
1.9113265209557515,-1.9933303655701011,1.4105755012482406,0.9944694324286827,-0.03553283040459908,-0.997712990984778,226.7366099762607,478.5195435718952,465.4732199525214
