d_t,d_h,thres,nDT,timeHin,bias,LL,BIC,AIC
1.949595488450255,-1.9900360795636038,1.9972285899311166,0.9946181570855555,-0.044902953764327506,-0.9985252709170229,278.3466074486104,581.4560212074914,568.6932148972209
