d_t,d_h,thres,nDT,timeHin,bias,LL,BIC,AIC
-1.9619396736678842,-1.997050264020208,0.6335475031077178,0.9998647611052889,-0.03637800633552278,-0.9987336289439854,224.2601034009807,473.7483625183072,460.5202068019614
