d_t,d_h,thres,nDT,timeHin,bias,LL,BIC,AIC
1.9936906184737835,-1.9962170166979376,1.2713853453454764,0.9946155404277898,-0.09251364879442185,-0.9573703208518903,237.61212517169022,500.54129657443707,487.22425034338045
