d_t,d_h,thres,nDT,timeHin,bias,LL,BIC,AIC
-1.9933725173862047,-1.9994437743338291,1.0818293391433593,0.9938471920618606,-0.07209802605240795,-0.857170208570188,276.34274273119877,579.0521803904321,564.6854854623975
