d_t,d_h,thres,nDT,timeHin,bias,LL,BIC,AIC
1.8589782940045485,-1.9917480366898235,1.7086905352771282,0.9743306812647151,-0.09739639367249076,-0.7724721821454541,314.7915430759223,655.8752459598878,641.5830861518446
