d_t,d_h,thres,nDT,timeHin,bias,LL,BIC,AIC
-1.6964081588548838,-1.9995136117113719,1.207037436648918,0.9878154277735802,-0.1787669198662479,-0.7094811541757419,268.86721882307285,563.8746906062833,549.7344376461457
