d_t,d_h,thres,nDT,timeHin,bias,LL,BIC,AIC
-1.895070265011371,-1.997585357665822,2.6613492803648113,0.9943740685003228,-0.10767836009626118,-0.9986599202148156,281.0286425070043,588.2739721288107,574.0572850140086
