d_t,d_h,thres,nDT,timeHin,bias,LL,BIC,AIC
-1.6860196331539914,-1.9987219796309408,1.7644892048008352,0.9940755325452426,-0.10333429711860745,-0.999191398081151,214.7357463071084,454.42479111437484,441.4714926142168
