d_t,d_h,thres,nDT,timeHin,bias,LL,BIC,AIC
1.9662939897823513,-1.9995659964697468,1.9903286087816914,0.9952701413755172,-0.07978740536268447,-0.9995388687151647,284.58807929034003,595.5428535087146,581.1761585806801
