d_t,d_h,thres,nDT,timeHin,bias,LL,BIC,AIC
1.99446341327684,-1.994100363887328,2.2435072216279193,0.9736843726549953,-0.034357659271211365,-0.6727155320573036,219.14092116844364,462.8479097102199,450.2818423368873
