d_t,d_h,thres,nDT,timeHin,bias,LL,BIC,AIC
1.455242685331167,-1.9993306211394286,2.3321570688808806,0.9839838780346124,-0.07791114537120894,-0.8390287752047028,245.18849102391493,515.4233056672037,502.37698204782987
