d_t,d_h,thres,nDT,timeHin,bias,LL,BIC,AIC
1.058944476883509,-1.995676715055606,0.9064420789189591,0.993349290070372,-0.059539911129751925,-0.7970392585387078,273.488782981885,573.3442608918047,558.97756596377
