d_t,d_h,thres,nDT,timeHin,bias,LL,BIC,AIC
0.7124605431150639,-1.997152240938423,1.6477711955085397,0.9942016285216069,-0.08163667268222558,-0.865054903307512,255.17334646790664,535.8376643881095,522.3466929358133
