d_t,d_h,thres,nDT,timeHin,bias,LL,BIC,AIC
-1.8152152817606357,-1.9960158707238904,1.1497479491977889,0.994467171929271,-0.1465498741377896,-0.9772714261300772,157.88290612072873,338.73766062039203,327.76581224145747
