d_t,d_h,thres,nDT,timeHin,bias,LL,BIC,AIC
1.887712238328754,-1.9931613617928539,1.2276350377448895,0.9881926890290426,-0.0775391786966054,-0.9103910767035114,302.0453565940482,630.3828729961397,616.0907131880964
