d_t,d_h,thres,nDT,timeHin,bias,LL,BIC,AIC
-1.969116465638287,-1.990009782295605,1.8305023687007256,0.9913803648133798,-0.058710599682368636,-0.9922280155472561,275.9803328556754,577.3653047389344,563.9606657113508
