d_t,d_h,thres,nDT,timeHin,bias,LL,BIC,AIC
-1.9948973463771082,-1.9987376285437346,1.3332331863900475,0.9863136663026114,-0.046810700803574405,0.7191406203092445,277.2799357134606,580.135950689169,566.5598714269212
