d_t,d_h,thres,nDT,timeHin,bias,LL,BIC,AIC
-1.865025104222253,-1.999737327711871,1.4037101086601613,0.9854428716132378,-0.10980030531204397,-0.5155201588428886,233.55839568315068,492.433837597358,479.11679136630136
