d_t,d_h,thres,nDT,timeHin,bias,LL,BIC,AIC
1.966796982276182,-1.9892108607646486,2.6967117279835344,0.983724941720942,-0.1701374113009662,-0.6105556606316561,299.33293822334946,624.6502764884169,610.6658764466989
