d_t,d_h,thres,nDT,timeHin,bias,LL,BIC,AIC
1.9908402425034433,-1.9904109264017402,2.9914158551975376,0.9634090711288484,-0.1052043006695803,-0.27892858073041027,233.65034948025283,492.1595073188548,479.30069896050566
