d_t,d_h,thres,nDT,timeHin,bias,LL,BIC,AIC
-0.09257297463173726,-1.9971747411024203,2.591599643215755,0.9838320518373617,0.0036989002599549037,-0.6088584559022602,289.44211787890464,605.1009228726114,590.8842357578093
