d_t,d_h,thres,nDT,timeHin,bias,LL,BIC,AIC
1.8912675188425523,-1.9995956819749516,2.5617568932473658,0.9838111549244252,-0.19145961069450468,-0.7078765620439916,264.69481284100783,555.2945543632335,541.3896256820157
