d_t,d_h,thres,nDT,timeHin,bias,LL,BIC,AIC
-1.809606601937973,-1.9974399674739984,2.2144461626632213,0.9754143395894317,-0.1260174731504449,0.2249187941952212,288.4159285966793,603.2721726769441,588.8318571933586
