d_t,d_h,thres,nDT,timeHin,bias,LL,BIC,AIC
-1.91937763476932,-1.9989630014370163,1.0072852318023084,0.9674081991950458,-0.15186256822884558,-0.29026301346894967,269.72985628502164,565.5225451011654,551.4597125700433
