d_t,d_h,thres,nDT,timeHin,bias,LL,BIC,AIC
1.7599590821191669,-1.9988624100611132,1.2239957566151014,0.9940311238181843,-0.06778312193583948,-0.9081791904413751,286.48990817176855,599.4201318271226,584.9798163435371
