d_t,d_h,thres,nDT,timeHin,bias,LL,BIC,AIC
0.7453727129353277,-1.9988934970706005,2.3988887339150304,0.9879907944641692,-0.051060062962772365,-0.9205244385170143,302.75945877390836,632.2450013253377,617.5189175478167
