d_t,d_h,thres,nDT,timeHin,bias,LL,BIC,AIC
-1.9196938040508336,-1.9918349791819498,2.6212564974497568,0.970037384108318,-0.15360526481649575,-0.21385958339469327,243.60492887060823,512.6144967688,499.20985774121647
