d_t,d_h,thres,nDT,timeHin,bias,LL,BIC,AIC
1.9050175672859346,-1.9944705860251744,1.2849880442373969,0.9940148363701506,-0.12174801122154613,-0.8005729488575595,284.767664317119,596.0483722810176,581.535328634238
