d_t,d_h,thres,nDT,timeHin,bias,LL,BIC,AIC
0.7248020172253454,-1.999098033823258,0.8432431997196141,0.9858256678370094,0.007867986237083721,-0.8542564501280675,109.33859902248953,239.084382334952,230.67719804497906
