d_t,d_h,thres,nDT,timeHin,bias,LL,BIC,AIC
1.9610682260564558,-1.99814089615125,2.00956766523172,0.9837545538514603,-0.17530628002658055,-0.8893902431871537,262.26593492296297,550.0228412982221,536.5318698459259
