d_t,d_h,thres,nDT,timeHin,bias,LL,BIC,AIC
-1.8138682063827305,-1.9996895088013749,2.3569726958674972,0.9795108222913144,-0.12262166005999195,-0.15492828761316477,265.9185136362886,557.3279987248734,543.8370272725772
