d_t,d_h,thres,nDT,timeHin,bias,LL,BIC,AIC
-1.9989453322118869,-1.9944625353843548,1.38979470692575,0.9861764066854856,-0.04727542977133297,0.9201521925610125,117.45592586529067,256.24394009951783,246.91185173058133
