d_t,d_h,thres,nDT,timeHin,bias,LL,BIC,AIC
-1.939508758503423,-1.9944588907006908,0.8571689773012493,0.9948401569391682,-0.0038051716908724057,-0.9647042761249208,117.33130020791481,255.99468878476608,246.66260041582962
