d_t,d_h,thres,nDT,timeHin,bias,LL,BIC,AIC
-1.996796086446499,-1.9896260487198172,2.866745357418554,0.9745250204317778,-0.16867183182208467,0.04968306400045429,285.41228306606314,597.191261060161,582.8245661321263
