d_t,d_h,thres,nDT,timeHin,bias,LL,BIC,AIC
1.973631442757343,-1.991369318122686,2.0305552782344627,0.9935198287995582,-0.0934238684520741,-0.9285226576191381,144.96076390310338,312.48872850036815,301.92152780620677
