d_t,d_h,thres,nDT,timeHin,bias,LL,BIC,AIC
-0.9974185533978749,-1.9974986607653025,2.746452344781246,0.9943761394642983,-0.11371729158183376,-0.964761871529143,275.0407579944818,576.4482109169983,562.0815159889636
