d_t,d_h,thres,nDT,timeHin,bias,LL,BIC,AIC
1.9753094788356034,-1.996023193036499,2.1518176069181507,0.9937103641261587,-0.12775099367834314,-0.9644691325586194,287.2786606963333,601.0703650394462,586.5573213926666
