d_t,d_h,thres,nDT,timeHin,bias,LL,BIC,AIC
1.8942419830487454,-1.9968505882627419,1.1753925028707095,0.9942762965236854,-0.12507748548532907,-0.9795054089067503,277.2630810175999,580.7428491500019,566.5261620351998
