d_t,d_h,thres,nDT,timeHin,bias,LL,BIC,AIC
-1.9976922118304423,-1.999452461736323,0.8568565300314186,0.9838670339248269,-0.09654556491920735,-0.7736409530488584,126.86073232966113,275.05355302825876,265.72146465932224
