d_t,d_h,thres,nDT,timeHin,bias,LL,BIC,AIC
-1.5015416151438188,-1.9978605550820825,0.9191055634239554,0.9659999021126087,-0.18393814216691426,0.3506379388523665,294.42385385080695,615.5737914791349,600.8477077016139
