d_t,d_h,thres,nDT,timeHin,bias,LL,BIC,AIC
-0.29443716953603977,-1.9959336450491136,2.8298290846980962,0.9899079721187692,-0.008594077342344943,-0.8918116750174021,161.16366397057897,345.42821355141825,334.32732794115793
