d_t,d_h,thres,nDT,timeHin,bias,LL,BIC,AIC
1.3828822158282488,-1.9989976853310183,2.9163237694064916,0.9944400080399692,-0.03649530571231248,-0.7660541913890433,278.98238058303025,584.405076649646,569.9647611660605
