d_t,d_h,thres,nDT,timeHin,bias,LL,BIC,AIC
-1.5927510375382061,-1.9887820660941746,1.5656039294921689,0.9945575550078097,-0.07968739201745172,-0.9985177535368374,286.1898779452173,596.7424139537131,584.3797558904346
