d_t,d_h,thres,nDT,timeHin,bias,LL,BIC,AIC
0.5530271580797123,-1.9980726649452059,2.0459395113469143,0.9953083070638126,-0.1219053790146753,-0.9995037032033097,296.88956973208167,618.0374470711706,605.7791394641633
