d_t,d_h,thres,nDT,timeHin,bias,LL,BIC,AIC
1.977521501625679,-1.999582135925501,2.1030090509362176,0.9827728743975026,-0.1648481683617068,-0.24542009106455454,270.5594514707866,567.1033029832912,553.1189029415732
