d_t,d_h,thres,nDT,timeHin,bias,LL,BIC,AIC
-1.9664596426987444,-1.9997591691206438,1.8967811230570077,0.9708967336884659,-0.16475931842303929,-0.32881663460706423,304.94763455181527,636.6213528811516,621.8952691036305
