d_t,d_h,thres,nDT,timeHin,bias,LL,BIC,AIC
1.9879690001201764,-1.985021683953393,1.4946199275213243,0.9933969909022647,-0.058879666224029806,-0.9995341381430684,282.4170638712061,591.1262875504555,576.8341277424122
