d_t,d_h,thres,nDT,timeHin,bias,LL,BIC,AIC
1.867078774422998,-1.9998084157002387,1.8686484061181545,0.9949909413282559,-0.11528709244501376,-0.9980595128677874,271.45575222270344,568.2285506764636,554.9115044454069
