d_t,d_h,thres,nDT,timeHin,bias,LL,BIC,AIC
0.9948052631697419,-1.9935109771773196,1.5803037519553,0.9829559462522229,-0.11743755523578554,-0.6730794017059019,238.79736544610788,502.9993699197993,489.59473089221575
