d_t,d_h,thres,nDT,timeHin,bias,LL,BIC,AIC
1.9030325060775524,-1.9965493135410757,2.2284132830420567,0.9943860918010994,-0.07491418605055883,-0.9990145006706879,268.93202111153374,563.9268747541896,549.8640422230675
