d_t,d_h,thres,nDT,timeHin,bias,LL,BIC,AIC
0.17539386201217147,-1.9995367830930926,1.8986560459606308,0.9726016998622162,-0.05606313815059902,-0.7861665286593109,275.7003316059807,577.6928230200047,563.4006632119614
