d_t,d_h,thres,nDT,timeHin,bias,LL,BIC,AIC
1.6966988333328503,-1.9959148746374238,0.9459636999294161,0.994976983972749,-0.05174040054366536,-0.9780244253294985,253.65424915446283,532.1673066672748,519.3084983089257
