d_t,d_h,thres,nDT,timeHin,bias,LL,BIC,AIC
-1.9083337031028529,-1.9951067359897807,2.0000834053077634,0.9781328305595366,-0.19969497866519054,-0.6027745998574552,299.6739251367415,625.8608939202626,611.347850273483
