d_t,d_h,thres,nDT,timeHin,bias,LL,BIC,AIC
1.1961136675283,-1.9957196807361037,2.27719477352443,0.9834189828029061,-0.09464705659093262,-0.7775327149607556,269.69271955029086,564.7024853316384,551.3854391005817
