d_t,d_h,thres,nDT,timeHin,bias,LL,BIC,AIC
-1.4756635575151302,-1.9929161819847245,2.3606352141813733,0.9837562396513542,-0.1493829768693412,-0.9112609291264596,299.9409999546967,625.7869285906112,611.8819999093934
