d_t,d_h,thres,nDT,timeHin,bias,LL,BIC,AIC
-1.6838339105415365,-1.9991302365982766,2.281647744847906,0.9818375866458473,-0.1890717071448494,-0.9218279578393853,296.15417332541944,618.371179181961,604.3083466508389
