d_t,d_h,thres,nDT,timeHin,bias,LL,BIC,AIC
-0.7229055540231918,-1.9995070976236147,0.8092990631930332,0.9786834497433701,-0.06732083380784777,0.4871513432278168,281.07049759613255,588.5076901202997,574.1409951922651
