d_t,d_h,thres,nDT,timeHin,bias,LL,BIC,AIC
-0.6497783369949724,-1.9982858165853665,2.276587314980995,0.9942644753997627,-0.07971271001815107,-0.9395677938496925,220.7715772783165,466.20839774167285,453.543154556633
