d_t,d_h,thres,nDT,timeHin,bias,LL,BIC,AIC
-0.9141159256395657,-1.9991469061465899,2.057827495783567,0.9788862813399981,-0.08903619375987402,0.21984742907152838,293.120374865709,612.8256505244779,598.240749731418
