d_t,d_h,thres,nDT,timeHin,bias,LL,BIC,AIC
-1.9867697041481733,-1.999301087606353,2.298885332453313,0.9855986827714085,-0.13294761385528098,-0.8884785266308336,219.07386222764183,462.9105307655542,450.14772445528365
