d_t,d_h,thres,nDT,timeHin,bias,LL,BIC,AIC
1.6975973402827558,-1.9974838382548987,0.631847918872402,0.9941488979392845,-0.135068102379938,-0.9324879854210821,219.59664335822532,464.23961033582447,451.19328671645064
