d_t,d_h,thres,nDT,timeHin,bias,LL,BIC,AIC
-1.905356441242655,-1.995357146153576,1.9435346070715547,0.9943484024016989,-0.05739594964779161,-0.9850720263869756,222.04354340545893,469.22501526307644,456.08708681091787
