d_t,d_h,thres,nDT,timeHin,bias,LL,BIC,AIC
1.5489956054212695,-1.9999959983937792,2.125006128845459,0.9863615323135511,-0.08970142747277565,-0.9739891965865309,183.24169786724264,386.8905800244582,378.48339573448527
