d_t,d_h,thres,nDT,timeHin,bias,LL,BIC,AIC
1.969006737864981,-1.9964064821427954,2.668176065613941,0.9837486524856849,-0.17018219076004118,-0.8018848493508692,265.1449230392464,556.1142366377178,542.2898460784928
