d_t,d_h,thres,nDT,timeHin,bias,LL,BIC,AIC
-0.5392222332938597,-1.9996182330339807,0.8322786818770536,0.9836073546857964,-0.11853015119881373,-0.7319801442630718,270.06296030717806,565.5305596419397,552.1259206143561
