d_t,d_h,thres,nDT,timeHin,bias,LL,BIC,AIC
1.9853175614476217,-1.9817674193133927,1.3316663415479917,0.9881514238398672,-0.030681221923773365,-0.8828728156068596,277.6517898312723,581.2879797042626,567.3035796625446
