d_t,d_h,thres,nDT,timeHin,bias,LL,BIC,AIC
1.9858245783021915,-1.9991119782278368,2.3583914939319355,0.9782617409673916,-0.1072894809648961,-0.365950579484496,292.6619427131594,611.9797929652607,597.3238854263188
