d_t,d_h,thres,nDT,timeHin,bias,LL,BIC,AIC
0.13673347092098248,-1.9731089061373799,1.9993996001780032,0.9786212222310267,0.008212708116346994,-0.6078798695220604,298.66417929758575,624.0544423726925,609.3283585951715
