d_t,d_h,thres,nDT,timeHin,bias,LL,BIC,AIC
-1.0108390644754384,-1.9928486679381143,1.3383444189708593,0.9944282781458611,-0.058743589488455296,-0.9972732254281633,257.0402397407967,539.0337779817514,526.0804794815934
