d_t,d_h,thres,nDT,timeHin,bias,LL,BIC,AIC
-1.9938439537433648,-1.9954303271631364,0.9200980160257014,0.994775686773347,-0.0866270969859662,-0.9986219826649763,245.11204229200715,514.6893092474486,502.2240845840143
