d_t,d_h,thres,nDT,timeHin,bias,LL,BIC,AIC
0.7296810564850612,-1.9994151839467678,0.920871051566474,0.9791091492329177,-0.12804001899162015,-0.8864253471365028,302.55770109366404,631.9108508992556,617.1154021873281
