d_t,d_h,thres,nDT,timeHin,bias,LL,BIC,AIC
-0.6229633177452791,-1.7805550661522962,1.181399394716751,0.9986983103020272,0.001224599575215951,-0.9985147541449683,67.316208405528,151.6316968753933,146.632416811056
