d_t,d_h,thres,nDT,timeHin,bias,LL,BIC,AIC
1.9884581205741991,-1.9997601835069776,1.7276273913681508,0.9830755139733438,-0.18078487173433538,-0.7588696005177646,288.23206400957315,602.8308229471809,588.4641280191463
