d_t,d_h,thres,nDT,timeHin,bias,LL,BIC,AIC
-0.6077738678299351,-1.5669761964233506,2.107951487576722,0.9944651827446095,-6.482960435908215e-4,-0.9974173600785434,70.6487620136689,158.6397545747148,153.2975240273378
