d_t,d_h,thres,nDT,timeHin,bias,LL,BIC,AIC
-1.9506725267782716,-1.999453325593965,2.665071535457238,0.9757872743219022,-0.171950143956668,-0.18626364856268726,266.4586568768659,558.980146284854,544.9173137537318
