d_t,d_h,thres,nDT,timeHin,bias,LL,BIC,AIC
-1.9075205257757197,-1.9969841360040457,2.4439165113695465,0.9944311610057335,-0.15985891238092592,-0.9289299369025221,224.7206413729373,474.5792111980332,461.4412827458746
