d_t,d_h,thres,nDT,timeHin,bias,LL,BIC,AIC
-1.3282446398290424,-1.9973853577369889,1.5249981405420516,0.9938175478527264,-0.061684164398517156,-0.9981257145492235,289.6860172630826,603.3059388055508,591.3720345261652
