d_t,d_h,thres,nDT,timeHin,bias,LL,BIC,AIC
-1.597577052048826,-1.9932475633090203,2.232365044828999,0.9788386223034824,-0.11628664202939926,-0.29309487236867765,287.1595610993237,600.9040229917073,586.3191221986474
