d_t,d_h,thres,nDT,timeHin,bias,LL,BIC,AIC
-0.6773225975243228,-1.9803117068938683,1.6363925063209979,0.9949360593826612,-0.05582552855273987,-0.9887853559859827,291.7702493132286,607.584497737852,595.5404986264572
