d_t,d_h,thres,nDT,timeHin,bias,LL,BIC,AIC
1.9992477123431016,-1.9967019548574696,1.6210037506625645,0.98387741435943,-0.12199432292882816,-0.8696958955942841,287.8310865317264,601.5671017446706,587.6621730634528
