d_t,d_h,thres,nDT,timeHin,bias,LL,BIC,AIC
1.9729274612889671,-1.999835095050911,2.3103831434436115,0.9942962427592157,-0.137608575458698,-0.9355684364783468,286.40284035937736,598.6300712779797,584.8056807187547
