d_t,d_h,thres,nDT,timeHin,bias,LL,BIC,AIC
1.6046280854020525,-1.925381544244768,0.9997401327950804,0.9953898353211884,-0.04322435695060817,-0.9992083315262164,249.80748862807377,518.9282322053567,511.61497725614754
