d_t,d_h,thres,nDT,timeHin,bias,LL,BIC,AIC
-1.7120915872373481,-1.9959849732660977,1.81985425283934,0.994710994186101,-0.10527763317864139,-0.9776768097287032,247.90415385533572,521.6326982698964,507.80830771067144
