d_t,d_h,thres,nDT,timeHin,bias,LL,BIC,AIC
-1.9279407148173517,-1.999381887378646,2.496401694511824,0.9933502420835942,-0.0750423048931105,-0.4662592646706698,258.76764161262355,543.5981157563692,529.5352832252471
