d_t,d_h,thres,nDT,timeHin,bias,LL,BIC,AIC
-0.11048325114387034,-1.9950353094525874,2.452101101889528,0.9929836358185935,-0.001015978294876184,-0.963556032361045,272.0373916211918,570.3669430504268,556.0747832423835
