d_t,d_h,thres,nDT,timeHin,bias,LL,BIC,AIC
-1.7892827036843983,-1.667501146486404,0.9807234747335314,0.9938548172637177,-0.0694692029149208,-0.9994687120643089,287.35093623016047,590.9501736669342,586.7018724603209
