d_t,d_h,thres,nDT,timeHin,bias,LL,BIC,AIC
-1.189868256641019,-1.7428561297534984,2.5717777113616744,0.9947472869636551,-0.04090451671675387,-0.9996857028509453,297.00761074283514,610.650753819109,606.0152214856703
