d_t,d_h,thres,nDT,timeHin,bias,LL,BIC,AIC
-0.7854550713673234,-1.4229991406101834,2.680597555738684,0.9963017794961285,-0.13230119061660922,-0.9991671562974959,229.84191288217968,478.99708071356855,471.68382576435937
