d_t,d_h,thres,nDT,timeHin,bias,LL,BIC,AIC
1.7911195518101668,-1.9985563762592717,2.7698090998352956,0.9917516792133391,-0.1255673012190307,-0.8229086776164447,283.87665860275985,593.9700043203218,579.7533172055197
