d_t,d_h,thres,nDT,timeHin,bias,LL,BIC,AIC
1.9935302080635255,-1.9969413866294508,1.6464099977626432,0.9833130728293856,-0.0714274376376445,-0.7174587825837841,301.1472739213839,629.0206316202888,614.2945478427678
