d_t,d_h,thres,nDT,timeHin,bias,LL,BIC,AIC
1.9948031390152856,-1.9996999968721125,1.5647878689784838,0.9862587966088837,-0.06918803066079035,-0.7866445834934446,296.5064284358762,619.6687644106943,605.0128568717524
