d_t,d_h,thres,nDT,timeHin,bias,LL,BIC,AIC
-0.26220119298503053,-1.9995684797158184,2.9160087562359127,0.9837583896166174,0.00798401970726359,-0.9984828481871719,288.96306956059266,602.9724627405592,589.9261391211853
