d_t,d_h,thres,nDT,timeHin,bias,LL,BIC,AIC
-0.04691694583743811,-1.997786115467154,2.9210298955051073,0.9816076695496939,-0.01421639057557853,-0.4438701937217166,180.569276015467,384.84601434242256,373.138552030934
