d_t,d_h,thres,nDT,timeHin,bias,LL,BIC,AIC
1.9749570956159197,-1.9998907836766873,1.912615911788648,0.9930883840777875,-0.12560756451907348,-0.8552091061718184,222.442411686961,469.93114699329584,456.884823373922
