d_t,d_h,thres,nDT,timeHin,bias,LL,BIC,AIC
-1.8085412354893846,-1.9988965604965947,2.2392773338593712,0.999499338367652,-0.025732689949512194,-0.9219317971676635,234.17716572639983,492.28823573218534,480.35433145279967
