d_t,d_h,thres,nDT,timeHin,bias,LL,BIC,AIC
-1.9529990069568157,-1.9971430596685253,1.8114957262746858,0.9789427575802128,-0.05780335543436725,-0.2101999187099928,266.9257048234865,559.835809688691,545.851409646973
