d_t,d_h,thres,nDT,timeHin,bias,LL,BIC,AIC
1.865578979451516,-1.9994807859585029,2.450895460746501,0.9837906142788502,-0.09444510005214306,-0.9132103719860439,191.36064613674506,406.54304375480285,394.7212922734901
