d_t,d_h,thres,nDT,timeHin,bias,LL,BIC,AIC
-1.9768346208322412,-1.9959109867186065,0.9086140925064683,0.986321087411599,-0.05051648480621678,-0.6346878026708733,282.52239933744113,591.4114936029168,577.0447986748823
