d_t,d_h,thres,nDT,timeHin,bias,LL,BIC,AIC
-1.9809119167302185,-1.9993766760654834,1.956368973658794,0.9745636421768058,-0.11436676493408725,0.6185308245012022,254.58639888014952,534.8327944743953,521.1727977602991
