d_t,d_h,thres,nDT,timeHin,bias,LL,BIC,AIC
1.678930105428434,-1.9980318469542475,0.7928226037969501,0.9700622851808991,-0.16012724721752286,0.0956451381606386,305.05352419693725,636.7629559328163,622.1070483938745
