d_t,d_h,thres,nDT,timeHin,bias,LL,BIC,AIC
1.9791000475079135,-1.999303231523133,2.539684212583199,0.9837212316620312,-0.10632824733653351,-0.5809470129304949,268.72967529058036,563.5221831122828,549.4593505811607
