d_t,d_h,thres,nDT,timeHin,bias,LL,BIC,AIC
1.9557026644901487,-1.9904303774131256,1.8831353474559962,0.9943313608290976,-0.07155369601819782,-0.9516162953954889,295.1913418245938,615.7873226767712,602.3826836491876
