d_t,d_h,thres,nDT,timeHin,bias,LL,BIC,AIC
-0.1842666620176641,-1.998314625725291,1.9724175502352974,0.9826899766206179,0.005379091510516333,-0.9572101097804204,189.0913196804632,401.65477739349524,390.1826393609264
