d_t,d_h,thres,nDT,timeHin,bias,LL,BIC,AIC
-1.5234997761822369,-1.9991195594990132,2.845737890526652,0.975074683783471,-0.10709412120099576,0.5748989237928017,166.78619151251462,356.923304813693,345.57238302502924
