d_t,d_h,thres,nDT,timeHin,bias,LL,BIC,AIC
-0.17655901096580895,-1.97918608872515,0.618362065177119,0.9836008237755585,0.002426790665753265,-0.9729889483611147,188.49418262245482,400.4605032774785,388.98836524490963
