d_t,d_h,thres,nDT,timeHin,bias,LL,BIC,AIC
-0.7069250139358902,-1.9994441893233754,2.077571817819928,0.9754141992132833,-0.15565040784919534,-0.169035279829915,276.94811466598566,580.1883891400146,565.8962293319713
