d_t,d_h,thres,nDT,timeHin,bias,LL,BIC,AIC
1.9220922797278068,-1.9962039500527153,1.3679657949704442,0.9679702586749399,-0.14929088588018674,0.1995056012521373,281.15219294556294,588.521073005928,574.3043858911259
