d_t,d_h,thres,nDT,timeHin,bias,LL,BIC,AIC
-0.10131638812707303,-1.9988609726758604,2.624387087263662,0.9837537863843473,-0.01638127443070095,-0.5157174219496472,270.5055837251496,567.1514204104368,553.0111674502992
