d_t,d_h,thres,nDT,timeHin,bias,LL,BIC,AIC
-1.8653204859282202,-1.9995686798012413,1.510698710121509,0.9771031861886167,-0.07501809836057026,-0.35666263652982816,237.5810417901978,500.39023929674136,487.1620835803956
