d_t,d_h,thres,nDT,timeHin,bias,LL,BIC,AIC
-1.945008759867303,-1.9630509357689898,2.0666747418556373,0.9767446608571869,-0.1429537191882394,0.16503832911213923,285.2488051437344,596.9379257710543,582.4976102874688
