d_t,d_h,thres,nDT,timeHin,bias,LL,BIC,AIC
-1.9903459745630276,-1.9997786432842106,0.9452279628007385,0.9836802341694979,-0.05438559175500009,-0.38485794549077756,274.2227720029704,574.737703813984,560.4455440059407
