d_t,d_h,thres,nDT,timeHin,bias,LL,BIC,AIC
-1.67874555227251,-1.9972056751044285,1.8521012052867003,0.9758288620954099,-0.14727062491889278,0.017282277868958393,267.61226112105453,561.4412093569111,547.2245222421091
