d_t,d_h,thres,nDT,timeHin,bias,LL,BIC,AIC
-1.9918909485093244,-1.9807557922614993,0.92182605642928,0.9752015816669231,-0.15365287505413863,0.3044326938035202,277.4300075044668,581.1521748169769,566.8600150089336
