d_t,d_h,thres,nDT,timeHin,bias,LL,BIC,AIC
-1.9718770435395137,-1.996366881519348,1.0838285677861719,0.987231472477651,-0.06975637370946812,-0.18143578254133552,188.458838931037,401.06978800648494,388.917677862074
