d_t,d_h,thres,nDT,timeHin,bias,LL,BIC,AIC
-1.909791213085434,-1.9979462322616988,1.2627336405030725,0.9713583584544697,-0.18074932947693192,-0.25319023674297353,309.5064116890481,645.5977241711561,631.0128233780962
