d_t,d_h,thres,nDT,timeHin,bias,LL,BIC,AIC
-1.9350387308738077,-1.9983292083184474,1.5796075559880913,0.9822454802654179,-0.10775434606625195,-0.6766221186311663,119.03660663874705,259.4053016464306,250.0732132774941
