d_t,d_h,thres,nDT,timeHin,bias,LL,BIC,AIC
1.8570160532619415,-1.9974033427773816,2.1292479173952317,0.9772904890743637,-0.14695094566153538,0.2666398887745347,142.73148247087252,307.88898265144525,297.46296494174504
