d_t,d_h,thres,nDT,timeHin,bias,LL,BIC,AIC
1.9938558466286538,-1.9959459223189524,2.1920970856295017,0.9859106441129721,-0.06955348348284544,-0.876547325585208,292.47084305489886,611.4547297565773,596.9416861097977
