d_t,d_h,thres,nDT,timeHin,bias,LL,BIC,AIC
1.86663435748257,-1.994514687438265,1.5160538462921975,0.9943422589528209,-0.09359154509068485,-0.9976551998205817,53.87761377267316,124.390759878785,119.75522754534632
