d_t,d_h,thres,nDT,timeHin,bias,LL,BIC,AIC
-1.9811343248326991,-1.9954194340554205,0.7088152773678302,0.9841125540856442,-0.19288327133311056,-0.8028654045147549,293.947112096766,614.2609191215665,599.894224193532
