d_t,d_h,thres,nDT,timeHin,bias,LL,BIC,AIC
-1.998280472865696,-1.9757390340999565,1.7286335885189388,0.9787577787958973,-0.07949939270897564,0.6193038080671162,286.40655808254087,599.1798110931163,584.8131161650817
