d_t,d_h,thres,nDT,timeHin,bias,LL,BIC,AIC
-1.7824844423530757,-1.9937921251922253,2.875938765915932,0.9803959154191377,-0.14611086072495566,0.03345022104053474,264.00590681813827,553.9962136779945,540.0118136362765
