d_t,d_h,thres,nDT,timeHin,bias,LL,BIC,AIC
-1.978259228705777,-1.9968594908835344,0.6717602298422971,0.9837547623144789,-0.14891935573343895,-0.42547349471108686,222.29601466294528,469.4508376842398,456.59202932589056
