d_t,d_h,thres,nDT,timeHin,bias,LL,BIC,AIC
1.9511051016810368,-1.9986993043541919,0.9955266656354071,0.9842151037752777,-0.10101295394353928,-0.1875551840574625,280.9597509709202,588.2116617498837,573.9195019418404
