d_t,d_h,thres,nDT,timeHin,bias,LL,BIC,AIC
-1.9961740442630247,-1.9480678728042846,2.7799627961895728,0.9944308888860539,-0.05362041697522648,-0.9990909059127155,50.638324965627355,117.52495113786797,113.27664993125471
