d_t,d_h,thres,nDT,timeHin,bias,LL,BIC,AIC
-1.9919769240157719,-1.9907987114292187,1.419265097938478,0.9878142229211072,-0.17917053221372767,-0.900670138435171,299.0174831090215,624.6198670111029,610.034966218043
