d_t,d_h,thres,nDT,timeHin,bias,LL,BIC,AIC
-1.1754660811275244,-1.9948353795456166,1.4442135024815799,0.9837688068365863,-0.06186767869644349,-0.9605185110928066,307.8074990506505,637.1161117320377,627.614998101301
