d_t,d_h,thres,nDT,timeHin,bias,LL,BIC,AIC
-0.14984215308437132,-1.989966855814894,0.6623724010708547,0.9902266878891082,-0.022638192970924814,-0.9962473075751307,299.35635501262885,620.6940799020356,610.7127100252577
