d_t,d_h,thres,nDT,timeHin,bias,LL,BIC,AIC
-1.8429323629119112,-1.9898144767227959,1.962872382885257,0.9894378762041208,-0.09925841285013433,-0.9992169225893687,116.42354555007874,253.05086608007633,244.84709110015748
