d_t,d_h,thres,nDT,timeHin,bias,LL,BIC,AIC
-1.8603692302261978,-1.9156931863353486,2.223077595767143,0.9944707190509935,-0.06536743343743871,-0.9987315380316084,268.9475162840361,562.8483310682302,549.8950325680722
