d_t,d_h,thres,nDT,timeHin,bias,LL,BIC,AIC
-1.9845584542545316,-1.9948634776918974,1.9162473612744468,0.9728606015424659,-0.16033930684763947,0.7340580823515221,293.9716727324553,614.5282462579705,599.9433454649106
