d_t,d_h,thres,nDT,timeHin,bias,LL,BIC,AIC
-0.8503183459085749,-1.998806904525576,0.9014032641425729,0.9945922987682181,-0.05291714009658577,-0.8546565722277565,286.2198214172255,598.9526864812306,584.439642834451
