d_t,d_h,thres,nDT,timeHin,bias,LL,BIC,AIC
1.065640011182912,-1.9776101650312405,1.9093856349146985,0.9860178076288098,-0.06879745942510523,-0.9992653717963146,104.99616460742347,230.19610419476578,221.99232921484693
