d_t,d_h,thres,nDT,timeHin,bias,LL,BIC,AIC
-1.4581448491423672,-1.9965200714364597,1.3097918384425056,0.9947155918441174,-0.3738677063309604,-0.9342043804406264,275.5401514507682,575.014207180922,563.0803029015364
