d_t,d_h,thres,nDT,timeHin,bias,LL,BIC,AIC
1.9762442495193382,-1.9967782384841517,2.6221601144848825,0.9717218578911035,-0.1112533151674947,-0.1641778252581251,287.6235091687484,601.6873338210823,587.2470183374968
