d_t,d_h,thres,nDT,timeHin,bias,LL,BIC,AIC
1.657698916249607,-1.9607868904369516,2.250146747007966,0.9948249848568432,-0.10079098254695784,-0.9997828185696176,271.34900831836194,568.6029453179417,554.6980166367239
