d_t,d_h,thres,nDT,timeHin,bias,LL,BIC,AIC
-1.9984735687062063,-1.9987240589074349,1.8140054889174548,0.9829100236925163,-0.095854940101021,-0.10427462617582409,297.26202179777937,621.1799511345006,606.5240435955587
