d_t,d_h,thres,nDT,timeHin,bias,LL,BIC,AIC
0.854972523637116,-1.9854639020510942,0.7397563241422178,0.9949515981532083,-0.9303369983576181,-0.9410967224417723,276.66643330550596,576.9238204073579,565.3328666110119
