d_t,d_h,thres,nDT,timeHin,bias,LL,BIC,AIC
-0.7109631795598081,-1.995351661050726,2.7430344468542547,0.9953342454263627,-0.1396350659116385,-0.9999921503145753,283.2170995059527,591.4805226312792,578.4341990119054
