d_t,d_h,thres,nDT,timeHin,bias,LL,BIC,AIC
-1.8306100581406817,-1.8855873916693628,2.1186597856308165,0.9990005730731685,-0.017282940676940733,-0.9998633630840006,274.53303958369014,574.7260758814766,561.0660791673803
