d_t,d_h,thres,nDT,timeHin,bias,LL,BIC,AIC
1.971400621086049,-1.9610706587086657,2.537277867802776,0.9531341816239118,-0.096145636246111,-0.63219833415481,52.024465057277546,119.88327409224664,116.04893011455509
