d_t,d_h,thres,nDT,timeHin,bias,LL,BIC,AIC
-1.8991302762856497,-1.999223641884681,2.118759424711527,0.9743178484573066,-0.1558342474304822,-0.20835788397610316,294.20294760919074,614.846210701967,600.4058952183815
