d_t,d_h,thres,nDT,timeHin,bias,LL,BIC,AIC
1.989978265613042,-1.9982972228998936,2.023085560162904,0.9945090047275355,-0.05675087390813211,-0.8817269312619047,275.74587900633105,577.7839178207054,563.4917580126621
