d_t,d_h,thres,nDT,timeHin,bias,LL,BIC,AIC
-1.998131308106614,-1.995559975708339,1.3220399407669903,0.9717898534242119,-0.12600722585422516,0.32702108012511427,287.0095974162237,600.3113546404907,586.0191948324474
