d_t,d_h,thres,nDT,timeHin,bias,LL,BIC,AIC
1.9512302970028086,-1.99782432159522,2.5059560268475938,0.9944707949264305,-0.04225128232349534,-0.8547418186890124,167.83191256659137,359.1359631657516,347.66382513318274
