d_t,d_h,thres,nDT,timeHin,bias,LL,BIC,AIC
-1.9608900455011469,-1.9981183480660547,2.396630920297664,0.9693726611204562,-0.16689191268363698,0.5393209167784763,292.4446363837629,611.4741735605857,596.8892727675258
