d_t,d_h,thres,nDT,timeHin,bias,LL,BIC,AIC
1.9546641918651226,-1.999334538810411,2.299628685414791,0.9838694825764668,-0.0993176712577366,-0.49814206722031235,291.5759990732841,609.7368989396281,595.1519981465682
