d_t,d_h,thres,nDT,timeHin,bias,LL,BIC,AIC
1.980502054035952,-1.9960652744159453,1.6923036319562992,0.9846484623159287,-0.05727224301645699,-0.7671785284108823,280.32525414577907,587.0908237751437,572.6505082915581
