d_t,d_h,thres,nDT,timeHin,bias,LL,BIC,AIC
0.24681479318080712,-1.9746308333683782,2.106662332499014,0.917428563538757,0.0638498563592521,-0.22426280972332097,270.6972018804561,565.2161552422249,553.3944037609122
