d_t,d_h,thres,nDT,timeHin,bias,LL,BIC,AIC
0.21884551279330394,-1.996776700505233,2.2977684447360702,0.9842656089274959,-0.002271575483596987,-0.7189996901117945,208.6561818538624,441.7775883711591,429.3123637077248
