d_t,d_h,thres,nDT,timeHin,bias,LL,BIC,AIC
1.8285187272051815,-1.9998847375609,2.8698025865480306,0.9839638557349966,-0.1060978037583991,-0.8101515329203341,237.01476190546796,499.2576795272817,486.0295238109359
