d_t,d_h,thres,nDT,timeHin,bias,LL,BIC,AIC
-1.9979117051165043,-1.9992035946212114,0.9841735828667879,0.9942498106434632,-0.06344021535986774,-0.9600004855262562,292.2788261314309,610.9243471908965,596.5576522628618
