d_t,d_h,thres,nDT,timeHin,bias,LL,BIC,AIC
-1.9998222041738027,-1.9965038640635722,0.9305683505285266,0.9919374389831994,-0.19488789335933948,-0.8873407300412829,279.58527680630874,585.310806572755,571.1705536126175
