d_t,d_h,thres,nDT,timeHin,bias,LL,BIC,AIC
-1.9750046444777298,-1.996108508837126,0.6668328521184703,0.9816933628579242,-0.10901987625079962,-0.27831775828522565,292.3219709802583,611.3700257380376,596.6439419605166
