d_t,d_h,thres,nDT,timeHin,bias,LL,BIC,AIC
-1.9929436271519112,-1.9918139469528575,1.870465330731713,0.984031989750266,-0.186763153735598,-0.8840250846347346,286.1581749500073,598.6085097080579,584.3163499000146
