d_t,d_h,thres,nDT,timeHin,bias,LL,BIC,AIC
-1.9669063038003967,-1.9984513447382564,0.8206715837916551,0.9785657185277563,-0.1322317684972238,0.010615390252202138,289.21958580621714,605.0950791513761,590.4391716124343
