d_t,d_h,thres,nDT,timeHin,bias,LL,BIC,AIC
-1.8888699635863304,-1.9986351164933733,2.8089884920343215,0.9734397970141762,-0.1347460621967117,-0.584785569631138,297.296359695246,621.1057630372716,606.592719390492
