d_t,d_h,thres,nDT,timeHin,bias,LL,BIC,AIC
-1.9892658715984166,-1.9989548866218527,1.7897386232391,0.9730392392605696,-0.157292408870035,-0.655540837067828,306.54864922271764,639.7532059843771,625.0972984454353
