d_t,d_h,thres,nDT,timeHin,bias,LL,BIC,AIC
-1.994467418090199,-1.9980192869157052,1.8902452214617527,0.9755855349269449,-0.09256898778862031,0.1779318256575701,301.3635089644661,629.3119187219921,614.7270179289322
