d_t,d_h,thres,nDT,timeHin,bias,LL,BIC,AIC
1.770225484885044,-1.1612678601252286,1.2110844204202296,0.9939481022721673,-0.07383934192818967,-0.9958433855112148,67.78617140763497,148.75569027928725,147.57234281526993
