d_t,d_h,thres,nDT,timeHin,bias,LL,BIC,AIC
-0.306042215985153,-1.9991378405478546,1.9074421657249332,0.9830692007498193,-0.09206682615036899,-0.7527664108271036,295.25711678622974,617.2403173499805,602.5142335724595
