d_t,d_h,thres,nDT,timeHin,bias,LL,BIC,AIC
1.8703308384865522,-1.9858314570696363,2.3082814261679223,0.9805018945420824,-0.1518663561337814,-0.8035186201681908,320.2481709125637,666.8630367531621,652.4963418251274
