d_t,d_h,thres,nDT,timeHin,bias,LL,BIC,AIC
1.908909875482781,-1.9959207359491171,1.648109072259374,0.9848714270188684,-0.1569258878283097,-0.8971248743840088,299.652448705975,625.4451503720876,611.30489741195
