d_t,d_h,thres,nDT,timeHin,bias,LL,BIC,AIC
1.9356281694255217,-1.999159130401086,2.56517690308392,0.9837772492673433,-0.15586721000675924,-0.7368169414591738,296.52899345931155,619.7840706961441,605.0579869186231
