d_t,d_h,thres,nDT,timeHin,bias,LL,BIC,AIC
1.955434756328888,-1.9984540825865496,1.626524918416867,0.9797148659157922,-0.14299459563285086,-0.35400793239804335,304.92460476490925,636.7132304166878,621.8492095298185
