d_t,d_h,thres,nDT,timeHin,bias,LL,BIC,AIC
1.8929325880113392,-1.9986706320507885,1.9083273865983867,0.9948028597042392,-0.06916555276295511,-0.7309239436843052,225.03050714808927,475.2891700125243,462.06101429617854
