d_t,d_h,thres,nDT,timeHin,bias,LL,BIC,AIC
1.9952331560043384,-1.9995299808912268,2.1111511579362734,0.9648744260233847,-0.17624903660216248,0.07204803423306015,231.15815751964362,487.4542434914458,474.31631503928725
