d_t,d_h,thres,nDT,timeHin,bias,LL,BIC,AIC
1.9497666319803104,-1.9983596309383211,2.505713393166661,0.9943923737380661,-0.09599661610766351,-0.9576676912324908,304.93453036911995,636.6645094501674,621.8690607382399
