d_t,d_h,thres,nDT,timeHin,bias,LL,BIC,AIC
1.9371500729891262,-1.9485813511364094,0.7473262743208491,0.9841183265612495,-0.1444122329839599,-0.4756249040822598,296.33187401119824,619.2486488154564,604.6637480223965
