d_t,d_h,thres,nDT,timeHin,bias,LL,BIC,AIC
1.9685758168692469,-1.9968729614093295,2.98025172357245,0.985712323391403,-0.05946849933000197,-0.8042751778459531,289.7922949358942,606.1694906648482,591.5845898717884
