d_t,d_h,thres,nDT,timeHin,bias,LL,BIC,AIC
-0.21751407805079295,-1.9973706025630236,2.521635606139898,0.9911084829885324,-0.023774521508923722,-0.8752946233465636,274.1951381379573,574.6824360839579,560.3902762759146
