d_t,d_h,thres,nDT,timeHin,bias,LL,BIC,AIC
0.7422837617023201,-1.9995083921411756,2.4596775440499186,0.9783954437294793,-0.10850732127407134,0.6405968220017096,296.1944524459211,618.6810646998855,604.3889048918422
