d_t,d_h,thres,nDT,timeHin,bias,LL,BIC,AIC
-1.9955096501619736,-1.9974777086454203,0.8857528204237359,0.9813248695959432,-0.0647456071927857,0.826068120238023,284.08212010663294,594.4564000213092,580.1642402132659
