d_t,d_h,thres,nDT,timeHin,bias,LL,BIC,AIC
1.9865872042701855,-1.999369331598511,0.7069392753185659,0.9810567700417933,-0.14816369625355583,0.4173981372795738,281.76844779513056,590.0499392370407,575.5368955902611
