d_t,d_h,thres,nDT,timeHin,bias,LL,BIC,AIC
0.04314476270944101,-1.999456165045728,1.625330144771881,0.9865942806272644,0.006811917788671219,-0.7573694020503264,281.0527682767238,588.4722314814821,574.1055365534476
