d_t,d_h,thres,nDT,timeHin,bias,LL,BIC,AIC
-1.7150054140648865,-1.9933131935036528,0.8471725540415378,0.9864265142275664,-0.08293555047384361,-0.598561169274748,240.283022612854,505.7039736778666,492.566045225708
