d_t,d_h,thres,nDT,timeHin,bias,LL,BIC,AIC
-1.4040306709499912,-1.9943253657289912,2.096396269784561,0.9808056731303837,-0.15958863857991237,0.6992029553471295,121.69701410910028,264.8951418489372,255.39402821820056
