d_t,d_h,thres,nDT,timeHin,bias,LL,BIC,AIC
-1.963793267721577,-1.9988063003336747,1.9915734796682099,0.9705372773052692,-0.11321656966469246,0.6444044469788883,124.94178650002122,271.5490804759078,261.8835730000425
