d_t,d_h,thres,nDT,timeHin,bias,LL,BIC,AIC
-1.98877309015349,-1.9986236579011694,1.5568143669515848,0.994552363353476,-0.056775328589112384,-0.8188440186590581,84.30995316208367,187.43287161974223,180.61990632416735
