d_t,d_h,thres,nDT,timeHin,bias,LL,BIC,AIC
-1.8652411166562712,-1.9871254450967677,1.9926980308913222,0.9942866185337277,-0.07818756276821573,-0.8606475650247345,205.02181906196938,434.0876372353336,422.04363812393876
