d_t,d_h,thres,nDT,timeHin,bias,LL,BIC,AIC
1.9912301285198026,-1.997717470839748,2.503723806051708,0.9857770762441915,-0.06111398164457947,-0.6937937776248564,283.86039764839006,594.30569608984,579.7207952967801
