d_t,d_h,thres,nDT,timeHin,bias,LL,BIC,AIC
-0.13859276941872806,-1.951515652354102,2.3394393316598734,0.9463063793815287,0.04765911814435736,-0.14464231364018482,215.5337466636872,455.4301513906529,443.0674933273744
