d_t,d_h,thres,nDT,timeHin,bias,LL,BIC,AIC
1.9922164568187433,-1.9988229234081973,1.9873764763192043,0.9842625422746136,-0.07756980128558041,-0.5557842250702998,295.2948496665177,617.3851480449629,602.5896993330354
