d_t,d_h,thres,nDT,timeHin,bias,LL,BIC,AIC
-1.9856976342266999,-1.9988453836824471,2.4067379425548316,0.9771257991241799,-0.19933862077576142,-0.7179232843810881,297.62851701778015,621.5491938436036,607.2570340355603
