d_t,d_h,thres,nDT,timeHin,bias,LL,BIC,AIC
1.7942483636795383,-1.9697986845561901,0.6425144109950065,0.9915305592833247,-0.07989576892653602,-0.9999980143354738,278.77554267813963,581.1420391526252,569.5510853562793
