d_t,d_h,thres,nDT,timeHin,bias,LL,BIC,AIC
1.9524282763281533,-1.9995316435178316,1.635961722253664,0.9844305291029669,-0.16578355038931747,-0.8211505217026229,281.95807522757684,589.9005504968717,575.9161504551537
