d_t,d_h,thres,nDT,timeHin,bias,LL,BIC,AIC
-1.563815573572239,-1.9848721027089717,2.109766227611285,0.9944648809760039,-0.13177447904185355,-0.998639660420925,283.1786217247631,590.0647057610148,578.3572434495262
