d_t,d_h,thres,nDT,timeHin,bias,LL,BIC,AIC
-0.9985266287538279,-1.999265390225666,1.4276741370430397,0.9848927543477674,-0.47628956866390737,0.39452912498075293,233.15718829839602,490.77960126022634,478.31437659679204
