d_t,d_h,thres,nDT,timeHin,bias,LL,BIC,AIC
1.9962087267741724,-1.9982557639841236,2.1062038315460083,0.9899743813196025,-0.10159998041011793,-0.5037692282376373,242.7547576066063,509.76782282021986,497.5095152132126
