d_t,d_h,thres,nDT,timeHin,bias,LL,BIC,AIC
1.9559057517720522,-1.9988690252723986,1.2814545573999678,0.9836707599876181,-0.08342171164812313,-0.7965949402263092,185.48197363113093,395.0079463736567,382.96394726226185
