d_t,d_h,thres,nDT,timeHin,bias,LL,BIC,AIC
1.9190316160383862,-1.9988854494470307,1.2428744767058624,0.9712990287327963,-0.14571953670093302,0.2793302931861596,194.80519776130706,413.8687031296214,401.6103955226141
