d_t,d_h,thres,nDT,timeHin,bias,LL,BIC,AIC
-1.9639447861115096,-1.9989209818674185,1.7339542157615315,0.9774902221976008,-0.15774493026068162,-0.26935219858747317,289.14792248624883,604.7361604560832,590.2958449724977
