d_t,d_h,thres,nDT,timeHin,bias,LL,BIC,AIC
-1.9948828562043681,-1.9911806403677004,2.5273555457688657,0.9834279399397139,-0.06836655208961546,-0.6372118915139029,264.2901718954593,554.5647438326366,540.5803437909186
