d_t,d_h,thres,nDT,timeHin,bias,LL,BIC,AIC
1.9513825406319345,-1.990014472126479,1.1247401172048064,0.994780856769721,-0.048250254454693,-0.9997521278713332,181.51657022176678,386.8548919248463,375.03314044353357
