d_t,d_h,thres,nDT,timeHin,bias,LL,BIC,AIC
0.5423977103130865,-1.999171275220646,2.1364484059305933,0.9944937352997475,-0.0813679435038647,-0.9992804361503979,290.82183804336034,608.2995836256625,593.6436760867207
