d_t,d_h,thres,nDT,timeHin,bias,LL,BIC,AIC
-1.885436080212701,-1.9976328820649372,2.575128821443114,0.9719568139339277,-0.06261707450947408,0.6449060192930016,201.81114637195768,428.08751740734965,415.62229274391535
