d_t,d_h,thres,nDT,timeHin,bias,LL,BIC,AIC
-1.9538490886637914,-1.9999927922982879,1.7457875534269551,0.9943023603072397,-0.12863498778879365,-0.8970737497515575,267.8167558079947,561.773764576127,547.6335116159894
