d_t,d_h,thres,nDT,timeHin,bias,LL,BIC,AIC
1.3067158863706891,-1.9972125347898175,1.9529487134771817,0.9861220261705926,-0.022018185897242564,-0.784625209385209,152.12897941539075,327.0979337694034,316.2579588307815
