d_t,d_h,thres,nDT,timeHin,bias,LL,BIC,AIC
1.9875561006854856,-1.9932212578128492,0.7771127187973945,0.9866009302764629,-0.07813298257785656,-0.902681526803485,181.01305591018775,385.1269974306358,374.0261118203755
