d_t,d_h,thres,nDT,timeHin,bias,LL,BIC,AIC
1.9804194748423452,-1.9903035618757139,2.173154711505909,0.9941653903172508,-0.08698196872232991,-0.9588607968096529,179.65565365986876,382.4121929299979,371.3113073197375
