d_t,d_h,thres,nDT,timeHin,bias,LL,BIC,AIC
1.9747074018566684,-1.9971064654553632,2.626108135279827,0.9832300432454137,-0.10054075030003483,-0.8637752337462847,246.8041822364015,519.0130035003865,505.608364472803
