d_t,d_h,thres,nDT,timeHin,bias,LL,BIC,AIC
1.8302741722134153,-1.9956431597302304,1.0598442524820786,0.9762590827126896,-0.1276372045976924,0.2654356266702561,275.2237447295437,576.2718800183123,562.4474894590874
