d_t,d_h,thres,nDT,timeHin,bias,LL,BIC,AIC
-1.9819706759481766,-1.9992544638771634,2.1239755239769633,0.9824227708812237,-0.2138139625719273,-0.585628279620108,260.0700902176769,545.8829370822442,532.1401804353538
