d_t,d_h,thres,nDT,timeHin,bias,LL,BIC,AIC
1.7872029927822897,-1.9910865664068358,1.1266328671248906,0.9928916319192392,-0.07828842363442269,-0.9752147562844222,295.0412740217961,614.5477727070265,602.0825480435922
