d_t,d_h,thres,nDT,timeHin,bias,LL,BIC,AIC
1.1758099154506898,-1.9459225678420073,2.2308535019917373,0.9885252570239575,-0.09710834617312582,-0.9482386716980057,317.92367827391655,660.7061649061823,647.8473565478331
