d_t,d_h,thres,nDT,timeHin,bias,LL,BIC,AIC
-1.87777302698318,-1.9965281537751804,1.7038030872975019,0.9947622244012544,-0.1234858818526965,-0.9993810931054125,287.0140486271493,599.9330259355164,586.0280972542986
