d_t,d_h,thres,nDT,timeHin,bias,LL,BIC,AIC
1.998004868813143,-1.996518374186093,1.8798373043250605,0.9885331038846307,-0.03684176777690135,-0.8471269655493168,207.64601460443262,439.3360283202601,427.29202920886524
