d_t,d_h,thres,nDT,timeHin,bias,LL,BIC,AIC
-1.9992812202612587,-1.9976034236179394,1.6667850691401314,0.9787906738863911,-0.034494032237040166,-0.08107269904203969,140.5841708949653,303.30161851461423,293.1683417899306
