d_t,d_h,thres,nDT,timeHin,bias,LL,BIC,AIC
-1.9931361132023744,-1.9929596484668295,0.6468490401282909,0.989300662080776,-0.0983310614490816,-0.7931181317802926,180.08203520015047,383.6362084328698,372.16407040030094
