d_t,d_h,thres,nDT,timeHin,bias,LL,BIC,AIC
1.9694889713383845,-1.9991386445523265,0.9476691082119943,0.9753814633474288,-0.10486699180909738,-0.7366725891737385,250.94800817609806,527.5560130662924,513.89601635219606
