d_t,d_h,thres,nDT,timeHin,bias,LL,BIC,AIC
1.8195166188470702,-1.9981714704746636,2.9449345129526283,0.9865385296685918,-0.017108457838647582,0.5784508418666029,53.64481639905673,123.53793400472672,119.28963279811346
