d_t,d_h,thres,nDT,timeHin,bias,LL,BIC,AIC
-1.2159956706617534,-1.9988610892402354,2.5089298134233915,0.9937672209584812,-0.003450086203488219,-0.9903973570464905,134.7874270206994,291.55622391817667,281.5748540413988
