d_t,d_h,thres,nDT,timeHin,bias,LL,BIC,AIC
0.19984115808059277,-1.9911160228147533,0.9303679243024054,0.9741234945976405,-0.07464800424356641,-0.7384557379821253,203.2852323920635,430.72257492853794,418.570464784127
