d_t,d_h,thres,nDT,timeHin,bias,LL,BIC,AIC
0.9431094010827114,-1.998143478229387,0.6213027898638698,0.9860833299827538,-0.03205726046148012,-0.9346839844361511,279.70414490549376,585.1510464578779,571.4082898109875
