d_t,d_h,thres,nDT,timeHin,bias,LL,BIC,AIC
-1.973132713377894,-1.996587221461768,1.3569225217042609,0.976271148247588,-0.11376848200598502,-0.07946576942326963,297.40967006731944,621.6147888465664,606.8193401346389
