d_t,d_h,thres,nDT,timeHin,bias,LL,BIC,AIC
-1.9461545190513887,-1.9997979646028532,1.9966753661565628,0.9948091791269666,-0.1388795642934012,-0.8516408085532514,292.1751771753253,611.0764381281716,596.3503543506506
