d_t,d_h,thres,nDT,timeHin,bias,LL,BIC,AIC
-1.9951537432808306,-1.9827368593419252,1.507294203539972,0.9844221832157639,-0.13613873495739584,-0.8162218108368374,292.0970759934398,610.1785520285976,596.1941519868795
