d_t,d_h,thres,nDT,timeHin,bias,LL,BIC,AIC
-1.9882685411475565,-1.9843184998888463,1.342137849703431,0.985549677554909,-0.16250793690530357,-0.8264545763359245,304.79483457889364,635.9563640858219,621.5896691577873
