d_t,d_h,thres,nDT,timeHin,bias,LL,BIC,AIC
0.3566693384764432,-1.9852180555823422,1.961421664035414,0.9853772094422256,-0.0029896762225476072,-0.9979383589149083,296.7468881477516,618.4470747956611,605.4937762955032
