d_t,d_h,thres,nDT,timeHin,bias,LL,BIC,AIC
1.278359454125166,-1.998999247191462,1.7155294657885092,0.9951968542746823,-0.13596079039901926,-0.9988023296552082,291.96943327374146,608.8921650476409,595.9388665474829
