d_t,d_h,thres,nDT,timeHin,bias,LL,BIC,AIC
-1.9856225082224954,-1.9970481636745032,1.7972147078961063,0.9779257626396121,0.009031300113615495,-0.2869281756499428,132.26791945451413,286.51720878580613,276.53583890902826
