d_t,d_h,thres,nDT,timeHin,bias,LL,BIC,AIC
-0.2952533737627677,-1.9965950978470892,2.36434060801433,0.985801639410286,-0.0523234205838211,-0.8838345603499619,290.70696704716266,606.9049055466215,593.4139340943253
