d_t,d_h,thres,nDT,timeHin,bias,LL,BIC,AIC
1.9745211326796688,-1.9961728359024065,2.1473534914243797,0.9945125883663213,-0.03543584165745481,-0.8750410365096036,243.9011944310988,513.4623855762939,499.8023888621976
