d_t,d_h,thres,nDT,timeHin,bias,LL,BIC,AIC
1.3317585328345916,-1.9999673905168114,2.6524610398337245,0.9945539735575752,-0.13466596814236415,-0.9991316292245523,218.77950329404274,461.6030056994803,449.5590065880855
