d_t,d_h,thres,nDT,timeHin,bias,LL,BIC,AIC
-1.350491710805306,-1.9792262927033744,2.3339202901660068,0.9699158802631954,-0.17421656037717648,-0.701622829442513,135.73782630533665,293.30116956903163,283.4756526106733
