d_t,d_h,thres,nDT,timeHin,bias,LL,BIC,AIC
-0.19451687764376402,-1.9797913982678312,1.671650042202176,0.9857714807327917,5.885323419831806e-4,-0.943765788609804,295.57441842592857,616.5534758794407,603.1488368518571
