d_t,d_h,thres,nDT,timeHin,bias,LL,BIC,AIC
1.9784674516365102,-1.9936816873116314,0.9663741526323231,0.9892620605288782,-0.2122937383082786,-0.9725997995953966,298.71262926811147,622.9162299885191,609.4252585362229
