d_t,d_h,thres,nDT,timeHin,bias,LL,BIC,AIC
1.9885670840371361,-1.9984659086286318,2.023534648554303,0.9944979701122602,-0.03268862935281274,-0.917552047676182,189.96708364673805,403.86807157286177,391.9341672934761
