d_t,d_h,thres,nDT,timeHin,bias,LL,BIC,AIC
1.1859063397997032,-1.9963296675775308,1.4555944147229414,0.9823903330758125,-0.11998509017517002,-0.7442193887084733,298.0640878691071,622.6412193849937,608.1281757382142
