d_t,d_h,thres,nDT,timeHin,bias,LL,BIC,AIC
-1.975348861718057,-1.9966619025775514,2.866554912895277,0.9942203768278203,-0.05479873416881101,-0.9303459967963665,137.40783733374917,296.948951392182,286.81567466749834
