d_t,d_h,thres,nDT,timeHin,bias,LL,BIC,AIC
1.9788989521936462,-1.9913718793705382,1.0817780862857147,0.9941611385927813,-0.09646503513403559,-0.9527667504592721,240.5481957249107,506.413437680878,493.0963914498214
