d_t,d_h,thres,nDT,timeHin,bias,LL,BIC,AIC
-1.9852372142753365,-1.995379855165243,0.7406028404831886,0.9672274782439034,-0.12460800279561017,0.16778015738942642,136.240218959451,294.4618077956799,284.480437918902
