d_t,d_h,thres,nDT,timeHin,bias,LL,BIC,AIC
1.9631382453055333,-1.9838569013946372,2.749749000750559,0.994413161427259,-0.044421817755958805,-0.9650331405161403,142.14954930812814,306.7251163259565,296.2990986162563
