d_t,d_h,thres,nDT,timeHin,bias,LL,BIC,AIC
0.795105224833402,-1.9971313213274817,2.0322203198326916,0.9943883198009815,-0.0067631618395816336,-0.9967963028348868,266.1981091495573,558.138974946005,544.3962182991146
