d_t,d_h,thres,nDT,timeHin,bias,LL,BIC,AIC
-1.9704879615455866,-1.9994502866606152,0.7827013241127133,0.9782904272203157,-0.06900459021985551,0.6486478803872734,289.4243027060159,605.5746891895528,590.8486054120318
