d_t,d_h,thres,nDT,timeHin,bias,LL,BIC,AIC
-1.9879287858172343,-1.9995939435850731,1.6848540913313628,0.9691383815450362,-0.18660914524532213,-0.034266405352537645,275.0809295501777,576.3785462151575,562.1618591003554
