d_t,d_h,thres,nDT,timeHin,bias,LL,BIC,AIC
-1.9971969788145496,-1.9954509089964305,1.540479004496627,0.967446861896145,-0.1700767251483416,0.2463894057129109,305.51113468879237,637.6781769165266,623.0222693775847
