d_t,d_h,thres,nDT,timeHin,bias,LL,BIC,AIC
1.9992931435614076,-1.9976620424213856,1.5850357818401317,0.9838258552076664,-0.13790113569423845,-0.871838857055246,307.3919570773557,641.5793628666389,626.7839141547114
