d_t,d_h,thres,nDT,timeHin,bias,LL,BIC,AIC
1.9939535543281093,-1.9993666583515899,0.8503701057643541,0.9941003946684881,-0.052173618840794286,-0.9137975638162273,289.66322290335336,605.7667612902923,591.3264458067067
