d_t,d_h,thres,nDT,timeHin,bias,LL,BIC,AIC
-1.921372178868942,-1.9980471770512838,1.6105099442398934,0.9946010722251383,-0.05129584105183851,-0.9925608693321738,279.22918285620534,584.5211982435328,570.4583657124107
