d_t,d_h,thres,nDT,timeHin,bias,LL,BIC,AIC
-1.939753647271642,-1.9922065652598298,1.6786670940476476,0.9944445482984537,-0.05785453822536768,-0.9732752484593572,289.50310979608946,605.2983794002222,591.0062195921789
