d_t,d_h,thres,nDT,timeHin,bias,LL,BIC,AIC
-0.11577365432152845,-1.9973088708968096,2.8527445814445898,0.9944363506892382,0.002431084828307218,-0.966943616217717,258.4291418094611,542.8426836606402,528.8582836189222
