d_t,d_h,thres,nDT,timeHin,bias,LL,BIC,AIC
1.4957969571566752,-1.996033172193411,2.751700893603265,0.9943736984119963,-0.07851299522891521,-0.9991945499655679,276.19509906929164,578.2145886978083,564.3901981385833
