d_t,d_h,thres,nDT,timeHin,bias,LL,BIC,AIC
1.9801789293849912,-1.9974776350216006,2.6059395141899584,0.9944237047243628,-0.05050852195517029,-0.9951557305026784,261.88114343638,549.586677431985,535.76228687276
