d_t,d_h,thres,nDT,timeHin,bias,LL,BIC,AIC
1.7716525428809338,-1.9803060950236424,0.8981463179673008,0.9979523923413297,-0.05350526519234551,-0.9950555042325746,257.43306407030224,540.1831743716612,526.8661281406045
