d_t,d_h,thres,nDT,timeHin,bias,LL,BIC,AIC
1.98848504082559,-1.9910190747129322,2.1893947496986526,0.9929938723696071,-0.03913452083347955,-0.7906226296203619,176.0783385964644,375.8641395044173,364.1566771929288
