d_t,d_h,thres,nDT,timeHin,bias,LL,BIC,AIC
1.9881040468127378,-1.998102659624722,1.80419911838004,0.9895207053627492,-0.09623894880960455,-0.5847198565501834,166.4281853478995,356.20729248446276,344.856370695799
