d_t,d_h,thres,nDT,timeHin,bias,LL,BIC,AIC
0.007058512465357526,-1.9920184713993363,0.9671541435878328,0.8879448177274855,0.08990301871633734,-0.2784509526287188,315.82339202443,658.0134789768947,643.64678404886
