d_t,d_h,thres,nDT,timeHin,bias,LL,BIC,AIC
1.6300130950082024,-1.9970886283353364,1.3465123560279606,0.994463842510399,-0.03702268561327833,-0.9348820691681712,286.44899420194105,599.4110320506617,584.8979884038821
