d_t,d_h,thres,nDT,timeHin,bias,LL,BIC,AIC
1.3880425812333634,-1.9963358746773774,2.743247902482413,0.9877684928642496,-0.07697595117825777,-0.8713284678744693,278.98433634974555,584.4089881830766,569.9686726994911
