d_t,d_h,thres,nDT,timeHin,bias,LL,BIC,AIC
-0.10619990003257648,-1.9882063318874046,1.8963199074075592,0.9667969582363756,0.01627387228372868,0.16563775944185896,279.80085317722387,586.0420218380333,571.6017063544477
