d_t,d_h,thres,nDT,timeHin,bias,LL,BIC,AIC
-0.12374939887730574,-1.9961569345130448,2.615183315500571,0.9361841756198139,0.05389660270823649,-0.23211203458335905,282.8586806833272,591.9340484814564,577.7173613666544
