d_t,d_h,thres,nDT,timeHin,bias,LL,BIC,AIC
-1.8319403836503625,-1.9790314354338177,2.3245347459092143,0.984752987022126,-0.06357512108199354,0.729481495754235,284.7096557387745,595.635998592351,581.419311477549
