d_t,d_h,thres,nDT,timeHin,bias,LL,BIC,AIC
0.25622017998265845,-1.5050063542367365,1.8786458788860734,0.9986292188717245,-0.2681356181173858,-0.9994507067515837,63.776384412197416,143.3871128020864,139.55276882439483
