d_t,d_h,thres,nDT,timeHin,bias,LL,BIC,AIC
1.9659252521289745,-1.9979952432115893,1.0272917015171923,0.9845361672473785,-0.16447164233692393,-0.5853569491063413,268.87982518815556,563.8224829074333,549.7596503763111
