d_t,d_h,thres,nDT,timeHin,bias,LL,BIC,AIC
1.958900668781471,-1.9974310785476257,2.62375934710948,0.9671612326881582,-0.1367344284441757,-0.25183210812876816,300.28134050220416,627.2185885433502,612.5626810044083
