d_t,d_h,thres,nDT,timeHin,bias,LL,BIC,AIC
1.9574281150727288,-1.9959046074053586,2.334130561397192,0.9637437191465906,-0.13468929608148777,0.09767822957239632,304.09146760681483,634.9090189911507,620.1829352136297
