d_t,d_h,thres,nDT,timeHin,bias,LL,BIC,AIC
1.972193935426928,-1.9997212729807352,1.0996275649683978,0.9836290617760914,-0.14689558033572966,-0.810013163124367,267.1086789791569,560.2801904894359,546.2173579583138
