d_t,d_h,thres,nDT,timeHin,bias,LL,BIC,AIC
-1.9962672520145563,-1.9995743345413293,1.6080775313165807,0.9846401330977033,-0.14934585360824426,-0.8765671252004906,283.3307836341263,593.0282621962872,578.6615672682526
