d_t,d_h,thres,nDT,timeHin,bias,LL,BIC,AIC
-1.6077054928717747,-1.9859055511467545,2.8540059985427586,0.9878113995681403,-0.11899041618190359,-0.8669295243346734,304.78616725102785,633.9349925653343,621.5723345020557
