d_t,d_h,thres,nDT,timeHin,bias,LL,BIC,AIC
1.9985867567330464,-1.9995698079937088,2.7880712587794676,0.9728628694958138,-0.16413434224546994,-0.4139980826595934,287.5455414291918,601.5313983419692,587.0910828583836
