d_t,d_h,thres,nDT,timeHin,bias,LL,BIC,AIC
-1.7752207928801162,-1.993793526999967,2.081906164000677,0.9858493701689304,-0.12656006369245612,-0.9101396611278557,300.40040478391063,625.2660342312556,612.8008095678213
