d_t,d_h,thres,nDT,timeHin,bias,LL,BIC,AIC
1.6103720656762395,-1.9990710949415922,0.9877852017270332,0.9837529999547633,-0.1827343617284928,-0.7962181940803106,295.1107284029134,616.8773643447687,602.2214568058268
