d_t,d_h,thres,nDT,timeHin,bias,LL,BIC,AIC
-1.911991216205583,-1.9958744214186623,2.21496446021996,0.9734229463276651,-0.18741409099840556,-0.7462074808479912,284.7922684131295,596.0248523098445,581.584536826259
