d_t,d_h,thres,nDT,timeHin,bias,LL,BIC,AIC
-1.7864482956942398,-1.9992736094540797,2.179074130020438,0.9948028667224796,-0.15204280338335358,-0.9997664497581801,256.19291161818006,536.2075747176729,524.3858232363601
