d_t,d_h,thres,nDT,timeHin,bias,LL,BIC,AIC
1.9899040611169054,-1.9985475159478696,2.7818846724103556,0.9836880308240064,-0.18148260637954658,-0.8124641458604404,306.925527149483,640.5069618379079,625.851054298966
