d_t,d_h,thres,nDT,timeHin,bias,LL,BIC,AIC
0.6804609489827371,-1.996026924799899,1.6458675800453952,0.9852430819594871,-0.09187815361570274,-0.9799772088542336,305.1703528305475,635.1035119713655,622.340705661095
