d_t,d_h,thres,nDT,timeHin,bias,LL,BIC,AIC
1.9434376522336825,-1.989727243405257,2.074736590535952,0.9939874517752412,-0.05583761069619491,-0.8404868051071148,276.6084913198587,579.6572981233029,565.2169826397173
