d_t,d_h,thres,nDT,timeHin,bias,LL,BIC,AIC
0.6850685511053103,-1.9987787999171207,0.7726334832608699,0.9856615528342887,-0.018469217312135203,-0.840401417391972,302.0826541336574,630.8212158062566,616.1653082673148
