d_t,d_h,thres,nDT,timeHin,bias,LL,BIC,AIC
1.978531307184721,-1.9920676732929063,2.8134914338588715,0.9940124095448086,-0.05306761631656807,-0.861982941021645,277.6323911169123,581.5569420418678,567.2647822338246
