d_t,d_h,thres,nDT,timeHin,bias,LL,BIC,AIC
-0.25576033614448623,-1.9894789894841114,0.8786919838156472,0.9844696318939515,0.0017375410043678893,-0.8796193972234035,171.60648568044368,366.0529462995093,355.21297136088737
