d_t,d_h,thres,nDT,timeHin,bias,LL,BIC,AIC
1.96149560018548,-1.9917544863061662,1.927739636453491,0.9847660049655236,-0.10084734892323666,-0.8501900313933325,290.84894061067513,608.1381967049358,593.6978812213503
