d_t,d_h,thres,nDT,timeHin,bias,LL,BIC,AIC
1.861566074377644,-1.9992057545060926,1.017629448696971,0.9521127530428664,-0.1903515105342066,-0.40774815473914905,172.06262113452934,367.352448334506,356.1252422690587
