d_t,d_h,thres,nDT,timeHin,bias,LL,BIC,AIC
-0.29605244278507964,-1.9935160370290743,1.780877537031468,0.984433286379808,-0.002069607984572901,-0.9330764063270758,174.94628696775197,372.45977462966533,361.89257393550395
