d_t,d_h,thres,nDT,timeHin,bias,LL,BIC,AIC
1.744850000677706,-1.985088386981042,1.7632853689901422,0.9940971859358092,-0.08708463655873222,-0.9999368483496219,287.3161750109343,599.0975746853029,586.6323500218685
