d_t,d_h,thres,nDT,timeHin,bias,LL,BIC,AIC
0.7493967093844393,-1.9981835158584436,0.7679064208491719,0.9868334292551355,-0.0404308101981629,-0.7937458365818634,257.65371995590596,541.2918399535299,527.3074399118119
