d_t,d_h,thres,nDT,timeHin,bias,LL,BIC,AIC
1.9764147345253593,-1.9919824210184573,2.388784548309342,0.9732573275040823,-0.15785550854281624,-0.2562257740445521,301.5399167797417,629.6647343525433,615.0798335594834
