d_t,d_h,thres,nDT,timeHin,bias,LL,BIC,AIC
1.1030279630795121,-1.992557554634348,1.6546140303835273,0.9945736985438265,-0.03686736451379179,-0.9776198000931318,275.2719699628897,575.2091831108194,562.5439399257795
