d_t,d_h,thres,nDT,timeHin,bias,LL,BIC,AIC
-1.9993269253894186,-1.9992539409814583,1.3281818560544458,0.9733134823142606,-0.15071427376551239,-0.2669624106751191,282.8021424991256,591.8964448062944,577.6042849982512
