d_t,d_h,thres,nDT,timeHin,bias,LL,BIC,AIC
1.6592971261541662,-1.9941218734828985,0.6466648461297155,0.9943761245708976,-0.04167576520088509,-0.8817973552505243,138.09302753126738,298.46748746276063,288.18605506253476
