d_t,d_h,thres,nDT,timeHin,bias,LL,BIC,AIC
1.9077590251616956,-1.9999092921507482,1.7039189802470174,0.9936056615296301,-0.12466065877794505,-0.6929981859062124,142.24672921221446,306.9194761341291,296.4934584244289
