d_t,d_h,thres,nDT,timeHin,bias,LL,BIC,AIC
-1.9886583958185147,-1.997674877147312,1.4366675422095787,0.9682564938555991,-0.1577729054447998,0.030389685394661886,297.65575814557735,621.8964170842146,607.3115162911547
