d_t,d_h,thres,nDT,timeHin,bias,LL,BIC,AIC
-1.9596026581877453,-1.999893373906364,2.1411488903046534,0.9815110226020544,-0.02566792331540454,-0.8365068225449006,51.862119448788384,119.97254010419003,115.72423889757677
