d_t,d_h,thres,nDT,timeHin,bias,LL,BIC,AIC
-1.9702581948421285,-1.9993618004663178,2.1869394379315743,0.9815568094669297,-0.03506185455475792,-0.8159778758348049,51.8073009693808,119.86290314537486,115.6146019387616
