d_t,d_h,thres,nDT,timeHin,bias,LL,BIC,AIC
1.7611812077245808,-1.9893249062430103,2.295878397339897,0.9940044398713593,-0.16150228455533736,-0.8629611799273789,296.2602515062979,619.0335466593754,604.5205030125958
