d_t,d_h,thres,nDT,timeHin,bias,LL,BIC,AIC
1.791294370111308,-1.9987297127029013,0.7911033315584066,0.9836903646923495,-0.11120634246009468,-0.8811161882057331,286.36214030392057,599.0164404158844,584.7242806078411
