d_t,d_h,thres,nDT,timeHin,bias,LL,BIC,AIC
1.9296154659241438,-1.9985754207299853,1.6434497836152708,0.9730060380035566,-0.12644683491867753,-0.4826611167146619,298.12645656905454,622.7659567848887,608.2529131381091
