d_t,d_h,thres,nDT,timeHin,bias,LL,BIC,AIC
-1.9528862720439704,-1.9994797124800772,0.9396310094743967,0.9837023993464652,-0.13823694776602705,-0.8038941732194027,292.72686168136346,612.1798071402479,597.4537233627269
