d_t,d_h,thres,nDT,timeHin,bias,LL,BIC,AIC
-0.9143681184706921,-1.9940041237582982,1.0014300042763353,0.9998107074603343,0.004419820779107006,-0.9999666688433722,163.838284408637,350.90377488272134,339.676568817274
