d_t,d_h,thres,nDT,timeHin,bias,LL,BIC,AIC
-1.9955352048197748,-1.9887716879691135,1.8493716772402582,0.9933329859233885,-0.1235579734769694,-0.9979032216619257,311.0400264093821,646.8428591290348,634.0800528187642
