d_t,d_h,thres,nDT,timeHin,bias,LL,BIC,AIC
0.8611085093381259,-1.9963584400662453,2.652722101438756,0.9926217489436251,-0.039935958361029075,-0.8857186419135495,293.13799240264404,610.428094949699,598.2759848052881
