d_t,d_h,thres,nDT,timeHin,bias,LL,BIC,AIC
-0.8904099836409968,-1.9880185744875694,2.975758487027399,0.9755981083299986,-0.07019876403891002,0.6083043943799097,298.31157836226834,623.4186054364642,608.6231567245367
