d_t,d_h,thres,nDT,timeHin,bias,LL,BIC,AIC
-1.9794238833710551,-1.9965742329066676,1.2811436969786882,0.9867326415785772,-0.1329115001005952,-0.8283163999214581,272.7587250189266,571.8096098458965,557.5174500378532
