d_t,d_h,thres,nDT,timeHin,bias,LL,BIC,AIC
1.995351818229168,-1.9984349667271928,1.1076976441145587,0.9855463244127056,-0.0823474122506355,0.03681498407997391,289.2366332329866,605.1993502434942,590.4732664659732
