d_t,d_h,thres,nDT,timeHin,bias,LL,BIC,AIC
-1.9875315618652745,-1.9996629914185262,2.5769181771554877,0.9762027721774452,-0.11165240288989406,0.40729340773967615,279.4660971236573,585.2988891753491,570.9321942473146
