d_t,d_h,thres,nDT,timeHin,bias,LL,BIC,AIC
0.3736625627186313,-1.9925430069194565,1.7529944452618769,0.9609834519967786,0.023386696804771484,0.13508906012946909,102.64569252947362,225.69856934892016,217.29138505894724
