d_t,d_h,thres,nDT,timeHin,bias,LL,BIC,AIC
1.7868853506974771,-1.9996149263352825,1.8208059487848263,0.9759020343406509,-0.12026257873817209,-0.6450123575247149,297.2898599057916,621.2356273505251,606.5797198115832
