d_t,d_h,thres,nDT,timeHin,bias,LL,BIC,AIC
0.34423432795290565,-1.9985358557428476,2.033267977021643,0.9500498952477116,0.02569492806118579,-0.0541673550019579,104.20619726977309,228.81957882951912,220.41239453954617
