d_t,d_h,thres,nDT,timeHin,bias,LL,BIC,AIC
1.957582737461254,-1.9968344281635861,1.1063951213234975,0.9888497946829228,-0.06214462479960152,-0.9099682342946903,119.15587616461728,259.64384069817106,250.31175232923457
