d_t,d_h,thres,nDT,timeHin,bias,LL,BIC,AIC
1.968819830741175,-1.9996792394500147,1.1555268668564167,0.9943296259839308,-0.09715538655457076,-0.942879066185154,121.17811551017434,263.8573446510853,254.35623102034867
