d_t,d_h,thres,nDT,timeHin,bias,LL,BIC,AIC
-1.9927433594769521,-1.99540340068268,1.5496851269420642,0.9930838998727215,-0.0018986901117167658,-0.8388618526567707,152.1578304369322,325.816774504601,316.3156608738644
