d_t,d_h,thres,nDT,timeHin,bias,LL,BIC,AIC
-1.2889673592555442,-1.9953131194510354,2.7896220068203794,0.9865138941162063,-0.007781429626710745,0.4334810725864535,100.39151347165391,221.19021123328076,212.78302694330782
