d_t,d_h,thres,nDT,timeHin,bias,LL,BIC,AIC
-1.2577845508427434,-1.997756597279329,2.4773071026732185,0.9864997828601049,-0.03696348897835233,0.2686333948592858,107.3527217489902,235.49985891477877,226.7054434979804
