d_t,d_h,thres,nDT,timeHin,bias,LL,BIC,AIC
0.44213807095428426,-1.9544881319767717,0.973638289896547,0.9988917050427578,-0.02267285594079206,-0.9995834704332106,87.33920604797213,191.31394442938293,186.67841209594425
