d_t,d_h,thres,nDT,timeHin,bias,LL,BIC,AIC
-1.314848958473438,-1.37489575350018,1.2086664313450457,0.9994929832325742,0.0048219252240202905,-0.999597223135493,83.83053144077172,183.9093640881567,179.66106288154344
