d_t,d_h,thres,nDT,timeHin,bias,LL,BIC,AIC
-1.9973056509089047,-1.9998951157358453,1.2260854880897571,0.9828059927903654,-0.11752760104249417,-0.6409827428028274,279.47897600622736,585.0982049725923,570.9579520124547
