d_t,d_h,thres,nDT,timeHin,bias,LL,BIC,AIC
-1.9947504305147634,-1.9998717657921015,2.9822825285777546,0.9753296757191293,-0.08881580405522674,-0.6870707268666818,287.2156594985121,600.8716344806097,586.4313189970242
