d_t,d_h,thres,nDT,timeHin,bias,LL,BIC,AIC
1.9922199692732412,-1.998642266000327,0.7553277890048724,0.9753322288706511,-0.0972528930329552,-0.20323973657719463,298.9736394711987,624.5321797354572,609.9472789423974
