d_t,d_h,thres,nDT,timeHin,bias,LL,BIC,AIC
-0.28057169106701085,-1.997119736698762,2.8748804429545998,0.9942200125052937,-0.03894365097416824,-0.8867766782468085,292.1469503857591,610.8069444182978,596.2939007715182
