d_t,d_h,thres,nDT,timeHin,bias,LL,BIC,AIC
1.998826222353991,-1.9981218615234435,1.5597347590106772,0.9847507843182682,-0.08021228145323375,-0.7511480760203383,298.59321963160426,623.8423468021504,609.1864392632085
