d_t,d_h,thres,nDT,timeHin,bias,LL,BIC,AIC
-1.3419421285658846,-1.9563315326453965,1.181317446372573,0.9756399474835485,-0.062054500047283696,0.42264169006401714,305.7552716047522,637.9508586930899,623.5105432095044
