d_t,d_h,thres,nDT,timeHin,bias,LL,BIC,AIC
-1.917124473632119,-1.946310725227419,2.7442359549924733,0.9807009298992191,-0.10041835745028012,-0.5723258571196282,306.64432063326933,639.8016849133182,625.2886412665387
