d_t,d_h,thres,nDT,timeHin,bias,LL,BIC,AIC
-0.242156264904168,-1.982903407104202,2.8866587453961037,0.9943445677235592,-4.8004090785980225e-5,-0.9119335153270225,288.6478792992702,603.7360740821259,589.2957585985404
