d_t,d_h,thres,nDT,timeHin,bias,LL,BIC,AIC
-0.39135763977993854,-1.9974379721164868,2.277077695707364,0.9942314848230677,0.003328022989521437,-0.9045171840328518,260.2956285849973,546.6540897011167,532.5912571699946
