d_t,d_h,thres,nDT,timeHin,bias,LL,BIC,AIC
1.9925670327601346,-1.998443080857463,2.187030100742322,0.978145997286452,-0.16373759744542501,-0.5498516556897202,277.19512783982333,580.6824154876899,566.3902556796467
