d_t,d_h,thres,nDT,timeHin,bias,LL,BIC,AIC
1.877292224502316,-1.9991498351370613,2.892104320942058,0.9868681526097721,-0.14299586548563667,-0.7705804015492652,285.9076188162679,598.1073974405791,583.8152376325359
