d_t,d_h,thres,nDT,timeHin,bias,LL,BIC,AIC
1.9262291238341878,-1.9972693132194186,0.6958646718511119,0.994581195188758,-0.03762945017384456,-0.9418853847649875,271.355788763945,568.8518304880275,554.71157752789
