d_t,d_h,thres,nDT,timeHin,bias,LL,BIC,AIC
1.9750837455489145,-1.960387285814649,2.0149456892748434,0.9948789426129121,0.010409865739132027,-0.9989855306681985,43.61944920734176,102.62859455945274,99.23889841468352
