d_t,d_h,thres,nDT,timeHin,bias,LL,BIC,AIC
-1.8865697230919913,-1.9854405296948665,1.4723817299234967,0.995171450670257,-0.03730280118961701,-0.9999904305155312,87.0976945467782,193.5086440427656,186.1953890935564
