d_t,d_h,thres,nDT,timeHin,bias,LL,BIC,AIC
1.9416442729897356,-1.9966433141191522,1.5549197456136372,0.984556780017127,-0.14696737391398154,-0.5969055019495679,224.39323033046813,473.92438911309483,460.78646066093626
