d_t,d_h,thres,nDT,timeHin,bias,LL,BIC,AIC
-1.9514029236318902,-1.9994692148169053,1.351360517160364,0.9758940416517979,-0.14532973769090757,0.3740371822136066,231.33752360987503,487.9920934508067,474.67504721975007
