d_t,d_h,thres,nDT,timeHin,bias,LL,BIC,AIC
1.990995139533636,-1.9752470967988824,2.0614126818590197,0.9905964252621223,-0.043153978175749654,-0.9986692154070587,288.0995802073949,599.9066227262784,588.1991604147898
