d_t,d_h,thres,nDT,timeHin,bias,LL,BIC,AIC
1.9840198056541343,-1.989847913190856,1.2070883395463552,0.9844076342965664,-0.04607361314923464,-0.9756967765279114,301.91681283787926,627.5410879872471,615.8336256757585
