d_t,d_h,thres,nDT,timeHin,bias,LL,BIC,AIC
-0.09693492650135357,-1.9867449784490852,2.712400661580281,0.9938787218090598,-0.0061023584493498356,-0.9995932090445995,291.8738339627038,609.0647141564643,595.7476679254077
