d_t,d_h,thres,nDT,timeHin,bias,LL,BIC,AIC
-1.9281801236655458,-1.9890078564654055,1.7942299749702215,0.9943681136705693,-0.12514206210764456,-0.9999362560216725,290.5725568904073,606.6360852331109,593.1451137808147
