d_t,d_h,thres,nDT,timeHin,bias,LL,BIC,AIC
1.8830236687692101,-1.9899169845845202,1.9807821758134265,0.9817992605669881,-0.16492506844303115,-0.44884833496440024,278.0050888856797,582.376872699394,568.0101777713594
