d_t,d_h,thres,nDT,timeHin,bias,LL,BIC,AIC
0.8724636909422823,-1.9972594284097656,2.0053924614828116,0.9731387502960946,-0.07013886475237661,-0.7007819119219806,212.7205085930917,449.37492146556906,437.4410171861834
