d_t,d_h,thres,nDT,timeHin,bias,LL,BIC,AIC
1.8371305232053303,-1.9957192232850005,0.8335780128238394,0.9754564576748123,-0.05963522734926164,0.8065502451061054,101.09064786868112,222.58848002733515,214.18129573736223
