d_t,d_h,thres,nDT,timeHin,bias,LL,BIC,AIC
1.98666225895887,-1.9984467082115358,1.427432319151638,0.9860870909783357,-0.11039989581300247,-0.8541808580415561,278.92971679265946,583.9996865454565,569.8594335853189
