d_t,d_h,thres,nDT,timeHin,bias,LL,BIC,AIC
1.9678419639033926,-1.995907313636915,0.6637097080112958,0.9894746308680861,-0.15273229925516973,-0.8658372306932817,302.15254162016043,630.7453987239064,616.3050832403209
