d_t,d_h,thres,nDT,timeHin,bias,LL,BIC,AIC
-1.3214932692336732,-1.9937923692778574,0.7374857580275168,0.9945615478564384,-0.023280494778041977,-0.9755775624537601,190.98503968856429,404.94192775606314,393.97007937712857
