d_t,d_h,thres,nDT,timeHin,bias,LL,BIC,AIC
1.9441119445937065,-1.9984965040750933,0.8911355283111333,0.9611855019136517,-0.17110006428175245,-0.027456231376693813,301.2464389475731,628.5557104262683,614.4928778951462
