d_t,d_h,thres,nDT,timeHin,bias,LL,BIC,AIC
-1.9209124264484043,-1.9974412480627337,0.8400211914272636,0.9610837652252269,-0.1631468252190645,0.019377823135820475,322.60604290883475,671.9381695951905,657.2120858176695
