d_t,d_h,thres,nDT,timeHin,bias,LL,BIC,AIC
-1.5966539249621914,-1.9846716310298012,1.275099856651147,0.9948950543948416,-0.06511980103939952,-0.9917282112249283,181.10127525120112,384.62856821210244,374.20255050240223
