d_t,d_h,thres,nDT,timeHin,bias,LL,BIC,AIC
-1.9349298313514414,-1.9936979314857552,2.098030027832156,0.9857242006574257,-0.05624489063540584,0.5156401156496395,269.75671455794173,565.1734258299798,551.5134291158835
