d_t,d_h,thres,nDT,timeHin,bias,LL,BIC,AIC
1.9803921018579929,-1.9929021731834051,1.9665894034400586,0.9947920256629427,-0.09860606740429186,-0.9457955698402419,292.76945213636304,612.2649880502471,597.5389042727261
