d_t,d_h,thres,nDT,timeHin,bias,LL,BIC,AIC
1.9960721250180586,-1.9989950432004007,2.6114767441232063,0.9831462905149014,-0.09202169774099012,-0.35356504480298623,287.0522056585547,600.617454963889,586.1044113171095
