d_t,d_h,thres,nDT,timeHin,bias,LL,BIC,AIC
-1.730958139890491,-1.9952112922908938,1.2497349457204778,0.9952407665937474,-0.012839319039536758,-0.9987202476384208,269.26809553557473,561.5080394500841,550.5361910711495
