d_t,d_h,thres,nDT,timeHin,bias,LL,BIC,AIC
-1.8772988459095359,-1.9968724548614896,0.722029669157422,0.9874390269328197,-0.21563478184629783,-0.986969697824552,288.13889804145964,600.099547564232,588.2777960829193
