d_t,d_h,thres,nDT,timeHin,bias,LL,BIC,AIC
1.9585631355861803,-1.994849263527729,1.5373185040245303,0.9953933830175002,-0.10764161903387542,-0.998037591110915,293.269071195318,610.2456047021246,598.538142390636
