d_t,d_h,thres,nDT,timeHin,bias,LL,BIC,AIC
1.8700219774623004,-1.9775872988897063,1.3984857114186342,0.9945510383961095,-0.05427080488001307,-0.9989504951614,275.21816702733383,573.9084720872365,562.4363340546677
