d_t,d_h,thres,nDT,timeHin,bias,LL,BIC,AIC
-1.967719657383945,-1.995964060815925,1.1495539510622619,0.9740916480659914,-0.11750894440731259,-0.19537663698075483,290.47580711818085,607.4646578831413,592.9516142363617
