d_t,d_h,thres,nDT,timeHin,bias,LL,BIC,AIC
-1.880511867239274,-1.998257079194299,1.9263742638139842,0.9733102495962376,-0.13228470302483059,0.37632804280374027,297.67787906068213,622.0818418988853,607.3557581213643
