d_t,d_h,thres,nDT,timeHin,bias,LL,BIC,AIC
0.40094054320699235,-1.9947385888306257,2.5179650555445945,0.9835899870824797,-0.03661414609375328,-0.9060678584086503,303.15067730290315,632.5935144138496,618.3013546058063
