d_t,d_h,thres,nDT,timeHin,bias,LL,BIC,AIC
0.3917151725167329,-1.9998930074485912,0.989204013590625,0.9839318037077053,-0.03934263426717338,-0.9119797530040391,298.33289923825276,622.8824855913076,608.6657984765055
