d_t,d_h,thres,nDT,timeHin,bias,LL,BIC,AIC
-1.860275537065646,-1.9993395524255273,2.714137983903524,0.9749293671044892,-0.19589341491049053,0.3525574246419713,275.0314575440541,576.4296100161428,562.0629150881082
