d_t,d_h,thres,nDT,timeHin,bias,LL,BIC,AIC
-1.9917687846747696,-1.9962303937464763,1.1014947169778946,0.9865397610393859,-0.03257399279391149,0.5730583193479553,168.01157481335056,359.49528765927,348.0231496267011
