d_t,d_h,thres,nDT,timeHin,bias,LL,BIC,AIC
-1.3294918829210631,-1.9990405092357315,2.3730240309200887,0.9939988423507329,-0.11216480100310317,-0.8899761884986206,168.38300495751247,360.2381479475938,348.76600991502494
