d_t,d_h,thres,nDT,timeHin,bias,LL,BIC,AIC
-1.9764800323882363,-1.9976270353157413,2.39969956601817,0.9813249083642368,-0.17882284472897733,-0.5773530569740275,258.27956926522006,542.464067211658,528.5591385304401
