d_t,d_h,thres,nDT,timeHin,bias,LL,BIC,AIC
0.12173489388078451,-1.9948177365848452,2.8876306699116,0.9762407539860737,-0.05418895700577748,0.047099840161125894,265.4675134006922,556.9194268431024,542.9350268013844
