d_t,d_h,thres,nDT,timeHin,bias,LL,BIC,AIC
-1.5221586133997567,-1.9992930533932842,1.7985558921628904,0.987747142934844,-0.12514918322030008,-0.6927295379116318,288.10437352150313,602.5009068510495,588.2087470430063
