d_t,d_h,thres,nDT,timeHin,bias,LL,BIC,AIC
-1.9957847206698391,-1.9935890325899002,1.1890548904766591,0.9777092409079957,-0.12391197013037611,-0.11393029096292509,303.6665646530992,633.846172952978,619.3331293061984
