d_t,d_h,thres,nDT,timeHin,bias,LL,BIC,AIC
1.9756127315544003,-1.9987681531808172,1.0017061087651808,0.9753814685871803,-0.07375561571685725,0.6170108430283318,273.72527257768996,573.7427049634232,559.4505451553799
