d_t,d_h,thres,nDT,timeHin,bias,LL,BIC,AIC
1.99880197333224,-1.9994791858349419,2.5274508679270284,0.9862601967248281,-0.07229258323111482,0.16364907195512868,286.1320509561078,598.9200094511574,584.2641019122156
