d_t,d_h,thres,nDT,timeHin,bias,LL,BIC,AIC
-1.9280505001662782,-1.9967774464537191,1.948026465868271,0.9791368605779452,-0.12686494363837594,0.5763584490961435,284.7283255768077,595.7488109616587,581.4566511536154
