d_t,d_h,thres,nDT,timeHin,bias,LL,BIC,AIC
1.9910103100979504,-1.9971295640439901,2.687139420710772,0.9860754187721655,-0.10261834629120427,0.0479116987095006,289.81385478139043,606.3537933403019,591.6277095627809
