d_t,d_h,thres,nDT,timeHin,bias,LL,BIC,AIC
-1.9601441619515632,-1.999229590496077,0.6481516999928706,0.9626064676294928,-0.1675386364871497,0.3330607058344455,292.6339318096595,611.9237711582608,597.267863619319
