d_t,d_h,thres,nDT,timeHin,bias,LL,BIC,AIC
1.9784831365488842,-1.995593774769117,2.2468614420584867,0.9944024670614356,-0.03356871045591879,-0.5529380177190679,87.16954402997645,193.8876672880818,186.3390880599529
