d_t,d_h,thres,nDT,timeHin,bias,LL,BIC,AIC
-1.998415463227547,-1.9937745070758262,1.1268308064965593,0.964983014973649,-0.15640685933446816,0.14250844899109202,303.2946580963284,633.4533370795261,618.5893161926568
