d_t,d_h,thres,nDT,timeHin,bias,LL,BIC,AIC
-1.9708759832344565,-1.9998217069068012,2.5704601668823384,0.9944896509972609,-0.05320824704552883,-0.8185836089061779,282.64963175596006,591.7395789955057,577.2992635119201
