d_t,d_h,thres,nDT,timeHin,bias,LL,BIC,AIC
-1.9724174041671567,-1.997293224087698,2.0580549828285233,0.9797174526251164,-0.11756764747183371,0.32243977508672345,261.90178084525616,549.7879617322303,535.8035616905123
