d_t,d_h,thres,nDT,timeHin,bias,LL,BIC,AIC
-1.97376553645381,-1.998385827386213,1.8436145867574112,0.9762802187792968,-0.09570238192978256,0.6445902190467205,286.2332567498467,598.979557146473,584.4665134996934
