d_t,d_h,thres,nDT,timeHin,bias,LL,BIC,AIC
1.9551379306759644,-1.99905648182648,1.108907590451926,0.9943859168657275,-0.12807903495342018,-0.8529013538962286,293.2860023925506,613.227912324043,598.5720047851012
