d_t,d_h,thres,nDT,timeHin,bias,LL,BIC,AIC
-1.7394716659257266,-1.995293453368723,2.4493844646960494,0.9850032902841908,-0.075221445285637,0.7704020990480211,296.4162676325601,619.5586190426412,604.8325352651202
