d_t,d_h,thres,nDT,timeHin,bias,LL,BIC,AIC
-0.37357879657950194,-1.9974779848987638,0.9743987269699574,0.9796481220863303,-0.009822836314236125,-0.6978484618411042,280.77652431412,587.9197435562746,573.55304862824
