d_t,d_h,thres,nDT,timeHin,bias,LL,BIC,AIC
1.9461917069298047,-1.9855926778770505,1.0705061299653684,0.9861271829122144,-0.18421840537189196,-0.7029800818399451,308.7438928538561,644.2832344196397,629.4877857077122
