d_t,d_h,thres,nDT,timeHin,bias,LL,BIC,AIC
1.996782388943516,-1.9919014677139688,2.44441487380121,0.9827432043073716,-0.13587135484926335,-0.576422197950554,288.56385262300074,603.4944001740362,589.1277052460015
