d_t,d_h,thres,nDT,timeHin,bias,LL,BIC,AIC
1.826817670176793,-1.9915697071476444,1.4697671631351115,0.9854914474526932,-0.06321364911023199,-0.814270779595726,277.05352173701596,580.5473589576175,566.1070434740319
