d_t,d_h,thres,nDT,timeHin,bias,LL,BIC,AIC
1.9850764962640364,-1.9977916542194711,2.625838970265498,0.9782309241049859,-0.10103358120208754,0.11244648168695232,288.75111855569406,604.15814465033,589.5022371113881
