d_t,d_h,thres,nDT,timeHin,bias,LL,BIC,AIC
-0.11576689163925458,-1.9996942495113117,1.0080559134162321,0.9942849396367271,-0.03430995223726194,-0.9271859349357712,236.49297836832775,498.2141124530013,484.9859567366555
