d_t,d_h,thres,nDT,timeHin,bias,LL,BIC,AIC
1.8225542990521855,-1.9959817446468897,1.9479563239713371,0.9864871739440423,-0.04160805643444109,-0.8872817220584476,223.6314995952841,472.21629769072626,459.2629991905682
