d_t,d_h,thres,nDT,timeHin,bias,LL,BIC,AIC
1.8519164543673,-1.9858012893056978,2.485026905415105,0.9957155843336847,-0.06819239232252695,-0.9349105971867754,228.32805996246148,481.9731661559796,468.65611992492296
