d_t,d_h,thres,nDT,timeHin,bias,LL,BIC,AIC
-1.4064458819340695,-1.9992969426954597,0.8271238608285785,0.9839625257597897,-0.09890385609369301,-0.8244163459165621,245.9747515111276,517.5255822845031,503.9495030222552
