d_t,d_h,thres,nDT,timeHin,bias,LL,BIC,AIC
1.9739147933891186,-1.9906235921768058,2.025890332184714,0.9825373167857576,-0.07058800319921109,0.8355800952655306,149.18628318063676,321.0777041647831,310.3725663612735
