d_t,d_h,thres,nDT,timeHin,bias,LL,BIC,AIC
-1.9817306226827722,-1.9967387404818717,1.2493717915218978,0.9942869595781361,-0.046873678831831404,-0.753002725292682,289.5459564209906,605.6768136350411,591.0919128419812
