d_t,d_h,thres,nDT,timeHin,bias,LL,BIC,AIC
-1.0617477984758805,-1.9949238066264703,1.990929608233273,0.9847621276964119,-0.07056961935467448,-0.37705899178544616,287.78875208456117,602.0905478159019,587.5775041691223
