d_t,d_h,thres,nDT,timeHin,bias,LL,BIC,AIC
1.9688749810852904,-1.9994297137458856,1.0866571936338418,0.9838503067610711,-0.14010461338633132,-0.7010007427058916,271.1001971972467,568.4170815092955,554.2003943944934
