d_t,d_h,thres,nDT,timeHin,bias,LL,BIC,AIC
-1.9351062581928167,-1.9970085990260371,1.0091432790881247,0.9832001010035043,-0.07832617714506289,0.7056322111204215,280.7881396239684,587.4812079291546,573.5762792479368
