d_t,d_h,thres,nDT,timeHin,bias,LL,BIC,AIC
-1.993353133905559,-1.993254716229082,2.1212569261323417,0.9670968718497766,-0.16280900809511173,0.14530508099582587,196.7480401091512,417.42998449768805,405.4960802183024
