d_t,d_h,thres,nDT,timeHin,bias,LL,BIC,AIC
-0.04548495165526295,-1.9918872116739603,1.054530831173751,0.9026166634112316,0.0757896689926902,-0.1684515136124367,203.80364106986485,431.75939228414063,419.6072821397297
