d_t,d_h,thres,nDT,timeHin,bias,LL,BIC,AIC
1.936171018005408,-1.9991926446807204,0.632480751637259,0.9837461276488212,-0.07406374736236097,-0.8421464261616,300.50768570893206,627.671278956806,613.0153714178641
