d_t,d_h,thres,nDT,timeHin,bias,LL,BIC,AIC
-1.9941720014713806,-1.9996214449776326,1.8707852733554966,0.9942141359066954,-0.0417376072860318,-0.8892290163843317,256.63415542227125,539.2527108862605,525.2683108445425
