d_t,d_h,thres,nDT,timeHin,bias,LL,BIC,AIC
1.9911693978740157,-1.9971369213681662,1.6278870128004963,0.9945987431415954,-0.06166588911768301,-0.9624422389321138,252.51273149533347,530.9303916718848,517.0254629906669
