d_t,d_h,thres,nDT,timeHin,bias,LL,BIC,AIC
0.240463454559248,-1.9960712728769792,1.3558914014681993,0.9846430838974392,-0.0628110303260431,-0.8703196055043135,290.2402178864177,606.920751256421,592.4804357728354
