d_t,d_h,thres,nDT,timeHin,bias,LL,BIC,AIC
-1.1047635019781934,-1.9983095211451798,2.472252941249336,0.9934832369023815,-0.051934155478485296,-0.8912595152439606,145.19330693761052,312.81263158492123,302.38661387522103
