d_t,d_h,thres,nDT,timeHin,bias,LL,BIC,AIC
1.9831778025254607,-1.9993063086547267,1.9093211146071554,0.97435490802241,-0.15344375743344157,-0.06504593660622124,262.5499699639289,551.0048686090756,537.0999399278578
