d_t,d_h,thres,nDT,timeHin,bias,LL,BIC,AIC
1.9808237961464839,-1.997998030218306,2.881391965526382,0.9731679589052353,-0.07171432888042575,-0.7696556757092482,301.1127459847696,629.0209406814668,614.2254919695392
