d_t,d_h,thres,nDT,timeHin,bias,LL,BIC,AIC
1.9874304617995404,-1.9971702565956582,2.25349000710994,0.9941206002221105,-0.03623646146479129,-0.8449710912178878,294.6684501515285,616.062984080578,601.336900303057
