d_t,d_h,thres,nDT,timeHin,bias,LL,BIC,AIC
1.9816209616445386,-1.9675618686703167,2.455850494134357,0.9901180297411013,-0.04495159349712748,-0.9988101228579139,285.8639332475126,596.2939338683577,583.7278664950252
