d_t,d_h,thres,nDT,timeHin,bias,LL,BIC,AIC
-1.9654677853779963,-1.9982343725982272,0.688292901671951,0.9853500754146602,-0.11769566277458166,-0.831251453683499,171.82076228454082,366.3466623725912,355.64152456908164
