d_t,d_h,thres,nDT,timeHin,bias,LL,BIC,AIC
1.9358657668935588,-1.9846260935002398,1.6216524856165049,0.9937847434743086,-0.05890643550828961,-0.9946158839927921,283.4474878833551,591.1532833737175,578.8949757667102
