d_t,d_h,thres,nDT,timeHin,bias,LL,BIC,AIC
-1.876271848603055,-1.9995861111950357,2.7340133496591275,0.9597981710024001,-0.18326323989166093,0.323957592883872,295.6685732834069,618.0632303443348,603.3371465668138
