d_t,d_h,thres,nDT,timeHin,bias,LL,BIC,AIC
-0.8503829662641172,-1.998064393326139,2.8023046765349124,0.9942925288796365,-1.373414236488235e-4,-0.9842657171819641,289.2684628473192,603.8539719256951,590.5369256946384
