d_t,d_h,thres,nDT,timeHin,bias,LL,BIC,AIC
0.1535558440740189,-1.997002873170774,0.9464148628590472,0.9842561208853923,-0.04314727373676563,-0.820173753987793,287.3339161372809,601.1081477581473,586.6678322745618
