d_t,d_h,thres,nDT,timeHin,bias,LL,BIC,AIC
1.9639494486150861,-1.9970762883162192,0.8129910550854885,0.9739206097956284,-0.11769769193283706,0.23322655641500373,286.081066286154,598.6024480558935,584.162132572308
