d_t,d_h,thres,nDT,timeHin,bias,LL,BIC,AIC
-1.9607785759608172,-1.9975625102835752,2.679909728212281,0.9656606529467745,-0.15445008857093379,0.4343112839877518,270.8474076777364,567.6792153971908,553.6948153554728
