d_t,d_h,thres,nDT,timeHin,bias,LL,BIC,AIC
1.9183459012534831,-1.9866146419745103,2.9739445106769864,0.9702445339801224,-0.16749808007778638,-0.00934096610081666,264.55244467166784,555.0098180245535,541.1048893433357
