d_t,d_h,thres,nDT,timeHin,bias,LL,BIC,AIC
1.9526577866746782,-1.9963160848422756,0.8336563903838395,0.9909573611224443,-0.05755142338322253,-0.8329361195846546,269.72099525341133,565.7341503148659,551.4419905068227
