d_t,d_h,thres,nDT,timeHin,bias,LL,BIC,AIC
0.6132139455301989,-1.9986502582848902,1.5822685526701117,0.9838563479275975,-0.08138528945235196,-0.6399414077308329,284.1200634885301,594.8250277701201,580.2401269770602
