d_t,d_h,thres,nDT,timeHin,bias,LL,BIC,AIC
-1.9621815393396032,-1.9998869218181348,2.2330366415125575,0.9755897356693477,-0.11841169150824424,0.4988872404820706,271.500809212351,569.2183055395041,555.001618424702
