d_t,d_h,thres,nDT,timeHin,bias,LL,BIC,AIC
-1.9944748950483489,-1.9999776847744148,1.9203779676519324,0.9647406525795141,-0.1456619373698215,0.32290363855839377,290.3126789159288,607.2102586249175,592.6253578318576
