d_t,d_h,thres,nDT,timeHin,bias,LL,BIC,AIC
1.9461429554396905,-1.9978294969136408,2.541211852180493,0.99443867347753,-0.04728273247624413,-0.9705193267098666,272.4184555879195,570.9771641359765,556.836911175839
