d_t,d_h,thres,nDT,timeHin,bias,LL,BIC,AIC
0.8194891353058783,-1.9919426618042464,1.577335536090164,0.9862985127291338,-0.051987718710115045,-0.956039509626025,292.3879338392559,610.5186243254021,596.7758676785118
