d_t,d_h,thres,nDT,timeHin,bias,LL,BIC,AIC
-1.954553965296413,-1.9903144863513307,2.4319286216050386,0.9865559266197466,-0.13003875419957214,-0.8057274852314165,271.96610056794606,569.6749577827825,555.9322011358921
