d_t,d_h,thres,nDT,timeHin,bias,LL,BIC,AIC
-0.3954149384320457,-1.9891534151841774,1.7153595969459927,0.9935037489797398,-0.023781479540365136,-0.9994917655823922,233.01704826855573,490.796902847382,478.03409653711145
