d_t,d_h,thres,nDT,timeHin,bias,LL,BIC,AIC
-1.5817815015478998,-1.9982990930386133,2.0511121414363878,0.9853260014834349,-0.14483546695584665,-0.7964417899851219,266.47341387481566,559.0096602807535,544.9468277496313
