d_t,d_h,thres,nDT,timeHin,bias,LL,BIC,AIC
1.9772737825823545,-1.9906304879178884,2.688718036042821,0.9941034472257444,-0.0590220026190989,-0.9488535455584495,282.80616691443197,592.0526493124495,577.6123338288639
