d_t,d_h,thres,nDT,timeHin,bias,LL,BIC,AIC
1.8647497432967841,-1.997556930297747,2.3302888414520457,0.982483216993938,-0.13752154538034056,-0.7006965390258482,280.2955328953101,586.9577607186548,572.5910657906202
