d_t,d_h,thres,nDT,timeHin,bias,LL,BIC,AIC
1.973619546371913,-1.9999713965604216,2.667929147479007,0.9749095660399512,-0.17761802944872843,-0.43552700606087585,293.04489853680917,612.6746978666782,598.0897970736183
