d_t,d_h,thres,nDT,timeHin,bias,LL,BIC,AIC
-1.6721648258020132,-1.9992267762893847,2.642730971309626,0.9842243799495557,-0.1423200953352457,-0.8116324425810083,283.75429622135704,593.8007522507573,579.5085924427141
