d_t,d_h,thres,nDT,timeHin,bias,LL,BIC,AIC
1.9964881663441567,-1.9976433960113202,1.976504449389125,0.9916753015973683,-0.11923418934942785,-0.8081827591587941,278.8562701987947,584.0047002056326,569.7125403975894
