d_t,d_h,thres,nDT,timeHin,bias,LL,BIC,AIC
1.9482936453619442,-1.9996542770363623,2.1855569000898147,0.9850085004781172,-0.13897375440068052,-0.5506286934635334,289.2811778943039,605.0753994353873,590.5623557886078
