d_t,d_h,thres,nDT,timeHin,bias,LL,BIC,AIC
-1.978138941820786,-1.9995271452194792,2.3549467837044413,0.9946627097452212,-0.09275279341316957,-0.8665906850051898,259.4261508038839,544.8367016494858,530.8523016077678
