d_t,d_h,thres,nDT,timeHin,bias,LL,BIC,AIC
-1.9795425817537453,-1.998204165342289,2.6661214504390953,0.9741905856845879,-0.09332755085620247,-0.20769087049999232,245.0721927416064,515.8043821973091,502.1443854832128
