d_t,d_h,thres,nDT,timeHin,bias,LL,BIC,AIC
-1.9065595383754714,-1.9991941497375931,1.7239626642072752,0.977975265382488,-0.12683869560977054,-0.05800007362679045,293.9306262663507,614.5171600716433,599.8612525327014
