d_t,d_h,thres,nDT,timeHin,bias,LL,BIC,AIC
-1.9926255971454403,-1.9944774060586445,2.736488883035297,0.9757749506154525,-0.10995552159682052,0.5900988689368959,283.2521393570838,593.0173223609472,578.5042787141676
