d_t,d_h,thres,nDT,timeHin,bias,LL,BIC,AIC
-1.954476810456993,-1.9997126742652898,1.9262814528159862,0.9834001600819796,-0.15069867519217786,-0.7339457879518896,286.96460039602624,600.4422444388321,585.9292007920525
