d_t,d_h,thres,nDT,timeHin,bias,LL,BIC,AIC
1.9662631342702592,-1.9969840787825726,2.160330821969943,0.973616662021638,-0.12878847644707647,-0.13369311062721378,288.3284890600281,603.0236730480908,588.6569781200562
