d_t,d_h,thres,nDT,timeHin,bias,LL,BIC,AIC
1.997171276172471,-1.9951163252457873,2.4116945123299955,0.9736607875842178,-0.1306518658716694,-0.5074870530829214,296.64841433640527,619.8098723195901,605.2968286728105
