d_t,d_h,thres,nDT,timeHin,bias,LL,BIC,AIC
-1.8824102865780001,-1.996905403458041,1.4206113037377408,0.9885624696768042,-0.08979237404438883,-0.9997081766107926,40.5469225282595,96.00328495524701,93.093845056519
