d_t,d_h,thres,nDT,timeHin,bias,LL,BIC,AIC
1.9867264506040212,-1.9969977430209673,1.0644552743062379,0.9945903054050906,-0.08797422124082535,-0.8907784924514404,218.64829228962367,462.0593908895179,449.29658457924734
