d_t,d_h,thres,nDT,timeHin,bias,LL,BIC,AIC
1.9438352921815312,-1.9968728358134953,0.9985686441180244,0.9857329807027239,-0.08209387021621979,-0.8795316614430636,223.32526504549517,471.6038285911484,458.65053009099034
