d_t,d_h,thres,nDT,timeHin,bias,LL,BIC,AIC
-1.24950938135173,-1.99247391229375,1.0784904349308113,0.9879066665649492,-0.0884392844966887,-0.9995186114364816,40.53819809693121,95.98583609259043,93.07639619386242
