d_t,d_h,thres,nDT,timeHin,bias,LL,BIC,AIC
-1.7253543549123573,-1.9992397465560925,1.3605360126122832,0.985020957922996,-0.2744341609945921,0.691893591268236,263.70523220893256,553.5507173780027,539.4104644178651
