d_t,d_h,thres,nDT,timeHin,bias,LL,BIC,AIC
1.026718364711351,-1.9576020988777507,1.0264209486544134,0.9845416046937165,-0.068968348019507,-0.9385806309623729,278.07852607879846,582.2973051177345,568.1570521575969
