d_t,d_h,thres,nDT,timeHin,bias,LL,BIC,AIC
-0.7962857941345097,-1.999931915793418,2.908676627618586,0.994365803144012,-0.06935032502322741,-0.9202212949959115,291.7125611810414,609.8654378456683,595.4251223620828
