d_t,d_h,thres,nDT,timeHin,bias,LL,BIC,AIC
1.9902578442499776,-1.9987483372407508,0.7551509933607365,0.9859820134023445,-0.14807706916811528,-0.8984881878550666,277.3776305152973,581.0474208386379,566.7552610305946
