d_t,d_h,thres,nDT,timeHin,bias,LL,BIC,AIC
1.9407944689326428,-1.9998364310731922,0.8496823757886887,0.9872920766578135,-0.054175532020142775,-0.8860851023099717,275.12741048783914,576.4715080904804,562.2548209756783
