d_t,d_h,thres,nDT,timeHin,bias,LL,BIC,AIC
1.997026584751052,-1.9995152860032837,2.869886269234121,0.9940630789912753,-0.05348398231401039,-0.9705871005828652,267.1107908738445,560.1265104289068,546.221581747689
