d_t,d_h,thres,nDT,timeHin,bias,LL,BIC,AIC
-1.9908293247804214,-1.9974269048035793,2.3587369859218597,0.9851382388895955,-0.07280704593397115,-0.7962386919127215,253.61125526940558,533.0469010980362,519.2225105388111
