d_t,d_h,thres,nDT,timeHin,bias,LL,BIC,AIC
-1.9568835300504464,-1.9966861499968847,2.375222053118159,0.9856823315389309,-0.06176155768882245,0.7812082846271476,270.32932641361884,566.8753399420398,552.6586528272377
