d_t,d_h,thres,nDT,timeHin,bias,LL,BIC,AIC
-0.9885875948794182,-1.9951123667043764,1.7992848445412404,0.9944528843962317,-0.09805101512183811,-0.9963131594848532,258.7237156417882,543.3523599647942,529.4474312835764
