d_t,d_h,thres,nDT,timeHin,bias,LL,BIC,AIC
1.9876626289956707,-1.9966774687580295,1.7585478578930407,0.9945124915041166,-0.07996986748275567,-0.9502784995109161,269.6626131879186,565.4654793359748,551.3252263758372
