d_t,d_h,thres,nDT,timeHin,bias,LL,BIC,AIC
0.3994601447402721,-1.9980852091046248,1.2490745339354088,0.9864790171735751,-0.0145494832767506,0.03682117350269554,50.2218826083302,116.69206642327366,112.4437652166604
