d_t,d_h,thres,nDT,timeHin,bias,LL,BIC,AIC
-1.9810684147022013,-1.9995019861459198,1.9231859170876024,0.9738011082271993,-0.14667687931411613,0.01519396194921722,272.44089678162123,571.02204652338,556.8817935632425
