d_t,d_h,thres,nDT,timeHin,bias,LL,BIC,AIC
1.9990107883200228,-1.996823183104789,2.235902948886806,0.9847676973326993,-0.1270710434117351,-0.787338977442661,280.15775496283203,586.7558254092496,572.3155099256641
