d_t,d_h,thres,nDT,timeHin,bias,LL,BIC,AIC
0.5799625687849606,-1.9996324824287273,1.8912951403907048,0.9863398930983571,-0.030045380774961983,-0.0804963471992839,46.87719126105752,109.58872649980658,105.75438252211504
