d_t,d_h,thres,nDT,timeHin,bias,LL,BIC,AIC
0.3784091061257502,-1.99754560744563,1.5081624440505217,0.9868609143846633,0.0017911940136138755,-0.8773197877352478,229.59438262775944,484.5058114865755,471.1887652555189
