d_t,d_h,thres,nDT,timeHin,bias,LL,BIC,AIC
1.598094435355442,-1.9098686304822992,1.738205948844552,0.9949277434666132,-0.08184961984524135,-0.9988742705980037,276.7559483147145,578.8289428604857,565.511896629429
