d_t,d_h,thres,nDT,timeHin,bias,LL,BIC,AIC
-0.11528996135263736,-1.9929464349487336,0.8506752172142471,0.9944460680170377,-0.04791445842845524,-0.9843434711271093,289.9496909494102,606.1915417068636,591.8993818988204
