d_t,d_h,thres,nDT,timeHin,bias,LL,BIC,AIC
-1.9000359801102127,-1.9968962527319924,1.3923751084849607,0.994515709237254,-0.06691338267909715,-0.9998783716081345,107.31704404579402,235.041272381561,226.63408809158804
