d_t,d_h,thres,nDT,timeHin,bias,LL,BIC,AIC
-1.792940714514816,-1.9917179380167116,1.4585073951244696,0.9931807847482985,-0.07044693727694222,-0.9935669420185892,188.632610022067,399.69123775383423,389.265220044134
