d_t,d_h,thres,nDT,timeHin,bias,LL,BIC,AIC
1.9869286004072155,-1.9932829661747065,1.0570714393134288,0.980679539257912,-0.06747031401563491,0.26800889567973013,74.48855718321208,167.52336908657406,160.97711436642416
