d_t,d_h,thres,nDT,timeHin,bias,LL,BIC,AIC
-1.9747771445424303,-1.9925518200135823,2.0456530362536522,0.9938101943800218,-0.08865332763517252,-0.9981423787066158,198.95227701999454,420.744528978611,409.9045540399891
