d_t,d_h,thres,nDT,timeHin,bias,LL,BIC,AIC
1.9598497596980309,-1.999774854709959,2.431755735182543,0.9844911044329145,-0.11979538963509219,-0.7311141693809798,276.84101263534603,579.9741850787353,565.6820252706921
