d_t,d_h,thres,nDT,timeHin,bias,LL,BIC,AIC
1.9846742309301386,-1.9957545594310189,1.8384148766651038,0.990851315636733,-0.12105705865044905,-0.9645744067739724,232.2663188975685,489.29544410540757,476.532637795137
