d_t,d_h,thres,nDT,timeHin,bias,LL,BIC,AIC
-1.9311096776173424,-1.997555868919698,2.6472854273474997,0.9754450167162729,-0.1753027424881161,0.3154951367497045,302.99729791767885,632.858616722227,617.9945958353577
