d_t,d_h,thres,nDT,timeHin,bias,LL,BIC,AIC
-1.764299797879055,-1.9997849248417976,1.5215765746271723,0.9846293482144818,-0.18971569089334425,-0.8885934943976852,241.22053318938123,507.203872689033,494.44106637876246
