d_t,d_h,thres,nDT,timeHin,bias,LL,BIC,AIC
1.9231050340707776,-1.99422911219234,0.8888615357279777,0.9744270626994885,-0.15791595852489554,-0.39143225516810254,283.5596905869395,593.4115409819223,579.119381173879
