d_t,d_h,thres,nDT,timeHin,bias,LL,BIC,AIC
1.9875337160369477,-1.999341243265111,1.1251406693535633,0.9827314578610015,-0.11793943939788028,-0.07097945978705368,280.2235759310901,586.9601955089598,572.4471518621802
