d_t,d_h,thres,nDT,timeHin,bias,LL,BIC,AIC
-1.8496719002335977,-1.963763658946457,1.3883920377397612,0.9940452918769664,-0.08669656727031054,-0.8328350119862542,286.9331892591061,599.44245778046,585.8663785182122
