d_t,d_h,thres,nDT,timeHin,bias,LL,BIC,AIC
-1.9744750316805415,-1.999854885933636,1.3854537525979123,0.993223967175839,-0.060732019204612284,-0.6628156849059003,237.70686964225078,500.64189500084734,487.41373928450156
