d_t,d_h,thres,nDT,timeHin,bias,LL,BIC,AIC
-1.6337111967737803,-1.9928634539701426,2.4904405139386654,0.9953961588317097,-0.07137950884578333,-0.9997577912601459,275.0577617641425,575.5201625558686,562.115523528285
