d_t,d_h,thres,nDT,timeHin,bias,LL,BIC,AIC
-1.9967784927630883,-1.9986685221528129,2.2113069796934726,0.9882691278522617,-0.04872338221768408,-0.5274931790347426,231.9045417433578,488.9470119388742,475.8090834867156
