d_t,d_h,thres,nDT,timeHin,bias,LL,BIC,AIC
1.923605229858612,-1.9971833472334666,1.4161259392262444,0.9927077880136936,-0.07843586553345047,-0.9962256087155866,279.3336700447004,582.3748024008894,570.6673400894008
