d_t,d_h,thres,nDT,timeHin,bias,LL,BIC,AIC
1.9318815190024248,-1.9996199089339082,2.1506639953990416,0.9920101419082253,-0.08757369335431621,-0.7937807453199491,280.71037719880144,587.9337980443825,573.4207543976029
