d_t,d_h,thres,nDT,timeHin,bias,LL,BIC,AIC
1.8697970181118397,-1.999470431859284,0.6094009692787733,0.9861444230052563,-0.18840246868447258,-0.6999293776866996,272.2264472286963,570.7450542654359,556.4528944573926
