d_t,d_h,thres,nDT,timeHin,bias,LL,BIC,AIC
-1.947864659142998,-1.9993105412935357,1.9410673233977935,0.9856963850720807,-0.06726901926893027,-0.6594002669972862,232.0616039270988,489.35136357054336,476.1232078541976
