d_t,d_h,thres,nDT,timeHin,bias,LL,BIC,AIC
1.9990836458566605,-1.9988092511507352,1.9630625917813187,0.9574091044883695,-0.1389634460691897,0.2827990998636994,127.51317691389082,276.691861303647,267.02635382778163
