d_t,d_h,thres,nDT,timeHin,bias,LL,BIC,AIC
1.9986923421454335,-1.9950988023464387,2.21866358654857,0.9926783930846963,-0.036367455491774406,-0.9232434778587376,267.4722220562533,561.0846970726442,546.9444441125066
