d_t,d_h,thres,nDT,timeHin,bias,LL,BIC,AIC
-1.9451971333493923,-1.9996705489615183,2.9837278654798864,0.9844700183161739,-0.09589350226905084,-0.8048136780670421,215.85092691359284,456.65515232734373,443.7018538271857
