d_t,d_h,thres,nDT,timeHin,bias,LL,BIC,AIC
1.9768145927153282,-1.9992202403812993,1.5102923856818813,0.9551225991297534,-0.14279932210298932,0.07453565241212533,131.17849566816864,284.1825082946956,274.3569913363373
