d_t,d_h,thres,nDT,timeHin,bias,LL,BIC,AIC
1.9867246958126945,-1.9996772080597502,2.466433849918446,0.9841015293695887,-0.08306747382727127,-0.6861324243161636,285.78018002690095,598.1452608468618,583.5603600538019
