d_t,d_h,thres,nDT,timeHin,bias,LL,BIC,AIC
1.973721861998934,-1.9977244037769786,0.8801716713116311,0.9752232974748023,-0.08936878580033912,-0.7224953823338836,297.25229020914014,621.3000291302078,606.5045804182803
