d_t,d_h,thres,nDT,timeHin,bias,LL,BIC,AIC
-1.9275821838527918,-1.9964229754266676,1.9858373448255748,0.9767850216612373,-0.17998721486701308,-0.2456418010976232,268.9590372834736,564.0583275270848,549.9180745669472
