d_t,d_h,thres,nDT,timeHin,bias,LL,BIC,AIC
-1.9823536703458025,-1.9940245673933843,2.191057242612504,0.9858458248988742,-0.06808353729258054,0.038772745569215054,77.24036126937038,173.29368783431568,166.48072253874076
