d_t,d_h,thres,nDT,timeHin,bias,LL,BIC,AIC
-1.8616535706941146,-1.9993483412825452,1.465648235566914,0.9436870179402675,-0.1652237736326694,0.06697466009910993,311.78431361884446,650.2947110152099,635.5686272376889
