d_t,d_h,thres,nDT,timeHin,bias,LL,BIC,AIC
-1.9694233245608277,-1.9976969531975,0.6443372934340896,0.9429138009571479,-0.16786526203534669,0.19192769035184776,301.9124288390422,630.337901324864,615.8248576780844
