d_t,d_h,thres,nDT,timeHin,bias,LL,BIC,AIC
-1.853965916873399,-1.997835754879738,1.7118491382032603,0.9899425757029199,-0.10057548642097322,-0.4733499418848145,287.69924001513687,601.5387329904113,587.3984800302737
