d_t,d_h,thres,nDT,timeHin,bias,LL,BIC,AIC
-1.727717252539252,-1.9940117103442363,2.30777019008246,0.98263325798211,-0.1163798835226537,-0.25780524408764705,294.81143595935896,616.3489556962389,601.6228719187179
