d_t,d_h,thres,nDT,timeHin,bias,LL,BIC,AIC
-1.980050393042744,-1.9940645581281917,1.2966746270225533,0.9760178528386175,-0.14061027318084218,0.20601919483742576,265.7468599317587,557.4781199052354,543.4937198635174
