d_t,d_h,thres,nDT,timeHin,bias,LL,BIC,AIC
0.12532181319273078,-1.9858970764431878,1.3886846956040118,0.977270062965195,0.012996713165193796,-0.40279604599694,284.82340450865553,595.471199576536,581.64680901731106
