d_t,d_h,thres,nDT,timeHin,bias,LL,BIC,AIC
-1.374603180254391,-1.9767343910449928,0.6478928015084141,0.9950438716944986,-0.042638562498808236,-0.9969600286610241,97.35157209327885,212.97027881289824,206.7031441865577
