d_t,d_h,thres,nDT,timeHin,bias,LL,BIC,AIC
1.8070708287490518,-1.9997166814120018,2.4759915633681846,0.9937214091874276,-0.06568080805286321,-0.963703493456327,272.5532312264785,570.3346181693028,557.106462452957
