d_t,d_h,thres,nDT,timeHin,bias,LL,BIC,AIC
1.9894947509433638,-1.9928421210051839,1.838624669238925,0.9876337450975856,-0.01726135058763132,-0.8862462792776422,254.25750003416493,534.3393906275548,520.5150000683299
