d_t,d_h,thres,nDT,timeHin,bias,LL,BIC,AIC
1.5286884118237263,-1.9997254394065702,2.432200380412384,0.9934230308425845,-0.07431281583101185,-0.9657303823939596,286.2343092778321,598.044697817912,584.4686185556642
