d_t,d_h,thres,nDT,timeHin,bias,LL,BIC,AIC
1.9491293886534715,-1.991172096654191,1.4883813114836812,0.9770997464629886,-0.06597063276651091,0.26531583204575915,262.6209223093612,551.1467732999403,537.2418446187224
