d_t,d_h,thres,nDT,timeHin,bias,LL,BIC,AIC
1.8742501504002576,-1.99773628155017,2.94164792829378,0.9852726950338617,-0.07053054787893899,0.7188116718155622,67.61495286498214,153.20429937128824,147.2299057299643
