d_t,d_h,thres,nDT,timeHin,bias,LL,BIC,AIC
-0.10032460583557726,-1.9563577106719732,1.2009233032150206,0.9922060916514467,5.825748420805691e-4,-0.999989972763785,261.95329399435366,547.6140503001959,535.9065879887073
