d_t,d_h,thres,nDT,timeHin,bias,LL,BIC,AIC
1.9452927851583937,-1.9969660953023567,0.9465153124070893,0.9946862455624431,-0.05374831618668581,-0.9315271653021074,257.29927180448766,540.4229341682003,526.5985436089753
