d_t,d_h,thres,nDT,timeHin,bias,LL,BIC,AIC
-0.7540891990005367,-1.9914464870606068,2.57731946073487,0.9842219032588091,-0.03744463854284716,0.7181874980443183,256.7554327502601,539.2536221474106,525.5108655005203
