d_t,d_h,thres,nDT,timeHin,bias,LL,BIC,AIC
-1.5905825350991907,-1.998051725162952,1.3963099381844712,0.9922993333264527,-0.1712071626314116,-0.9991658949138609,287.78761236340546,599.9378827900895,587.5752247268109
