d_t,d_h,thres,nDT,timeHin,bias,LL,BIC,AIC
-1.722394119376578,-1.9850807203284102,2.4130713410675524,0.995306669781179,-0.05336670476697635,-0.9989416464795202,288.7942236557563,604.1014909582922,589.5884473115126
