d_t,d_h,thres,nDT,timeHin,bias,LL,BIC,AIC
-1.8237087084196473,-1.9965461438735992,0.867074724137231,0.9941354845766511,-0.14986515672139786,-0.9976178575210709,276.2776084219026,578.6954698039427,564.5552168438052
