d_t,d_h,thres,nDT,timeHin,bias,LL,BIC,AIC
-1.9634748333044627,-1.9983252161714804,1.191993335758556,0.9839155113077925,-0.06813301997193341,0.3311980306914418,279.0630298453096,584.4927546186539,570.1260596906192
