d_t,d_h,thres,nDT,timeHin,bias,LL,BIC,AIC
-1.9763548430067126,-1.9889052240083878,1.7624794799686092,0.9705810042730226,-0.06932644131066473,0.3911872130899293,289.94472878648855,606.3297730565627,591.8894575729771
