d_t,d_h,thres,nDT,timeHin,bias,LL,BIC,AIC
-0.7046029215958651,-1.9963102491961002,2.569168219643099,0.9864635124021992,-0.03776091043039497,-0.9768194896652559,207.7810139063836,435.76580279268603,427.5620278127672
