d_t,d_h,thres,nDT,timeHin,bias,LL,BIC,AIC
-0.9000320495739211,-1.993055032140695,1.2155457345950849,0.973988346249731,-0.07017866493298208,-0.947568689041224,217.6395638399443,455.6863119698615,447.2791276798886
