d_t,d_h,thres,nDT,timeHin,bias,LL,BIC,AIC
-0.19837336894124746,-1.990133629503315,2.6370239512994886,0.9928312773821355,-0.06767031060839594,-0.8989496123244591,263.60790011310013,553.2786327573224,539.2158002262003
