d_t,d_h,thres,nDT,timeHin,bias,LL,BIC,AIC
-0.11867832241591417,-1.9939358890800893,2.1324770090597522,0.9852446582503979,0.0015210388233241334,-0.8658394585045674,260.29103576027444,546.5664715622669,532.5820715205489
