d_t,d_h,thres,nDT,timeHin,bias,LL,BIC,AIC
-1.9206103807893777,-1.986848396814731,0.8700591320240743,0.984020345448973,-0.07524818136592587,0.05685007347411197,282.2913340028008,590.7229209657391,576.5826680056016
