d_t,d_h,thres,nDT,timeHin,bias,LL,BIC,AIC
-0.44604829037688404,-1.9998465869268323,1.1831252509187944,0.9844366923467494,-0.009892971889296493,0.6203526258834381,270.7653844566999,567.5151689551178,553.5307689133998
