d_t,d_h,thres,nDT,timeHin,bias,LL,BIC,AIC
1.957609349926952,-1.9886701301227347,1.5893461674445,0.9866665297326234,-0.09381332243696289,-0.7170550724765945,241.68694670743332,508.8648648671628,495.37389341486664
