d_t,d_h,thres,nDT,timeHin,bias,LL,BIC,AIC
1.974981033868283,-1.985987770059199,0.7600242555158241,0.9951464773907314,-0.0532705924924475,-0.9989425937126097,282.53494386260394,591.2101406853454,577.0698877252079
