d_t,d_h,thres,nDT,timeHin,bias,LL,BIC,AIC
-1.9930755174416956,-1.9990425837964614,2.3935539060932984,0.9838822689871999,-0.11763593487291031,-0.3731963264462887,268.040594050613,561.7411848153223,548.081188101226
