d_t,d_h,thres,nDT,timeHin,bias,LL,BIC,AIC
1.5891856425311102,-1.999326380282391,2.7494978051637737,0.9874488497337549,-0.6997045710577935,-0.7250459514870184,281.1510005098966,588.6686959478279,574.3020010197932
