d_t,d_h,thres,nDT,timeHin,bias,LL,BIC,AIC
-1.964624472555722,-1.9911208632896849,1.7579734612725764,0.9823194771364799,-0.10153602414982091,0.20656713559074885,285.03294144507856,595.970811571375,582.0658828901571
