d_t,d_h,thres,nDT,timeHin,bias,LL,BIC,AIC
-0.8269671369343996,-1.998400867648134,2.9418494248564464,0.9943865054033421,-0.4862292010848029,-0.7972899993271014,283.3885000705429,593.2173156246713,578.7770001410858
