d_t,d_h,thres,nDT,timeHin,bias,LL,BIC,AIC
-1.8929668722832855,-1.9302963040681769,2.634820324786091,0.9845079311409014,-0.10514040611988454,-0.9993318884770377,96.32146102714879,211.71124503638524,204.64292205429757
