d_t,d_h,thres,nDT,timeHin,bias,LL,BIC,AIC
1.899543903138447,-1.9950013067293164,0.8216548423695273,0.9893031564003008,-0.07946522000987451,-0.9996454546293722,92.7607335989092,204.58979017990606,197.5214671978184
