d_t,d_h,thres,nDT,timeHin,bias,LL,BIC,AIC
-1.8350083410462796,-1.9979808267601762,2.699772859524238,0.9729150716118503,-0.14562223717223807,-0.2615578129645363,286.7011166795937,599.842548842773,585.4022333591874
