d_t,d_h,thres,nDT,timeHin,bias,LL,BIC,AIC
1.9937079593836717,-1.999487847817125,0.7258575271309838,0.9945996795824544,-0.129811887517474,-0.8453009012040656,264.50906609018966,555.1583851405169,541.0181321803793
