d_t,d_h,thres,nDT,timeHin,bias,LL,BIC,AIC
1.993597354306016,-1.9999018879668797,2.0123510649669285,0.9936189341264755,-0.04330742040568522,-0.9778649807399206,229.75837950310844,484.65468745837546,471.5167590062169
