d_t,d_h,thres,nDT,timeHin,bias,LL,BIC,AIC
1.9563167154441192,-1.993450682141423,1.8160340480197565,0.9937198726148132,-0.039268769997680315,-0.8892566492642536,235.232375058714,495.6929058337738,482.464750117428
