d_t,d_h,thres,nDT,timeHin,bias,LL,BIC,AIC
-1.8752823215809222,-1.999074338208866,1.4272764179379174,0.9844878844781852,-0.1349885718239897,-0.7500836844357953,312.36616841825236,651.4584206140257,636.7323368365047
