d_t,d_h,thres,nDT,timeHin,bias,LL,BIC,AIC
-1.905921198080534,-1.9896744681927985,2.2780039373785255,0.9945952376281767,-0.07216366523266782,-0.9996593362236338,191.2653032666503,406.35235801461334,394.5306065333006
