d_t,d_h,thres,nDT,timeHin,bias,LL,BIC,AIC
-1.8937604406480455,-1.9962088332880918,1.2167795492336155,0.9910659946332088,-0.07339740449600027,-0.8268234911049032,260.60069221009286,547.2642169513078,533.2013844201857
