d_t,d_h,thres,nDT,timeHin,bias,LL,BIC,AIC
-1.165866219364618,-1.9981241895845143,1.3333503260213586,0.9887900800957307,-0.06322963369165387,-0.8799425326771074,296.02252088632986,618.5580854194393,604.0450417726597
