d_t,d_h,thres,nDT,timeHin,bias,LL,BIC,AIC
0.64085908572463135,-1.9996410332215997,0.7914770212559228,0.9892914435705482,-0.06871724060152173,-0.7693711499904092,289.39313529648877,605.3711713860374,590.7862705929775
