d_t,d_h,thres,nDT,timeHin,bias,LL,BIC,AIC
-1.8152866563186354,-1.995294885795314,0.7904230935482247,0.9784186453670819,-0.08665242975587799,0.49622979640043574,286.73718320429083,600.0592672016415,585.4743664085817
