d_t,d_h,thres,nDT,timeHin,bias,LL,BIC,AIC
1.9985601584086545,-1.9981090880135914,1.2305419515559297,0.9845841048033642,-0.06369381936890861,-0.678618499226736,270.30209731077787,566.8208817363578,552.6041946215557
