d_t,d_h,thres,nDT,timeHin,bias,LL,BIC,AIC
1.840930479813895,-1.9977455195792255,0.9042623820516703,0.990601949332595,-0.08506661009059341,-0.9981299975145083,285.73079844043235,597.4459969225827,583.4615968808647
