d_t,d_h,thres,nDT,timeHin,bias,LL,BIC,AIC
-1.9904749783168263,-1.9998709397012884,1.989753012255786,0.9926663266719704,-0.08785689789828102,-0.19468549388202944,243.32055150067114,511.77903145350086,498.6411030013423
