d_t,d_h,thres,nDT,timeHin,bias,LL,BIC,AIC
-1.9896323404857565,-1.993014365434374,0.6778188110720168,0.9838175619565687,-0.09684742792469504,-0.5639034593465996,273.04340616360565,572.3034994420134,558.0868123272113
