d_t,d_h,thres,nDT,timeHin,bias,LL,BIC,AIC
-0.7477147052563748,-1.990575368267961,2.1079226871952415,0.9944486773386307,-0.0708995559647702,-0.9991166053807857,279.0503830478192,583.9251566548634,570.1007660956384
