d_t,d_h,thres,nDT,timeHin,bias,LL,BIC,AIC
1.4762760855160715,-1.9987667543347916,1.2361759341619973,0.9762675593121256,-0.08039679962194596,-0.7987533604276756,248.95484714764214,523.5696910093806,509.9096942952843
