d_t,d_h,thres,nDT,timeHin,bias,LL,BIC,AIC
1.9485563449269814,-1.9991607743306088,1.346072973489448,0.9942353261081422,-0.06675501744219131,-0.8438055182360562,267.5438331204945,561.2279192011266,547.087666240989
