d_t,d_h,thres,nDT,timeHin,bias,LL,BIC,AIC
0.14855797007832716,-1.9970906070958485,1.7521074535799783,0.9747768795991226,-0.03221394228864352,0.6423162467494435,290.09950860870606,606.854924756354,592.1990172174121
