d_t,d_h,thres,nDT,timeHin,bias,LL,BIC,AIC
0.9216084183938806,-1.9939052154619408,2.591187158295109,0.9834496868673496,-0.04532614816712231,-0.7460192717873927,298.48204926555746,622.0104221504887,608.9640985311149
