d_t,d_h,thres,nDT,timeHin,bias,LL,BIC,AIC
-1.9856331825807276,-1.9986701193818046,2.6085398352071407,0.9878927716893958,-0.011056324224664424,-0.43625853279720905,111.17094816512346,243.32094169904582,234.34189633024693
