d_t,d_h,thres,nDT,timeHin,bias,LL,BIC,AIC
-1.9953071568410474,-1.9881611613282366,0.9730619978159667,0.9852890722961062,-0.07378019540257774,-0.7774141028725837,81.24994780323428,181.56821858855622,174.49989560646856
