d_t,d_h,thres,nDT,timeHin,bias,LL,BIC,AIC
0.5731615373104831,-1.9998452727735445,1.3642515541128581,0.972381630486992,-0.08703074113499362,0.5121137956062981,288.226742381253,602.8201796905407,588.453484762506
