d_t,d_h,thres,nDT,timeHin,bias,LL,BIC,AIC
-0.16337735901849437,-1.9992817202279174,1.9547890109941362,0.9728122641327372,0.010679826453203081,-0.34206397649647846,82.58232073861323,184.23296445931413,177.16464147722647
