d_t,d_h,thres,nDT,timeHin,bias,LL,BIC,AIC
-1.9910549303254357,-1.999666486939483,1.8317051899376076,0.9723662074543332,-0.17406696351527207,-0.4730145462355082,260.5662103614608,546.6233921752178,533.1324207229216
