d_t,d_h,thres,nDT,timeHin,bias,LL,BIC,AIC
1.4545043582436816,-1.842716408893466,1.177644500603864,0.991803652074547,-0.7023096280925218,-0.9975564129562641,269.02465353075905,550.5259563115972,550.0493070615181
