d_t,d_h,thres,nDT,timeHin,bias,LL,BIC,AIC
1.1928903768179588,-1.5184788812854584,2.5377073768258285,0.9913269067043019,-0.3251756394806955,-0.998770741488248,304.01447157204973,621.8444537020638,620.0289431440995
