d_t,d_h,thres,nDT,timeHin,bias,LL,BIC,AIC
-1.9881766979931883,-1.998933118452329,1.0779983421787618,0.9761803832659738,-0.14616202936424907,-0.363979738079026,270.60358578689693,567.3474245339314,553.2071715737939
