d_t,d_h,thres,nDT,timeHin,bias,LL,BIC,AIC
-1.9469613717876442,-1.9954236273045376,1.113206879579465,0.9836075053317119,-0.05131307776232402,0.20574031317575386,274.65926813391854,575.5352233826392,561.3185362678371
