d_t,d_h,thres,nDT,timeHin,bias,LL,BIC,AIC
1.9275496467801438,-1.9921504555362595,2.8818874804103563,0.9830373978819534,-0.028354766045078902,-0.9933690887881196,76.49187941483476,171.53001354981942,164.9837588296695
