d_t,d_h,thres,nDT,timeHin,bias,LL,BIC,AIC
-1.8292294956730528,-1.9997652769981131,2.7387747798320383,0.9936562609335158,-0.06192098002385495,-0.9339438334799679,251.83869861395584,529.337393942008,515.6773972279117
