d_t,d_h,thres,nDT,timeHin,bias,LL,BIC,AIC
-1.9148332863174966,-1.999859001737036,1.991673718196351,0.9839736775651468,-0.1644476477576995,-0.7409432880982543,252.3278688932154,530.3984944333212,516.6557377864308
