d_t,d_h,thres,nDT,timeHin,bias,LL,BIC,AIC
1.9334108559414744,-1.997115823890978,2.645145904323305,0.9946163894588229,-0.07047355366447801,-0.9997428334184068,74.1552405326013,166.8567357853525,160.3104810652026
