d_t,d_h,thres,nDT,timeHin,bias,LL,BIC,AIC
-1.8151608403020663,-1.9976729432569151,1.8928306976884959,0.9934725444074539,-0.16701514275798185,-0.998824219408804,281.04282059519846,586.6517085637295,574.0856411903969
