d_t,d_h,thres,nDT,timeHin,bias,LL,BIC,AIC
-1.9995005894192273,-1.9993790484373422,1.3487237868149649,0.9999835214305431,-0.003638756619158889,-0.8726831617002689,46.79397746254615,109.42229890278385,105.5879549250923
