d_t,d_h,thres,nDT,timeHin,bias,LL,BIC,AIC
-1.8501867564783707,-1.958001433827068,2.2886357913456306,0.9953465895787384,-0.05091681929848415,-0.9990458462957498,43.778855820765486,102.94740778630019,99.55771164153097
