d_t,d_h,thres,nDT,timeHin,bias,LL,BIC,AIC
1.8392043354457004,-1.9947249825292674,1.5023218475282192,0.9759673544113692,-0.09709931481055885,-0.7235851373322681,252.21223998469404,529.9154514216842,516.4244799693881
