d_t,d_h,thres,nDT,timeHin,bias,LL,BIC,AIC
-1.8340914556463483,-1.9968595072348025,2.8534514262057136,0.9743379565300944,-0.12652901377486775,0.2795759972459077,289.40242252688967,605.171539981814,590.8048450537793
