d_t,d_h,thres,nDT,timeHin,bias,LL,BIC,AIC
1.0654514115303755,-1.9956469895284181,1.012496575241591,0.9942852388572273,-0.020952743444915163,-0.7304969746826996,110.54297781702653,242.06500100285194,233.08595563405305
