d_t,d_h,thres,nDT,timeHin,bias,LL,BIC,AIC
-0.8267257433290789,-1.999979792372794,2.165967565873075,0.9849963991448167,-0.023827430098829705,0.6112276302116295,208.79336957822395,441.8450467634552,429.5867391564479
