d_t,d_h,thres,nDT,timeHin,bias,LL,BIC,AIC
0.5387340539811625,-1.998466175376476,2.6899148083416518,0.986439725000732,0.0044748021447360824,-0.2864368045817601,114.08075877169593,249.31968069108882,240.16151754339185
