d_t,d_h,thres,nDT,timeHin,bias,LL,BIC,AIC
-1.8850919039649194,-1.997315329326719,2.3835989390583627,0.9943558675985134,-0.07201732077838408,-0.9660114643867869,283.61253338972443,593.5917617074836,579.2250667794489
