d_t,d_h,thres,nDT,timeHin,bias,LL,BIC,AIC
0.8772843741938563,-1.9974487825847742,2.42644538420745,0.979578356818814,-0.15144129316879124,-0.6075622490388483,244.43875187139258,514.3684751950814,500.87750374278517
