d_t,d_h,thres,nDT,timeHin,bias,LL,BIC,AIC
1.9883129500738783,-1.9976304760940407,0.9931989348245001,0.9944786639615039,-0.03333874374910982,-0.8184514911882981,270.2695797984708,566.6794125570791,552.5391595969415
