d_t,d_h,thres,nDT,timeHin,bias,LL,BIC,AIC
1.8722409949305896,-1.9786516180928373,1.922880600763325,0.9945169915336213,-0.04554863752517595,-0.9259277079447801,231.0395549457583,487.39615612257325,474.0791098915166
