d_t,d_h,thres,nDT,timeHin,bias,LL,BIC,AIC
0.6362969054863618,-1.9983759205027383,2.0472104838321075,0.9943459512398263,-0.003533256906683626,-0.9779425776661066,295.7412235061197,618.0673478052993,603.4824470122394
