d_t,d_h,thres,nDT,timeHin,bias,LL,BIC,AIC
1.8366657612777348,-1.992955179178304,1.3572711065718461,0.9741655408157939,-0.13449754897798605,-0.31698976426791114,296.08363931343445,618.6075941104544,604.1672786268689
