d_t,d_h,thres,nDT,timeHin,bias,LL,BIC,AIC
1.9852672244822946,-1.9911525766176474,2.5285992269621143,0.994058932159144,-0.05092036399713297,-0.9998515342758415,244.6788460744425,514.1204984591556,501.357692148885
