d_t,d_h,thres,nDT,timeHin,bias,LL,BIC,AIC
1.9028850822733345,-1.997697027983155,2.4432382124056335,0.9751648729240304,-0.11868152137590894,-0.46749989092631045,294.0944796289604,614.5556541859555,600.1889592579208
