d_t,d_h,thres,nDT,timeHin,bias,LL,BIC,AIC
-1.2138816424886514,-1.9935186294532157,1.3809135870774847,0.9943334722194552,-0.04552150547269162,-0.9165827487609844,292.89110192735546,612.2225193382965,597.7822038547109
