d_t,d_h,thres,nDT,timeHin,bias,LL,BIC,AIC
-1.996757569834884,-1.9997147036801446,0.8318869126672266,0.9803335680317911,-0.08148971779940906,0.6428787454305895,265.62615357050555,557.3925601011487,543.2523071410111
