d_t,d_h,thres,nDT,timeHin,bias,LL,BIC,AIC
1.971548564249962,-1.9999692534666815,2.380154752358794,0.9845828656461247,-0.06108909138461117,-0.8303447611701045,264.1134131611137,554.367079282365,540.2268263222275
