d_t,d_h,thres,nDT,timeHin,bias,LL,BIC,AIC
1.9560084440276386,-1.9965383931507112,1.7982097507009511,0.9752000762881565,-0.16530684840541038,0.27034604135617174,150.09255131483803,322.8902404331856,312.18510262967607
