d_t,d_h,thres,nDT,timeHin,bias,LL,BIC,AIC
1.1307384461600163,-1.99749307641429,1.4420630061998962,0.9809387518540845,-0.18503250340354271,-0.7139341357705216,294.971061991319,616.4551676294176,601.942123982638
