d_t,d_h,thres,nDT,timeHin,bias,LL,BIC,AIC
1.9991020393621137,-1.9944684889761481,1.245969645308067,0.9834550812260173,-0.15731696093715672,-0.3443769029674424,279.70594786374016,585.5521486876179,571.4118957274803
