d_t,d_h,thres,nDT,timeHin,bias,LL,BIC,AIC
-1.9466479404370127,-1.996433803617051,2.2798504960495958,0.9836696373924307,-0.16587116047644876,-0.8432110604189059,267.3679510891129,560.5602927374508,546.7359021782258
