d_t,d_h,thres,nDT,timeHin,bias,LL,BIC,AIC
-1.9857859811912404,-1.9961467606775234,1.894409600783755,0.9742373143198412,-0.16315415562108174,0.09691175979588264,292.60363322524654,611.792167243553,597.2072664504931
