d_t,d_h,thres,nDT,timeHin,bias,LL,BIC,AIC
-1.5393571632627259,-1.9882773657400492,2.6407603229977763,0.9930462880953251,-0.052250865278852414,-0.9966320651259717,50.52661868830282,116.88758135429718,113.05323737660564
