d_t,d_h,thres,nDT,timeHin,bias,LL,BIC,AIC
-1.8136928545824684,-1.998974298562819,2.2361387019976973,0.9944442625591375,-0.04559648452598762,-0.9985197272621669,46.8729992293006,108.65543835732922,105.7459984586012
