d_t,d_h,thres,nDT,timeHin,bias,LL,BIC,AIC
-1.996328900638552,-1.996374397171077,2.739300700429573,0.9833957001874833,-0.07058220833129335,0.4015299988983186,244.4464195909028,514.4689184440534,500.8928391818056
