d_t,d_h,thres,nDT,timeHin,bias,LL,BIC,AIC
-1.9937044995887,-1.9878889316989932,0.7042321863588241,0.994647619867223,-0.08330802397739055,-0.8154812009916002,246.93433316760326,519.4447455974544,505.8686663352065
