d_t,d_h,thres,nDT,timeHin,bias,LL,BIC,AIC
-1.9612683373034876,-1.994299543717217,2.610003137462016,0.9609789472210907,-0.1637306322694286,0.19835366606272672,118.43258100658367,257.6595774299657,248.86516201316735
