d_t,d_h,thres,nDT,timeHin,bias,LL,BIC,AIC
0.19796230936971654,-1.9958270204973285,2.6832204605729153,0.9930706320263187,-0.002458959723125469,-0.9497438994754829,167.96815110481336,359.16350827507404,347.9363022096267
