d_t,d_h,thres,nDT,timeHin,bias,LL,BIC,AIC
-0.16733845204631195,-1.9944056262014191,1.8891177305951714,0.9870695591110644,-0.003030415102990838,-0.8642860572027465,267.3352640310455,560.7333605932131,546.670528062091
