d_t,d_h,thres,nDT,timeHin,bias,LL,BIC,AIC
0.2727196930838091,-1.999096547804234,0.861047988384962,0.9773846544130277,0.0032608377214070616,0.37664046838986137,149.96946531616751,322.6440684358446,311.93893063233503
