d_t,d_h,thres,nDT,timeHin,bias,LL,BIC,AIC
0.24632455048554103,-1.997874415034612,1.7133749075828555,0.9644638196380468,0.01999522996881701,0.24132151098930688,146.87497709640562,316.3171548869726,305.74995419281123
