d_t,d_h,thres,nDT,timeHin,bias,LL,BIC,AIC
1.9556746489623797,-1.997168675958632,1.1284055881181974,0.9626603140416337,-0.16295673528992743,-0.7402172618903587,262.4103438922735,550.2253268121306,536.820687784547
