d_t,d_h,thres,nDT,timeHin,bias,LL,BIC,AIC
1.4352580553287193,-1.9957411515069792,0.75290296234292,0.9830161804421234,-0.0858205985954389,-0.9028748525264297,271.5638119235891,568.9520144064032,555.1276238471783
