d_t,d_h,thres,nDT,timeHin,bias,LL,BIC,AIC
0.4874579358437975,-1.9991353876431264,1.9886390261308793,0.9844182128598531,-0.08521600688701313,-0.8386393952308195,223.62792772254267,472.2091539452434,459.25585544508533
