d_t,d_h,thres,nDT,timeHin,bias,LL,BIC,AIC
1.2775884200623577,-1.9987744216647385,2.6726027964188783,0.9939863100330534,-0.05254389429004186,-0.9816154216201219,266.29200011528116,558.6468327616844,544.5840002305623
