d_t,d_h,thres,nDT,timeHin,bias,LL,BIC,AIC
-1.8739511458121345,-1.996805012994208,0.697991192459057,0.9748018662821608,-0.19121755404659943,-0.5179861914118007,306.5958400077785,639.9871287274846,625.191680015557
