d_t,d_h,thres,nDT,timeHin,bias,LL,BIC,AIC
-1.8031328554981136,-1.9894859318258047,2.5794011050253256,0.9771838076553154,-0.15348744511545442,0.27533464546816155,298.58778373755564,623.4677272831545,609.1755674751113
