d_t,d_h,thres,nDT,timeHin,bias,LL,BIC,AIC
1.9885712524429522,-1.9813439587783963,2.2071697250904396,0.9943379516753067,-0.04145061516053002,-0.9855509307099266,139.47581245405692,300.9329947848917,290.95162490811384
