d_t,d_h,thres,nDT,timeHin,bias,LL,BIC,AIC
1.9840602325915755,-1.9947552466008798,2.698377763795631,0.9960363257831253,-0.0383946740359947,-0.9697632287872086,142.56248738245762,307.2582514895989,297.12497476491524
