d_t,d_h,thres,nDT,timeHin,bias,LL,BIC,AIC
1.9803681129483122,-1.9911258832994907,0.8843039353577566,0.9933551974829551,-0.03949434969445763,-0.9842950275469396,295.2092657779024,616.8588470393903,602.4185315558047
