d_t,d_h,thres,nDT,timeHin,bias,LL,BIC,AIC
0.26691623003236875,-1.9912594842429383,1.4345235418247173,0.9941571561866286,0.00569651444678375,-0.8873063005667166,252.39865195542103,530.3733831730899,516.7973039108421
