d_t,d_h,thres,nDT,timeHin,bias,LL,BIC,AIC
1.1282949560524165,-1.9966821747886736,1.9933368454519464,0.9947851134321218,-0.06386462452022637,-0.9995078065446612,218.13240910552926,460.30881732245336,448.2648182110585
