d_t,d_h,thres,nDT,timeHin,bias,LL,BIC,AIC
-1.7434547152370214,-1.999283468871736,0.8867315962625727,0.9841044840826868,-0.2813341359818525,-0.972382600539069,294.01854229516204,613.7798412372144,600.0370845903241
