d_t,d_h,thres,nDT,timeHin,bias,LL,BIC,AIC
1.9182655483868725,-1.9994537810441293,0.9132221929728985,0.993497604416431,-0.07422424464404465,-0.8728737865570689,287.4242213298199,601.4333434526997,586.8484426596398
