d_t,d_h,thres,nDT,timeHin,bias,LL,BIC,AIC
1.9923784809131806,-1.9999708830731802,1.9738138326810382,0.9837586724104913,-0.10946062155980041,-0.3470365402315046,294.6824811033065,616.091045984134,601.364962206613
