d_t,d_h,thres,nDT,timeHin,bias,LL,BIC,AIC
-1.9253962539697815,-1.9925542516562686,0.6220288383565871,0.9831842771611236,-0.19097033498692156,-0.9091257933221789,256.92239845191864,538.6076032141078,525.8447969038373
