d_t,d_h,thres,nDT,timeHin,bias,LL,BIC,AIC
-1.9833068031431003,-1.995268520569602,2.426020534015787,0.9831040020744833,-0.1702226063095208,-0.8443511683588264,276.320884305955,577.8699243282558,564.64176861191
