d_t,d_h,thres,nDT,timeHin,bias,LL,BIC,AIC
0.8085239142808163,-1.9955270621715944,2.675276556797326,0.9761143776827291,-0.08899019994593742,-0.166412452493785,98.26773949879171,216.52870605863464,208.53547899758343
