d_t,d_h,thres,nDT,timeHin,bias,LL,BIC,AIC
1.9883476858310851,-1.9963609333820866,1.7515877975123317,0.9948321697216785,-0.04341818046815146,-0.8518150038943281,275.34471889588696,577.1297532753595,562.6894377917739
