d_t,d_h,thres,nDT,timeHin,bias,LL,BIC,AIC
-1.9529508740462038,-1.9927382934189508,1.4863219943844725,0.982529262123407,-0.08215941086609582,0.8672625253140476,115.13285246188539,251.42386807146775,242.26570492377078
