d_t,d_h,thres,nDT,timeHin,bias,LL,BIC,AIC
-1.9952170006649688,-1.9927897765111062,2.7917452281340958,0.9794106680242646,-0.11423407153883411,0.8473794176545145,125.19101929957289,272.0475460750111,262.38203859914574
