d_t,d_h,thres,nDT,timeHin,bias,LL,BIC,AIC
-0.17653400095188146,-1.9991631906841336,1.9380956582710471,0.9945000688635124,-0.029536609586822804,-0.6750597314699,53.56521837542895,123.76596908429659,119.1304367508579
