d_t,d_h,thres,nDT,timeHin,bias,LL,BIC,AIC
1.9667974431048318,-1.9981252680022927,2.1326550758215275,0.98446997101031,-0.1219352333512343,-0.5894039338074244,269.7943835769158,565.8054542686336,551.5887671538316
