d_t,d_h,thres,nDT,timeHin,bias,LL,BIC,AIC
1.9796407951007342,-1.9961442305890245,1.5354382991414466,0.9697149670989078,-0.1443557135480586,-0.398712337006855,263.95662921216797,553.8181871055538,539.9132584243359
