d_t,d_h,thres,nDT,timeHin,bias,LL,BIC,AIC
-1.9837706993876905,-1.9989018658556068,1.222455323132865,0.9900683585865298,-0.15992322391732333,-0.9695631398003469,269.15228220904737,564.2889644598127,550.3045644180947
