d_t,d_h,thres,nDT,timeHin,bias,LL,BIC,AIC
-1.9450277646748146,-1.9960805915944948,2.500673324643816,0.9935011519831809,-0.17588110233498055,-0.9847668924450672,259.00382666902925,543.7504099849489,530.0076533380585
