d_t,d_h,thres,nDT,timeHin,bias,LL,BIC,AIC
1.6173660873228912,-1.996046173703164,1.305621350216954,0.9941393616226127,-0.10130162584119862,-0.99932574045558,283.36899178547293,592.4807402178362,578.7379835709459
