d_t,d_h,thres,nDT,timeHin,bias,LL,BIC,AIC
1.9752186965088936,-1.983991966038026,2.538844784800638,0.9936963670118075,-0.08579224903106832,-0.9994338612614098,291.3386434082716,608.7401193476653,594.6772868165432
