d_t,d_h,thres,nDT,timeHin,bias,LL,BIC,AIC
-1.9900028305269397,-1.9978340893816073,0.7720367709956575,0.9863139542574415,-0.10006403805166382,0.6482193507245132,261.02733333823534,548.0390667181887,534.0546666764707
