d_t,d_h,thres,nDT,timeHin,bias,LL,BIC,AIC
-1.9595595330619884,-1.9972953099423831,2.7700433083942433,0.9792957211318758,-0.14887598224922133,0.2014026390872144,288.7580741850451,604.10104916315,589.51614837009015
