d_t,d_h,thres,nDT,timeHin,bias,LL,BIC,AIC
0.5614326918788527,-1.9963001326349648,1.398095003888011,0.9843174472523388,-0.0564027802231783,-0.8831399516895613,297.25111088625334,621.0871225655666,606.5022217725067
