d_t,d_h,thres,nDT,timeHin,bias,LL,BIC,AIC
1.4190679999690765,-1.9980318041917058,2.270422706326776,0.993887128344738,-0.17284046467753605,-0.9199564938952611,292.09515686006444,610.7033573669084,596.1903137201289
