d_t,d_h,thres,nDT,timeHin,bias,LL,BIC,AIC
1.8968042759224772,-1.9940778605313247,1.7200456987447057,0.9860724412426612,-0.08692246160102002,-0.9819802020630243,289.2124271923014,602.9909217579354,590.4248543846028
