d_t,d_h,thres,nDT,timeHin,bias,LL,BIC,AIC
0.1838874937966466,-1.9932149978386808,1.4611301538117911,0.9948346047345756,-0.3889028053084592,-0.9879042906551505,271.8268874015271,566.6256231819888,555.6537748030541
