d_t,d_h,thres,nDT,timeHin,bias,LL,BIC,AIC
-1.9168238901119057,-1.9920860832609752,1.9437457725405691,0.9946450619341057,-0.1146931488719487,-0.9972567937454632,272.0525336449949,568.7703104750298,556.1050672899898
