d_t,d_h,thres,nDT,timeHin,bias,LL,BIC,AIC
-1.9880976704122848,-1.9917915710969347,2.080570172090276,0.9866368518365264,-0.1938598819598047,-0.9980874178604598,295.89109994605275,617.0992461231622,603.7821998921055
