d_t,d_h,thres,nDT,timeHin,bias,LL,BIC,AIC
0.34962600608401295,-1.9976015810679304,2.486343224571161,0.9734043813846283,0.0032550946709416773,0.4899373769335512,212.82828508743074,450.51537853321065,437.6565701748615
