d_t,d_h,thres,nDT,timeHin,bias,LL,BIC,AIC
0.4799997275473663,-1.9987073102918593,2.846117608062923,0.9766689629850273,-0.011937923966657667,0.29334345881574503,203.25252957440858,431.07112652214977,418.50505914881717
