d_t,d_h,thres,nDT,timeHin,bias,LL,BIC,AIC
-1.9091952925233333,-1.994397501375841,2.690674499049783,0.994265896966433,-0.0616445705577169,-0.9977057931433183,293.44689178951774,613.26047850707,598.8937835790355
