d_t,d_h,thres,nDT,timeHin,bias,LL,BIC,AIC
-1.6796997320077212,-1.9949758298277618,2.085517225685916,0.994538390958365,-0.14479120102656934,-0.9991046022014062,302.1884859934691,630.8172874705238,616.3769719869382
