d_t,d_h,thres,nDT,timeHin,bias,LL,BIC,AIC
1.9741467110401718,-1.9940177473568559,1.5745659406185768,0.9725272872767519,-0.14346662266901483,0.03404468611169716,290.95012316271016,608.4132899721999,593.9002463254203
