d_t,d_h,thres,nDT,timeHin,bias,LL,BIC,AIC
0.2949116369609149,-1.9975515118965987,0.6688439673034898,0.974538762436539,-0.07902923873123488,0.7035665433431392,280.1236687577658,586.6140324435662,572.2473375155316
