d_t,d_h,thres,nDT,timeHin,bias,LL,BIC,AIC
1.9744298725990386,-1.9682753649383817,2.141564540474085,0.9951803913513964,-0.029749811644403962,-0.9983814717339993,267.40222219589145,555.5988598085812,546.8044443917829
