d_t,d_h,thres,nDT,timeHin,bias,LL,BIC,AIC
-1.8947382104396846,-1.997816539930598,2.445071286176775,0.9724589337607231,-0.15386512064344404,-0.7913986822332859,308.3468524501674,642.4364615472251,628.6937049003348
