d_t,d_h,thres,nDT,timeHin,bias,LL,BIC,AIC
-1.6152200733957405,-1.9958052824049035,1.3147377143957257,0.9549219899180214,-0.18255229060881348,0.06610453114053319,292.4670642152154,611.3008233584653,596.9341284304307
