d_t,d_h,thres,nDT,timeHin,bias,LL,BIC,AIC
-1.9593391993287539,-1.9855609602909718,1.817533292902849,0.9755644602115381,-0.13082161016878732,-0.46808063413630874,269.628208439513,564.9164135931223,551.256416879026
