d_t,d_h,thres,nDT,timeHin,bias,LL,BIC,AIC
-1.9086836233837563,-1.9993700014098417,2.260589193943447,0.9780527266447432,-0.16363824865231716,-0.7676581304546047,306.22413534912346,638.1082674123433,624.4482706982469
