d_t,d_h,thres,nDT,timeHin,bias,LL,BIC,AIC
-1.6120599836796465,-1.9636190988816937,0.6834159599617123,0.9931595092017221,-0.057612808445217815,-0.9984070548632549,301.9718924475784,623.937011956208,615.9437848951568
