d_t,d_h,thres,nDT,timeHin,bias,LL,BIC,AIC
-0.2483220287854008,-1.9988488743556956,1.0628912266446848,0.9944414004679583,-0.01819235794805594,-0.9994241431415715,287.4184895049556,601.3500226566907,586.8369790099111
