d_t,d_h,thres,nDT,timeHin,bias,LL,BIC,AIC
1.9881505306051561,-1.9961479337344454,1.0486983781680466,0.9820006174143333,-0.11340930214711098,-0.7770589503020373,288.6685137228328,603.8500710924452,589.3370274456656
