d_t,d_h,thres,nDT,timeHin,bias,LL,BIC,AIC
-1.888190398858547,-1.967568499548334,1.1172353101105132,0.9931781226605181,-0.04975080581959568,-0.9991548683450061,295.12991422384783,610.4636034276145,602.2598284476957
