d_t,d_h,thres,nDT,timeHin,bias,LL,BIC,AIC
1.9903647914291664,-1.9960105912908983,1.1551788873260227,0.9762913533286991,-0.1515173431392949,-0.43378509859535197,304.3427465252881,635.4115768280972,620.6854930505762
