d_t,d_h,thres,nDT,timeHin,bias,LL,BIC,AIC
1.9387562545382786,-1.9984271244007967,1.6330919601023197,0.9942846861513228,-0.0835758595130634,-0.7550597424319752,265.67832896039266,557.5733450355874,543.3566579207853
