d_t,d_h,thres,nDT,timeHin,bias,LL,BIC,AIC
-1.756525371535695,-1.9950377308770983,2.410317489872899,0.9861925076400988,-0.07938975417507994,0.6392626799694043,292.31701616906776,611.429481050063,596.6340323381355
