d_t,d_h,thres,nDT,timeHin,bias,LL,BIC,AIC
-0.4103488760873516,-1.9871425103777631,0.9708189086328078,0.9766130468585112,0.0029908966906752217,-0.9484363537390357,304.6566293195904,635.1376491984058,621.3132586391808
