d_t,d_h,thres,nDT,timeHin,bias,LL,BIC,AIC
1.8672097021815939,-1.9984749059813172,1.177697629854083,0.9838212254051643,-0.17241012373343437,-0.8217890300624138,303.1627988343418,632.9104984617435,618.3255976686836
