d_t,d_h,thres,nDT,timeHin,bias,LL,BIC,AIC
-1.9863508953153466,-1.9973766532318482,1.2782640232236258,0.9952948959658232,-0.02798242463565664,-0.9958328759978592,265.131247849556,556.086886258337,542.262495699112
