d_t,d_h,thres,nDT,timeHin,bias,LL,BIC,AIC
-1.9972203408946942,-1.997716689703069,1.8330909066735765,0.99063635893868,-0.15655490370601116,-0.9988511980476148,256.9423684716816,539.5447336574596,525.8847369433632
