d_t,d_h,thres,nDT,timeHin,bias,LL,BIC,AIC
-1.9977101241905362,-1.9940698540790793,2.1552855697162108,0.9833941118087619,-0.06932813963609835,-0.5436679004309349,295.00707483501486,615.9190783512475,602.0141496700297
