d_t,d_h,thres,nDT,timeHin,bias,LL,BIC,AIC
-1.6940232135960094,-1.981877157801811,2.064719419385603,0.9841836219775186,-0.06408761988221173,-0.5166626382856331,298.27372550790255,622.5318510575231,608.5474510158051
