d_t,d_h,thres,nDT,timeHin,bias,LL,BIC,AIC
-1.8118881873428059,-1.9983849679779475,1.919412185613435,0.9943973572189033,-0.15159265777944692,-0.9996067716708771,262.78470252315924,551.4743337275363,537.5694050463185
