d_t,d_h,thres,nDT,timeHin,bias,LL,BIC,AIC
1.0175211862286173,-1.9974152424589746,1.0650244406832354,0.9743997989061924,-0.11956925099781365,-0.4876903478062364,263.5800532548831,553.0650351909841,539.1601065097663
