d_t,d_h,thres,nDT,timeHin,bias,LL,BIC,AIC
1.7025864263403565,-1.993992915485395,2.539065773491018,0.9842955675211142,-0.07824711278327068,-0.9103301004757814,113.11782520780011,247.03006583239858,238.23565041560022
