d_t,d_h,thres,nDT,timeHin,bias,LL,BIC,AIC
1.8631028541621188,-1.9945045634461473,2.098419290929658,0.9707194063373119,-0.1403835114010819,0.2259406112194646,253.627183446979,532.9143636080543,519.2543668939579
