d_t,d_h,thres,nDT,timeHin,bias,LL,BIC,AIC
-1.9363468609956105,-1.9995099611087832,1.6793579892355401,0.9827257669923765,-0.15097039224790032,-0.31245123721253354,297.69698657909305,622.049880697128,607.3939731581861
