d_t,d_h,thres,nDT,timeHin,bias,LL,BIC,AIC
1.9676961935722759,-1.9999116106085864,1.901230840757489,0.9693037875239792,-0.1333061277169325,-0.10052021955200571,287.5160543438148,601.4724241712152,587.0321086876296
