d_t,d_h,thres,nDT,timeHin,bias,LL,BIC,AIC
1.9196250072588732,-1.9994333730551175,1.7245971579104662,0.974270638806643,-0.07828641726438207,-0.7325924114943377,290.04794702938403,606.680794851828,592.0958940587681
