d_t,d_h,thres,nDT,timeHin,bias,LL,BIC,AIC
-1.8063195460510983,-1.9999550127324304,2.3907027343238467,0.9729425911661274,-0.1595352621113282,-0.05459819519263577,253.05563011751923,531.7712569491348,518.1112602350385
