d_t,d_h,thres,nDT,timeHin,bias,LL,BIC,AIC
-1.9650693116529454,-1.9979659642337233,0.6396872793521676,0.9939177320999828,-0.046570516002169673,-0.8936436733399079,281.5469236019485,589.6068908506766,575.093847203897
