d_t,d_h,thres,nDT,timeHin,bias,LL,BIC,AIC
-1.939161205582814,-1.9978504327736304,1.4703260155406648,0.978307928190818,-0.16512417334708365,0.023082853259970785,287.54689664048266,601.6068369277449,587.0937932809653
