d_t,d_h,thres,nDT,timeHin,bias,LL,BIC,AIC
-1.9889168796633,-1.9998920461073413,2.516057429462671,0.9945091482867553,0.0016509434473715324,-0.9062792650125214,50.2757946089496,116.79989042451247,112.5515892178992
