d_t,d_h,thres,nDT,timeHin,bias,LL,BIC,AIC
-1.9372949484862285,-1.9983738744337778,1.879789788275957,0.9753039808293292,-0.1466346707979807,-0.17096402961464036,269.6282869337773,565.3968268276922,551.2565738675546
