d_t,d_h,thres,nDT,timeHin,bias,LL,BIC,AIC
-1.9693563302990142,-1.9976650248686312,1.871571045535221,0.9837877217497341,-0.07685048443264576,-0.5169788458738769,291.7232062767686,610.1023200924791,595.4464125535372
