d_t,d_h,thres,nDT,timeHin,bias,LL,BIC,AIC
-1.81561970861764,-1.9977506533395817,2.255508380064784,0.995812616620692,-0.07695948358992923,-0.9992802373754099,262.57394587050766,550.3760474573611,537.1478917410153
