d_t,d_h,thres,nDT,timeHin,bias,LL,BIC,AIC
0.3796222530047829,-1.9913415260136178,0.9601215754518015,0.9864059254459617,-0.002931559836179885,-0.8684296197707597,222.3278533852539,467.88291283595515,456.6557067705078
