d_t,d_h,thres,nDT,timeHin,bias,LL,BIC,AIC
1.8964397081809787,-1.9702029901338571,1.1661912216218324,0.9959038049762577,-0.08271328309701989,-0.9994051307797729,267.12682620814746,559.4818081326407,546.2536524162949
