d_t,d_h,thres,nDT,timeHin,bias,LL,BIC,AIC
1.9948040659085184,-1.994309194459631,1.9481355585157871,0.9943262549772479,-0.15944260287928005,-0.9975699451903186,300.2433639409878,626.3916565631935,612.4867278819756
