d_t,d_h,thres,nDT,timeHin,bias,LL,BIC,AIC
1.961213622255935,-1.9879065997174914,2.199338959732454,0.9907725589633222,-0.05084055574286476,-0.999394587079723,291.9863146740674,609.8775580293526,595.9726293481348
