d_t,d_h,thres,nDT,timeHin,bias,LL,BIC,AIC
1.4180224890114341,-1.9964109712091174,0.6087516540661455,0.9958227449891758,-0.018353366676754558,-0.9905526215633383,273.4866437694177,572.0196111582093,558.9732875388354
