d_t,d_h,thres,nDT,timeHin,bias,LL,BIC,AIC
1.2977823000396094,-1.9996010923746121,1.3330664673820138,0.9902875819827881,-0.04339620302355767,-0.936909576920041,291.41444377575505,608.3198590038063,594.8288875515101
