d_t,d_h,thres,nDT,timeHin,bias,LL,BIC,AIC
-1.9913248263833496,-1.9979637453526053,2.421419534457527,0.9653689966023573,-0.164912680155936,-0.18261938501791553,297.9713644508101,622.4557725483998,607.9427289016202
