d_t,d_h,thres,nDT,timeHin,bias,LL,BIC,AIC
1.10347103711015,-1.9988826108959532,2.338044824078679,0.9837605385808886,-0.5822047125896344,-0.31079517517413985,193.3970224215969,410.8380439545886,398.7940448431938
