d_t,d_h,thres,nDT,timeHin,bias,LL,BIC,AIC
1.6840466791865336,-1.9979461065570236,1.4352007212366054,0.9861042411129032,-0.04811339773020058,-0.8834129805013243,289.26611366480694,605.1171281226738,590.5322273296139
