d_t,d_h,thres,nDT,timeHin,bias,LL,BIC,AIC
0.028400261888113287,-1.997270180509343,2.158501333098211,0.9926603710015285,-0.04413153194499146,-0.8763452154333384,283.6439842497827,593.5801283076087,579.2879684995654
