d_t,d_h,thres,nDT,timeHin,bias,LL,BIC,AIC
-1.979227551181416,-1.989428338107167,2.662368372511585,0.9869332506981493,-0.045062868706245596,-0.8467407337333288,294.0181373167837,613.9412033147852,600.0362746335674
