d_t,d_h,thres,nDT,timeHin,bias,LL,BIC,AIC
-0.374557431290121,-1.9971697918015887,1.999102586263926,0.994023900374552,0.006375795258340643,-0.9687595523075905,283.5471112822005,592.7542192784973,579.094222564401
