d_t,d_h,thres,nDT,timeHin,bias,LL,BIC,AIC
-1.9525567449237293,-1.999979527604401,1.90240894567075,0.9657046405900603,-0.15192673799652695,0.5578748560759461,130.08398161264475,281.9934801836478,272.1679632252895
