d_t,d_h,thres,nDT,timeHin,bias,LL,BIC,AIC
1.9895887876853637,-1.998528306193782,1.9569441140357293,0.9947780950247938,-0.04343189461395857,-0.756049770570887,250.09103075379855,525.9248181544874,512.1820615075972
