d_t,d_h,thres,nDT,timeHin,bias,LL,BIC,AIC
1.969682099901168,-1.998075775148143,0.6462590761615242,0.9771901300523902,-0.10620882508069282,-0.5202065950823455,299.85667050969874,626.508789731325,611.7133410193975
