d_t,d_h,thres,nDT,timeHin,bias,LL,BIC,AIC
0.32373720608077217,-1.9990553064693146,2.390000662819981,0.953784225203484,0.01383710170290152,0.07719495696945365,262.7522732380316,551.4889465177812,537.5045464760632
