d_t,d_h,thres,nDT,timeHin,bias,LL,BIC,AIC
-1.9884164817631245,-1.9985937706451198,1.4852384225726958,0.9909268481767277,-0.16179805366901923,-0.7779893019239372,268.5078468815364,563.1559467232104,549.0156937630728
