d_t,d_h,thres,nDT,timeHin,bias,LL,BIC,AIC
1.7011115437709994,-1.9925160856640616,2.419398359209299,0.9938328287975389,-0.19753578126202417,-0.9804886953158535,271.18281661452477,567.8566046813457,554.3656332290495
