d_t,d_h,thres,nDT,timeHin,bias,LL,BIC,AIC
-1.8329825095843253,-1.998957733336495,1.2644505985715169,0.985985522349737,-0.1367530058884712,-0.5225587461349332,296.33872619961625,619.3333599381743,604.6774523992325
