d_t,d_h,thres,nDT,timeHin,bias,LL,BIC,AIC
1.773719023328837,-1.9832454025961823,1.952736665110288,0.9925499182439081,-0.17887486291454474,-0.9966058517806944,255.63081812651876,536.6662752806211,523.2616362530375
