d_t,d_h,thres,nDT,timeHin,bias,LL,BIC,AIC
0.49871490057118106,-1.995413367570529,2.612824065499293,0.9760781529255141,-0.10411400816137786,-0.6974216915449317,298.66998199099214,623.9248647750442,609.3399639819843
