d_t,d_h,thres,nDT,timeHin,bias,LL,BIC,AIC
0.17399411633766815,-1.991750954867709,2.890944443686054,0.9798617469758882,-0.02464767457078823,-0.4250411409382873,296.59063728938077,619.9073583562825,605.1812745787615
