d_t,d_h,thres,nDT,timeHin,bias,LL,BIC,AIC
-1.9768700164981858,-1.9983391805599884,1.5836126511677053,0.9942442177388121,-0.11720970975169023,-0.9523658476981577,295.5181970201552,616.86078459953535,603.0363940403104
