d_t,d_h,thres,nDT,timeHin,bias,LL,BIC,AIC
-1.4796387747351814,-1.9976154283950571,1.0854777798056603,0.9732133005668164,-0.17268211618242246,-0.17986781234572363,285.09086949887495,596.244571528872,582.1817389977499
