d_t,d_h,thres,nDT,timeHin,bias,LL,BIC,AIC
-1.9195809244277564,-1.9928703897701487,1.7010630453339979,0.9779745986415005,-0.12567003340411725,0.09722542894353475,300.7852461362344,628.3659409843963,613.5704922724688
