d_t,d_h,thres,nDT,timeHin,bias,LL,BIC,AIC
-1.4209364167868457,-1.9999093305287647,2.923111631131704,0.9932150230658524,-0.11036093876562202,-0.9879601368314227,304.22967514103243,634.2021069289552,620.4593502820649
