d_t,d_h,thres,nDT,timeHin,bias,LL,BIC,AIC
1.9541385568384089,-1.993803981885211,1.4735316311940552,0.9760373140959006,-0.08992628671779734,-0.30471604626526166,190.22182390721244,404.1511101259134,392.4436478144249
