d_t,d_h,thres,nDT,timeHin,bias,LL,BIC,AIC
-1.9554345902832444,-1.9869267084286577,2.214388914484223,0.9926315099439065,-0.09596154860788284,-0.8745424344987666,304.07008078771673,633.8829182223238,620.1401615754335
