d_t,d_h,thres,nDT,timeHin,bias,LL,BIC,AIC
-1.964272598710191,-1.989092434540899,0.9782820849013653,0.9758301929226562,-0.09600366808334643,0.36339029373268833,293.1231455931197,612.9021987251813,598.2462911862394
