d_t,d_h,thres,nDT,timeHin,bias,LL,BIC,AIC
-1.9929432345438487,-1.9997963053143624,2.6139481769340756,0.9822601440152898,-0.06230105442840257,-0.9453852314229362,40.909574883893036,96.72858966651407,93.81914976778607
