d_t,d_h,thres,nDT,timeHin,bias,LL,BIC,AIC
-1.8249459201470017,-1.9953688910702787,1.0881447822708992,0.9812072004076894,-0.11127234597187316,0.1271998781551679,269.01025438200736,564.0833412951368,550.0205087640147
