d_t,d_h,thres,nDT,timeHin,bias,LL,BIC,AIC
-1.9094220373721278,-1.9970490236058789,2.0836148572277575,0.974001229372677,-0.09410552131074093,0.17911936519885954,274.0736371304187,574.287527220975,560.1472742608374
