d_t,d_h,thres,nDT,timeHin,bias,LL,BIC,AIC
1.6436584009070263,-1.999017060153947,1.8659065024297319,0.9820953985476658,-0.18438478613203618,-0.9459492319838421,298.306159924876,623.1253634965316,608.612319849752
