d_t,d_h,thres,nDT,timeHin,bias,LL,BIC,AIC
-1.9721337704944248,-1.9937997673811856,2.6457788933068516,0.9862161292605308,-0.038343802240415566,0.6426825018724333,228.3772909624914,481.9827376413286,468.7545819249828
