d_t,d_h,thres,nDT,timeHin,bias,LL,BIC,AIC
1.0668118544895988,-1.9948793680360646,2.484948064869286,0.9638200346762266,-0.06094567841563277,0.7617119725309334,44.06380763115056,103.51731140707034,100.12761526230112
