d_t,d_h,thres,nDT,timeHin,bias,LL,BIC,AIC
-1.996681104883172,-1.9972351810909974,0.811960442913936,0.994835232908697,-0.03382818498370569,-0.9167460939256057,135.97098555027634,294.0752478252363,283.9419711005527
