d_t,d_h,thres,nDT,timeHin,bias,LL,BIC,AIC
-1.9862322738262201,-1.9947076778661703,2.525074632279575,0.9564669780464258,-0.10828875440020383,-0.17066563376549992,48.58638957608144,113.00712312985442,109.17277915216287
