d_t,d_h,thres,nDT,timeHin,bias,LL,BIC,AIC
1.981848949017893,-1.9990902883661066,2.4271876148879525,0.979342777343415,-0.06288765680640326,-0.810553600044041,281.9305165424284,590.3740767316364,575.8610330848568
