d_t,d_h,thres,nDT,timeHin,bias,LL,BIC,AIC
-0.3164544790212628,-1.9993588433891571,2.293996324711393,0.9948856111695941,-0.038351098639846176,-0.9271030163239675,242.41203911978502,510.40015750181794,496.82407823957004
