d_t,d_h,thres,nDT,timeHin,bias,LL,BIC,AIC
1.9750665677515549,-1.999220012485532,2.9982150215969305,0.9830856686307782,-0.14904703022395557,-0.8970666576663905,297.30288168230146,621.1188070113825,606.6057633646029
