d_t,d_h,thres,nDT,timeHin,bias,LL,BIC,AIC
-1.9032752474707237,-1.9962625350972678,1.7621600795594046,0.9942963774603948,-0.0692919430345258,-0.9438955384656159,282.00334458428637,590.0695216996949,576.0066891685727
