d_t,d_h,thres,nDT,timeHin,bias,LL,BIC,AIC
0.19910615936029252,-1.9656483403915372,1.8623423736471802,0.9995578929904763,-0.2451117515648156,-0.9987505219831697,123.7994692580598,268.00612280609255,259.5989385161196
