d_t,d_h,thres,nDT,timeHin,bias,LL,BIC,AIC
-1.8433172291786466,-1.9947914201968462,2.0038904711778853,0.9942903608812418,-0.14924708232199152,-0.9751541474965235,204.5873489922343,432.52561977313235,421.1746979844686
