d_t,d_h,thres,nDT,timeHin,bias,LL,BIC,AIC
-1.998335846106982,-1.9953578024741168,0.9842323189750458,0.9943971296868644,-0.01617269036165364,0.04828308030917722,90.33112501666182,199.20850475347353,192.66225003332363
