d_t,d_h,thres,nDT,timeHin,bias,LL,BIC,AIC
-1.9946566827604197,-1.9970727691457635,1.8990999273955822,0.9731754785366534,-0.09635898211938297,0.15631681635329145,257.3068123551795,540.5185533915768,526.613624710359
