d_t,d_h,thres,nDT,timeHin,bias,LL,BIC,AIC
1.901497429471326,-1.9991727811793591,2.3332968623631194,0.9781103468193455,-0.15398342534437975,-0.6901376984180371,267.0995091261814,560.3392712125003,546.1990182523627
