d_t,d_h,thres,nDT,timeHin,bias,LL,BIC,AIC
0.9228822300778841,-1.9695707824591118,2.735126624854079,0.9945516238055614,0.0071269591179935424,-0.9999982882674071,83.98225610470135,186.5107669295526,179.9645122094027
