d_t,d_h,thres,nDT,timeHin,bias,LL,BIC,AIC
1.97011937771843,-1.9970825721948169,1.5652437336918585,0.9836683895143337,-0.1330740423848518,-0.5377786333190626,246.62572311833202,518.8275254989119,505.25144623666404
