d_t,d_h,thres,nDT,timeHin,bias,LL,BIC,AIC
-1.883363104289657,-1.9993330146257886,2.1451633375853,0.9666312051956055,-0.07723408699451965,0.4843797023010669,136.69815388090726,295.52958448649815,285.3963077618145
