d_t,d_h,thres,nDT,timeHin,bias,LL,BIC,AIC
1.9058546953543718,-1.998624854822125,1.4123169005696496,0.9942100266988625,-0.010717569854781797,-0.37232162826705,80.53118579531417,179.87533688620323,173.06237159062835
