d_t,d_h,thres,nDT,timeHin,bias,LL,BIC,AIC
1.3164429700681435,-0.02264029116392985,0.775305561368356,0.6585370585597943,0.43383796654844875,-0.8739538990879243,-0,21.332088368936482,12
