d_t,d_h,thres,nDT,timeHin,bias,LL,BIC,AIC
1.6820209656356262,0.4310249660274412,2.066514948116695,0.3624091013055295,-0.7384220324561392,-0.9036359478623066,-0,21.332088368936482,12
