d_t,d_h,thres,nDT,timeHin,bias,LL,BIC,AIC
1.9223683279205983,0.729894735548734,0.988195189833641,0.9994295466705867,-0.25144575951154025,-0.4814919518066583,7.253881000425187,36.789194401076216,26.507762000850374
