d_t,d_h,thres,nDT,timeHin,bias,LL,BIC,AIC
-1.7927953490135016,-0.23410942579853833,1.1116624161601067,0.4719086213022192,-0.49271892692314107,-0.9119954797761973,-0,20.407184289972932,12
