d_t,d_h,thres,nDT,timeHin,bias,LL,BIC,AIC
-1.190456866412825,-0.5067616322148334,2.262237707711756,0.6899805385234876,0.21737415472497235,0.14273681146155104,-0,20.60392322691088,12
