d_t,d_h,thres,nDT,timeHin,bias,LL,BIC,AIC
1.9417163813486695,-0.15076648529464107,2.227290618907029,0.9978877992039825,-0.9828162308275243,0.17775539431823195,11.204064561707787,44.689561523641416,34.40812912341558
