d_t,d_h,thres,nDT,timeHin,bias,LL,BIC,AIC
0.018827473250405707,-1.1668563875372553,2.7410765202095453,0.3444962209253572,0.72536475104505,-0.06957109751725343,-0,22.42601770970021,12
