d_t,d_h,thres,nDT,timeHin,bias,LL,BIC,AIC
1.1925985654816031,1.47268835544984,2.9690068538378815,0.2346996294597176,-0.0593821191091809,-0.06388761220780653,-0,22.281432400225846,12
