d_t,d_h,thres,nDT,timeHin,bias,LL,BIC,AIC
1.0406362376146834,-0.011457195385593116,2.8348314165934423,0.9950302092597079,-0.9900041508239112,-0.01683310635861711,6.1066850292912855,31.026335354157467,24.21337005858257
