d_t,d_h,thres,nDT,timeHin,bias,LL,BIC,AIC
0.5080450650201631,1.3216444320713525,1.4243587323122662,0.3051343548957365,0.7064639718050224,0.970743086894465,-0,21.981369876777876,12
