d_t,d_h,thres,nDT,timeHin,bias,LL,BIC,AIC
0.2710674401784576,-1.7721859938048397,1.4684253321960568,0.878030958432873,-0.1714431309761956,0.5911988901235389,-0,21.50111363073666,12
