d_t,d_h,thres,nDT,timeHin,bias,LL,BIC,AIC
1.4704656786342478,0.10342728328074591,0.6794090044149579,0.9970319532338384,-0.49976375067260015,-0.6664992923577605,8.77414224445444,36.861539438118086,29.54828448890888
