d_t,d_h,thres,nDT,timeHin,bias,LL,BIC,AIC
-1.3866552725613743,0.3176807668236403,1.3492269345124486,0.2892745517961055,-0.48435885365952047,-0.7701342335280961,-0,13.815510557964275,12
