d_t,d_h,thres,nDT,timeHin,bias,LL,BIC,AIC
0.24431768043245855,1.7816323311727336,2.331310913230082,0.9987961318531359,0.38043383731736036,-0.21899360734638051,3.8503847793391874,26.513734854253272,19.700769558678374
