d_t,d_h,thres,nDT,timeHin,bias,LL,BIC,AIC
0.20519290398806334,-1.6326958725340632,2.464009981345727,0.8955378864143011,-0.29134133411571383,-0.4247801983729005,-0,21.50111363073666,12
