d_t,d_h,thres,nDT,timeHin,bias,LL,BIC,AIC
-1.780516316132656,0.012153806805342338,1.7708189574623021,0.9935748510635048,-0.962304661375171,-0.09082505592936785,5.191614861726729,32.36459960023133,22.383229723453457
