d_t,d_h,thres,nDT,timeHin,bias,LL,BIC,AIC
-0.3983748905804342,1.9445426724851131,1.9836496196687219,0.5920517033812583,0.7890637085751462,0.10480310701243578,-0,22.839974938621918,12
