d_t,d_h,thres,nDT,timeHin,bias,LL,BIC,AIC
-1.9659310175790543,-1.359885758917017,1.4360761474817991,0.9942399689614064,-0.40565190946650775,0.7793065019404741,8.466814314239855,38.26571699741619,28.93362862847971
