d_t,d_h,thres,nDT,timeHin,bias,LL,BIC,AIC
-0.6622976185753942,-1.3208560540449552,1.54041750775345,0.7071166572291404,-0.17419159039855003,-0.4329709452791104,-0,22.13327672468362,12
