d_t,d_h,thres,nDT,timeHin,bias,LL,BIC,AIC
-0.6455941228196025,0.8890540330713151,1.9862952034157406,0.9655193394575137,0.4784785836073848,0.6829757092141253,-0,20.979045368798882,12
