d_t,d_h,thres,nDT,timeHin,bias,LL,BIC,AIC
-1.1484552039366576,-0.3173926073002223,1.1141368032444525,0.3493933514156379,0.8284562849471975,-0.5142606068402529,-0,21.158163147696968,12
