d_t,d_h,thres,nDT,timeHin,bias,LL,BIC,AIC
1.7805251374459021,0.2239253781356662,2.752457518963374,0.9995480217403745,-0.8311893971164034,-0.02521535315648863,4.783408132712374,27.23345014042339,21.566816265424748
