d_t,d_h,thres,nDT,timeHin,bias,LL,BIC,AIC
1.903931433183999,1.9638450088794508,2.291284289454446,0.9998024094654443,0.03178692922804639,0.12106548457114313,3.3479059385720285,27.102996167116988,18.695811877144056
