d_t,d_h,thres,nDT,timeHin,bias,LL,BIC,AIC
1.594135038351526,0.5135218104471031,1.644715878766752,0.7397072751451783,0.5878647925700748,-0.46410871763349415,-0,22.705137803509565,12
