d_t,d_h,thres,nDT,timeHin,bias,LL,BIC,AIC
0.38201643280225905,-0.2772907608843219,2.7805681937456814,0.5617850204350671,-0.018823167917355804,0.5940786347307564,-0,21.50111363073666,12
