d_t,d_h,thres,nDT,timeHin,bias,LL,BIC,AIC
1.969441877948345,0.36776064761067623,2.0744699002378977,0.9941346973362759,-0.40290790271234944,-0.05970787563199818,4.046486054258928,29.758479584383203,20.092972108517856
