d_t,d_h,thres,nDT,timeHin,bias,LL,BIC,AIC
1.9728900715708733,-1.7647999838714645,1.4928049938753247,0.9248803363441702,-0.5745359994301679,-0.988615938089788,-0,21.50111363073666,12
