d_t,d_h,thres,nDT,timeHin,bias,LL,BIC,AIC
-1.8683343763234188,1.1312397915970904,1.4191020085314887,0.05173748576103953,0.1885005408871907,0.8011550574777229,-0,21.158163147696968,12
