d_t,d_h,thres,nDT,timeHin,bias,LL,BIC,AIC
-1.1328410468995571,-0.03317931442787847,0.8752237273380161,0.5828236023186234,-0.33249342586735287,0.7977123656310141,-0,22.567200694161375,12
