d_t,d_h,thres,nDT,timeHin,bias,LL,BIC,AIC
1.564410102509136,-0.4998458300587818,1.4535263656490258,0.9971889397597504,-0.7367717058355727,0.14489222424092235,9.465342529947256,41.497885754055886,30.93068505989451
