d_t,d_h,thres,nDT,timeHin,bias,LL,BIC,AIC
-1.9147875731477397,-0.4337075448429213,1.0147498280509437,0.9965430028129288,-0.8352609669596784,-0.023444305951664163,5.3174201691402745,32.300347814145894,22.634840338280547
