d_t,d_h,thres,nDT,timeHin,bias,LL,BIC,AIC
-0.34210494236951455,0.8255678138123383,2.3256703868508337,0.524154949061466,-0.9872244074940681,0.19474545704140878,-0,21.332088368936482,12
