d_t,d_h,thres,nDT,timeHin,bias,LL,BIC,AIC
1.3028041441923075,0.4717120802068999,1.8744647676732817,0.030985335006844306,0.3712432245024506,0.26207504236822343,-0,21.332088368936482,12
