d_t,d_h,thres,nDT,timeHin,bias,LL,BIC,AIC
-0.6213138087038315,0.03346314114858785,2.7177724235874776,0.996206229344952,-0.9940330890115753,-0.016559962096592704,6.041229151960083,34.64965899808154,24.082458303920166
