d_t,d_h,thres,nDT,timeHin,bias,LL,BIC,AIC
-0.8596494225265696,0.34736289040668406,1.1358436995673575,0.9781038738661645,-0.8473485035523771,-0.18039688760545286,12.79242256379277,48.15204582174692,37.58484512758554
