d_t,d_h,thres,nDT,timeHin,bias,LL,BIC,AIC
-0.03114453311964252,-1.964784034154267,1.8871376847290084,0.9966846731483131,0.5420427364690814,-0.04055937712186494,4.216443424817003,28.426113910685228,20.432886849634006
