d_t,d_h,thres,nDT,timeHin,bias,LL,BIC,AIC
1.933142494985255,0.8856396688710748,0.7914475098252296,0.995695755782423,-0.3998242393305899,-0.1482091790478846,3.841179280451088,29.183472191638838,19.682358560902177
