d_t,d_h,thres,nDT,timeHin,bias,LL,BIC,AIC
-1.2647729709438797,1.0293519016636243,1.688426711218819,0.499855239845768,-0.2985216411111795,0.09173075198354441,-0,22.705137803509565,12
