d_t,d_h,thres,nDT,timeHin,bias,LL,BIC,AIC
-1.924656740770651,-0.49583536524384786,2.418975542310645,0.9992640883518935,-0.3388406550513678,0.1027372662544197,3.78244550632835,29.23039848852205,19.5648910126567
