d_t,d_h,thres,nDT,timeHin,bias,LL,BIC,AIC
0.11716831444222885,1.7649711856810444,2.666228922083974,0.9991274990236592,0.4427597934877226,-0.04638859582103165,4.071491762256622,27.456238473722447,20.142983524513244
