d_t,d_h,thres,nDT,timeHin,bias,LL,BIC,AIC
-1.9906575824933037,-1.9969769026005195,2.749610445167597,0.7822237977264284,-0.006513923749884687,-0.9987877922103704,3.3430134909480205,25.49899227747094,18.686026981896042
