d_t,d_h,thres,nDT,timeHin,bias,LL,BIC,AIC
1.0681137963942746,-0.23384576570242643,1.1790079298926015,0.3491278894804418,0.5169200745190938,-0.4684408474713564,-0,22.42601770970021,12
