d_t,d_h,thres,nDT,timeHin,bias,LL,BIC,AIC
0.35489974829468796,1.7082853661850095,2.247478433735158,0.9957270443272458,0.3852606247119094,-0.18349898032545142,3.7986552735939614,29.26281802305327,19.597310547187924
