d_t,d_h,thres,nDT,timeHin,bias,LL,BIC,AIC
0.9808208364579363,0.4514495368847644,1.428243934533637,0.18195486112974302,-0.16952911769510082,0.004743262986769664,-0,15.389696144769221,12
