d_t,d_h,thres,nDT,timeHin,bias,LL,BIC,AIC
-0.35994405087533277,0.2978299120097504,0.8821657542139292,0.7955226791046863,0.24755855348123912,-0.23781006364151835,-0,17.342230547376985,12
