d_t,d_h,thres,nDT,timeHin,bias,LL,BIC,AIC
0.23492928716705996,1.9756086481014155,2.702020253527797,0.9995430139099447,0.3803788343327267,-0.09882997758215964,3.765491187774218,29.35649933390675,19.530982375548437
