d_t,d_h,thres,nDT,timeHin,bias,LL,BIC,AIC
0.24486600280286833,-0.7585114945852076,2.268375016365555,0.4541025671350374,0.38937207451090217,0.5618490371354032,-0,20.979045368798882,12
