d_t,d_h,thres,nDT,timeHin,bias,LL,BIC,AIC
1.9993208176712518,1.9966958081752486,2.493783914181115,0.9994194494978264,-0.07223933763612486,-0.0746733063476126,3.6405630561476765,28.9466335881607,19.281126112295354
