d_t,d_h,thres,nDT,timeHin,bias,LL,BIC,AIC
-1.2562732137739658,1.7932867537343844,1.8880714628676696,0.03544972265651675,-0.0896270495384951,0.41243423072798546,-0,17.342230547376985,12
