d_t,d_h,thres,nDT,timeHin,bias,LL,BIC,AIC
-1.1616958560147226,-1.1996822683140635,2.139198029345586,0.5862575892942858,0.40160810932338864,-0.3825085957046282,-0,21.981369876777876,12
