d_t,d_h,thres,nDT,timeHin,bias,LL,BIC,AIC
0.0876657848267171,-1.426488029560227,2.9310095977038144,0.9982163752913923,0.9823422118026804,-0.12312638726801836,6.0718757251454365,33.64486508102753,24.14375145029087
