d_t,d_h,thres,nDT,timeHin,bias,LL,BIC,AIC
0.6134745192395384,-0.0980057530105114,0.7527045079898068,0.6981982153327411,-0.6496707028709352,-0.2966216392815113,-0,21.158163147696968,12
