d_t,d_h,thres,nDT,timeHin,bias,LL,BIC,AIC
-1.039697706712063,1.7377559898529764,1.6790884678133489,0.5964994486982572,-0.1589649944869521,0.36709050478336647,-0,19.775021196025975,12
