d_t,d_h,thres,nDT,timeHin,bias,LL,BIC,AIC
1.829394058265282,0.07815930494652039,1.031675820797682,0.9994492623890177,-0.3271381725038983,-0.49099535148619344,8.5360567873643909,40.29931964017613,29.072113574728782
