d_t,d_h,thres,nDT,timeHin,bias,LL,BIC,AIC
1.8383133050252014,0.962839555574483,0.6147017945781204,0.11941178014116721,-0.8158605182602858,0.04499928294625899,-0,21.665507475865347,12
