d_t,d_h,thres,nDT,timeHin,bias,LL,BIC,AIC
0.09175701173719344,0.5863381550678458,1.6824674710622913,0.8519773985358272,-0.750021559768065,0.6053915873419793,-0,21.158163147696968,12
