d_t,d_h,thres,nDT,timeHin,bias,LL,BIC,AIC
-0.7679149248343777,1.8202794772379105,1.6400610323129226,0.27198424905545643,0.19604695610127942,0.0026936242390998844,-0,21.825516958358314,12
