d_t,d_h,thres,nDT,timeHin,bias,LL,BIC,AIC
1.997696726720765,1.8199461456388235,2.5076584009453655,0.9977457011041623,-0.09959038259423045,-0.33406382738614127,3.3646742656752915,29.010780931576427,18.72934853135058
