d_t,d_h,thres,nDT,timeHin,bias,LL,BIC,AIC
-1.9996238157176844,-1.9827843805334737,1.9418207698787597,0.9984322289008193,0.015095334446854585,-0.007678794310507331,3.347836588515426,29.121690886731063,18.69567317703085
