d_t,d_h,thres,nDT,timeHin,bias,LL,BIC,AIC
0.10413714620010384,-0.9428336871787906,2.0823489828407764,0.4623176503321156,-0.3962067309767008,0.1509524956914325,-0,21.158163147696968,12
