d_t,d_h,thres,nDT,timeHin,bias,LL,BIC,AIC
0.1761321775505036,0.5508928281574202,1.5345380345912973,0.40838865687952314,0.5768978441051184,-0.7583485698765859,-0,21.332088368936482,12
