d_t,d_h,thres,nDT,timeHin,bias,LL,BIC,AIC
0.9791433861107776,-1.640265055000782,0.6085581349208953,0.47575694527011364,-0.08992755030111631,-0.18611627416054727,-0,20.407184289972932,12
