d_t,d_h,thres,nDT,timeHin,bias,LL,BIC,AIC
-1.1858271412044108,-0.6026520961895585,0.8100450422225954,0.7041302165319212,0.26842187763176856,0.6534890423537894,-0,23.707462311488566,12
