d_t,d_h,thres,nDT,timeHin,bias,LL,BIC,AIC
-1.9920456439865664,-1.9896615755099345,2.595198514569426,0.9997793777847747,-0.008469051678246995,-0.34117954859216354,3.4378090941913433,28.856988065160564,18.87561818838269
