d_t,d_h,thres,nDT,timeHin,bias,LL,BIC,AIC
-1.606844187920321,-1.3783392617831354,2.1768303602588928,0.49981034106807787,-0.5520221975754445,0.9074196517098296,-0,23.707462311488566,12
