d_t,d_h,thres,nDT,timeHin,bias,LL,BIC,AIC
-0.40408666957427947,0.07363181788954609,1.7356174874190964,0.9929982994689743,-0.9911172792394983,-0.15600731364001816,6.5498733959456645,25.57639604197034,25.099746791891327
