d_t,d_h,thres,nDT,timeHin,bias,LL,BIC,AIC
-0.6096956810948844,-0.2004280723631382,2.840135056525469,0.09452368631951082,0.4055306126425138,0.5744037486721463,-0,21.981369876777876,12
