d_t,d_h,thres,nDT,timeHin,bias,LL,BIC,AIC
1.3033697094016912,-0.25025047123061495,0.761610512310645,0.7919668751104043,-0.9346377942711115,0.9346986057884272,-0,19.993227061051222,12
