d_t,d_h,thres,nDT,timeHin,bias,LL,BIC,AIC
0.3702182732045416,-0.04718255841345953,1.8391260286849191,0.27077844541864116,-0.567156984240304,0.8370627050018641,-0,20.979045368798882,12
