d_t,d_h,thres,nDT,timeHin,bias,LL,BIC,AIC
-0.10666892179595484,-1.9413984509266282,2.2087418452704006,0.9998998186373522,0.9939209735574833,0.159123345112908,6.62419173833235,34.40654662436167,25.2483834766647
