d_t,d_h,thres,nDT,timeHin,bias,LL,BIC,AIC
0.15224281113512417,0.597155106253922,1.2706827211006013,0.22253640280570836,0.5725482814013958,-0.8156753803812903,-0,23.590953796345953,12
