d_t,d_h,thres,nDT,timeHin,bias,LL,BIC,AIC
1.863493965793646,-0.21078307813511088,2.731943901243622,0.5992937105544843,0.003838305246278484,0.5678226867229635,-0,19.068322982087675,12
