d_t,d_h,thres,nDT,timeHin,bias,LL,BIC,AIC
-1.9777280324715854,-0.4409258891750234,1.4584759483113885,0.9998558465250534,-0.34899386423789247,0.0994673988810274,3.8185474140629485,20.11374407820491,19.637094828125896
