d_t,d_h,thres,nDT,timeHin,bias,LL,BIC,AIC
0.038761425759210155,0.1612101150676608,1.7536124979247545,0.1517275335197337,0.21212837612256408,0.6902759447478275,-0,21.825516958358314,12
