d_t,d_h,thres,nDT,timeHin,bias,LL,BIC,AIC
0.6949818739397107,-1.5715826914021265,2.412863211225914,0.7850371660117799,-0.2658451990262354,-0.23114470195426629,-0,15.389696144769221,12
