d_t,d_h,thres,nDT,timeHin,bias,LL,BIC,AIC
1.9757142403599113,1.9701321650118304,2.599240983913517,0.9997874948750756,-0.013653623552326136,0.6553108135817826,3.3997409691936067,29.225499648087425,18.799481938387213
