d_t,d_h,thres,nDT,timeHin,bias,LL,BIC,AIC
-0.5107717484683209,-1.1737520336345928,1.9951546776273363,0.7339200658606397,-0.31106428252503554,0.7242521941661835,-0,23.227206065447348,12
