d_t,d_h,thres,nDT,timeHin,bias,LL,BIC,AIC
-0.8912585339515855,1.4763653298168353,1.240983889254439,0.84212412447709994,0.7639588637486356,0.05172913834869608,-0,15.83434397769155,12
