d_t,d_h,thres,nDT,timeHin,bias,LL,BIC,AIC
-1.3085473706952417,0.14254612867046546,0.9326730417832733,0.4977583325627021,-0.7877726475708187,0.5385107539444081,-0,19.775021196025975,12
