d_t,d_h,thres,nDT,timeHin,bias,LL,BIC,AIC
-0.8887431694199158,0.30011606868356466,2.592579461346122,0.8455321086206116,0.026749285138765122,-0.8291236956307613,-0,21.50111363073666,12
