d_t,d_h,thres,nDT,timeHin,bias,LL,BIC,AIC
-0.6073094997555017,1.9892818323820842,1.780979756479391,0.17771691616352225,-0.013647664069601717,0.08593891786560054,-0,12.476649250079014,12
