d_t,d_h,thres,nDT,timeHin,bias,LL,BIC,AIC
-1.6433629147473081,1.4792290170375806,1.1635086234658958,0.3203805725237856,-0.35853221226244975,-0.9600026469624262,-0,20.60392322691088,12
