d_t,d_h,thres,nDT,timeHin,bias,LL,BIC,AIC
-1.985934945076272,-1.5814231305678157,1.9757670113993582,0.9996841198392857,-0.17011862237244268,0.15268470398893863,3.4914048490533736,28.140972845803716,18.98280969810675
