d_t,d_h,thres,nDT,timeHin,bias,LL,BIC,AIC
-0.6294977847631132,0.6031523579731584,2.8877565946429966,0.4314502117915743,-0.8525736660714007,-0.5888308478239874,-0,21.158163147696968,12
