d_t,d_h,thres,nDT,timeHin,bias,LL,BIC,AIC
-0.6659857945627414,0.0965057135913154,2.082638015721357,0.9892490752502983,-0.9810980247832295,0.017516698643564865,6.500788398919053,34.98294667461598,25.001576797838105
