d_t,d_h,thres,nDT,timeHin,bias,LL,BIC,AIC
-0.6157064554765637,0.7261422634527668,1.8341551361605526,0.995211772701025,-0.1328181466133765,-0.5546410030123361,13.073600612823554,43.14648128998441,38.14720122564711
