d_t,d_h,thres,nDT,timeHin,bias,LL,BIC,AIC
-0.8545485871273779,1.3521305157074943,2.010647512963006,0.5930733091211501,0.07528566801920533,-0.8646523947827518,-0,19.068322982087675,12
