d_t,d_h,thres,nDT,timeHin,bias,LL,BIC,AIC
-0.4322079221774643,-0.19811068940907717,1.4438769981265067,0.9056262417463585,-0.8284202353097498,0.2297027234292094,-0,18.26713462634054,12
