d_t,d_h,thres,nDT,timeHin,bias,LL,BIC,AIC
0.280898546318493,1.5209509975220992,2.8941045943647623,0.40400334238605873,-0.06626546042297579,-0.3159169419668615,-0,23.227206065447348,12
