d_t,d_h,thres,nDT,timeHin,bias,LL,BIC,AIC
-0.1882341318859842,-1.6745524173602462,2.7514016250172495,0.24010354827371122,-0.19669938828170186,-0.8953617908527173,-0,19.068322982087675,12
