d_t,d_h,thres,nDT,timeHin,bias,LL,BIC,AIC
0.7782434606924653,0.5249032890424132,2.0990328963708853,0.895404177417513,0.3506836639407975,-0.5901776359581916,-0,23.472138032568875,12
