d_t,d_h,thres,nDT,timeHin,bias,LL,BIC,AIC
1.5882786343227284,-0.3778775310453921,2.240856552004938,0.6203212556543078,-0.23244276536970976,-0.06753574909808824,-0,16.9992800643373,12
