d_t,d_h,thres,nDT,timeHin,bias,LL,BIC,AIC
0.4875224071702402,0.35477006807923317,0.7299212407263943,0.744105491891969,-0.28932613106206845,0.5853163291189039,-0,19.548579228128894,12
