d_t,d_h,thres,nDT,timeHin,bias,LL,BIC,AIC
1.5824837441766757,-0.3551222472141977,1.2966601802981716,0.1563396479004293,-0.35412521320688617,0.49030373344292955,-0,19.548579228128894,12
