d_t,d_h,thres,nDT,timeHin,bias,LL,BIC,AIC
0.3271702820399486,-1.6766064809955896,1.9500128309653173,0.5980063480860554,0.3629677213681679,0.46364791970700026,-0,21.825516958358314,12
