d_t,d_h,thres,nDT,timeHin,bias,LL,BIC,AIC
-0.008738063360927084,1.4458169927820563,1.8481915064156056,0.4004185115077637,-0.29388398309966096,-0.04712418927518658,-0,21.825516958358314,12
