d_t,d_h,thres,nDT,timeHin,bias,LL,BIC,AIC
-0.36808733272748184,-0.8689184764412036,2.592999093419849,0.8260094139006998,-0.7799207781113427,0.37851617182239117,-0,19.775021196025975,12
