d_t,d_h,thres,nDT,timeHin,bias,LL,BIC,AIC
1.7629645788411707,0.2695684298600713,0.7731478427702005,0.9898108542983854,-0.9142881945060469,0.02154771656565884,4.916472080795497,31.49845163745634,21.832944161590994
