d_t,d_h,thres,nDT,timeHin,bias,LL,BIC,AIC
-1.5450015868991613,0.9048954422116325,1.0159427592686974,0.7205691257769731,0.886244251360068,0.41176083194599267,-0,16.635532333438686,12
