d_t,d_h,thres,nDT,timeHin,bias,LL,BIC,AIC
0.06289425794546319,1.9495449517124896,1.1709167452062936,0.9997733813370181,0.4469653407516909,0.007533197596181762,4.014833970520193,29.00871330983927,20.029667941040387
