d_t,d_h,thres,nDT,timeHin,bias,LL,BIC,AIC
-1.9956431846229878,-1.0974109466426383,1.799626034120477,0.7385636595505103,-0.0032559473713217324,-0.99909391439770745,3.342178462446816,28.185470555630292,18.68435692489363
