d_t,d_h,thres,nDT,timeHin,bias,LL,BIC,AIC
1.3613489009457402,-0.33794596580255504,2.825279489246064,0.7380308174195116,-0.12146780915716754,0.5106118530194421,-0,19.548579228128894,12
