d_t,d_h,thres,nDT,timeHin,bias,LL,BIC,AIC
-0.3541314367591052,0.3881395002332356,1.4224390911114566,0.11782184864362391,0.4994557491958531,0.6825792409542434,-0,16.635532333438686,12
