d_t,d_h,thres,nDT,timeHin,bias,LL,BIC,AIC
1.9261791280790477,1.988454171191725,1.6554252153262496,0.9837328779471027,0.0021094416383173296,0.9942394589030401,3.340484278757018,28.814245282197653,18.680968557514035
