d_t,d_h,thres,nDT,timeHin,bias,LL,BIC,AIC
1.9639783653268539,1.9726901849538987,1.6261832863923558,0.7179236537725641,-0.0037801168011316905,0.998403043850578,3.3400117239212737,28.50554040620086,18.680023447842547
