d_t,d_h,thres,nDT,timeHin,bias,LL,BIC,AIC
0.6154893794013796,-0.0044549630153749575,2.138701356110967,0.17988184188697182,-0.0756959172527169,0.5971448684715082,-0,22.281432400225846,12
