d_t,d_h,thres,nDT,timeHin,bias,LL,BIC,AIC
-0.20095687597526654,0.03776882918996252,0.8649221985576149,0.9925324113397882,-0.9546845911061637,0.2096892760102292,6.737853631992556,36.31568220260703,25.475707263985115
