d_t,d_h,thres,nDT,timeHin,bias,LL,BIC,AIC
1.901754673219211,1.1720480055406188,1.8295807348564268,0.7806873084247405,-0.4416745443515358,-0.3984493907075255,7.6714712685158215,36.321987905830525,27.342942537031643
