d_t,d_h,thres,nDT,timeHin,bias,LL,BIC,AIC
0.1135409078153827,-0.7635221430527566,1.2833550613955194,0.6766973631076421,-0.0048363950378335074,0.03138274542589303,-0,17.342230547376985,12
