d_t,d_h,thres,nDT,timeHin,bias,LL,BIC,AIC
-0.2922230993350655,0.6302324624447554,2.724388035829544,0.5286918546085387,-0.7426916080774619,0.4464745029859244,-0,17.342230547376985,12
