d_t,d_h,thres,nDT,timeHin,bias,LL,BIC,AIC
-1.2964356784019833,1.9065492466404872,1.408750635800017,0.6336465401035953,-0.2406667866744101,0.30959096124657315,-0,22.281432400225846,12
