d_t,d_h,thres,nDT,timeHin,bias,LL,BIC,AIC
-1.6942863531986603,-0.003159975937480297,1.3565545888821149,0.935869848805014,-0.6065592123195529,0.6139439633116126,-0,21.981369876777876,12
