d_t,d_h,thres,nDT,timeHin,bias,LL,BIC,AIC
-0.4464947078282755,-0.7900335143414821,0.885378558809731,0.4653020763354327,0.550536631687484,-0.9356896714307368,-0,19.775021196025975,12
