d_t,d_h,thres,nDT,timeHin,bias,LL,BIC,AIC
0.5486960308626294,1.7885239276526017,2.0875019973827684,0.5362685724960106,0.7521307207643986,-0.784754267513287,-0,20.979045368798882,12
