d_t,d_h,thres,nDT,timeHin,bias,LL,BIC,AIC
0.48201098525704467,-0.17454523696311827,2.3355306675439786,0.9946958797971643,-0.9997261467662903,0.2731674505443553,11.93308756755314,45.02433828280324,35.866175135106275
