d_t,d_h,thres,nDT,timeHin,bias,LL,BIC,AIC
0.4273774670639646,-1.8620754086147406,2.519338500872254,0.9258199669219425,0.7270284159123154,-0.5433434837955557,19.932685783427708,58.678336862430314,51.865371566855416
