d_t,d_h,thres,nDT,timeHin,bias,LL,BIC,AIC
1.4104535771129296,-0.2573737473339996,0.949536331701651,0.913854585384186,-0.5859576994965434,0.706053992917129,9.094490598547765,39.16802656589441,30.18898119709553
