d_t,d_h,thres,nDT,timeHin,bias,LL,BIC,AIC
-0.366900241933763,0.5790923582389951,0.6068565426394343,0.3801028679112234,-0.3514938974495143,-0.4785579121671617,-0,18.546254720149896,12
