d_t,d_h,thres,nDT,timeHin,bias,LL,BIC,AIC
-0.1684595700353384,0.9820022666826844,0.9293207307013261,0.8984884983408288,0.9863088593272606,-0.41725453289120407,-0,20.60392322691088,12
