d_t,d_h,thres,nDT,timeHin,bias,LL,BIC,AIC
1.6170937716960907,0.46358399096351444,1.143651530519128,0.5744697550491706,-0.21105424171080894,-0.31634395051822994,-0,20.60392322691088,12
