d_t,d_h,thres,nDT,timeHin,bias,LL,BIC,AIC
1.9344761810530728,-1.154189031596355,1.6179528922379136,0.9997102067466621,-0.3412651794998058,0.7979064593091607,16.51813950066449,51.582533721478875,45.03627900132898
