d_t,d_h,thres,nDT,timeHin,bias,LL,BIC,AIC
-1.572312083618178,1.1284155068705537,2.499268390667686,0.892286856361826,-0.04719031292835095,-0.4172659704145193,11.060861169064856,43.27988548582668,34.121722338129715
