d_t,d_h,thres,nDT,timeHin,bias,LL,BIC,AIC
-1.9821023911639049,-1.9599568321318424,1.6173048239601693,0.9999262913140844,0.059275008917512716,0.4808566848948871,3.391537163392062,27.577489743582483,18.783074326784124
