d_t,d_h,thres,nDT,timeHin,bias,LL,BIC,AIC
-0.23534689682578652,0.6048658338022206,1.9154810966453664,0.9986960773913219,0.9564133390542977,0.19888861576631522,11.387668400871238,41.588302097317374,34.775336801742476
