d_t,d_h,thres,nDT,timeHin,bias,LL,BIC,AIC
1.996718202741649,0.016075923737407155,2.273112558948638,0.999466794163877,-0.32072470563277605,0.02348755476623776,7.670016043852403,36.498195235401774,27.340032087704806
