d_t,d_h,thres,nDT,timeHin,bias,LL,BIC,AIC
-1.9142002661959587,-0.48143500916469606,1.9739680638912125,0.9985193188943056,-0.22515734583044686,0.28068239613194224,3.5633842124224944,25.673023144994886,19.12676842484499
