d_t,d_h,thres,nDT,timeHin,bias,LL,BIC,AIC
1.3974036828252685,0.9978403059963746,0.6675761913907745,0.4646067933360188,0.41643053098130745,0.6824597618705377,-0,22.705137803509565,12
