d_t,d_h,thres,nDT,timeHin,bias,LL,BIC,AIC
-1.5109313694999378,-1.0343266696171554,2.8053646029420523,0.5702338801565833,0.47015493492219607,0.009904811520611845,-0,21.665507475865347,12
