d_t,d_h,thres,nDT,timeHin,bias,LL,BIC,AIC
1.8924432266061535,0.06788215244036112,1.9496431935832244,0.9950541932857759,-0.6781769294634428,-0.17350310193172114,4.4456588376838235,31.86316605430222,20.891317675367645
