d_t,d_h,thres,nDT,timeHin,bias,LL,BIC,AIC
-1.9886588602049653,-1.9844849835326337,1.3934242461156419,0.9998966068071328,0.022510280503783876,-0.3774992236444779,3.3721054308062044,27.538626278410767,18.74421086161241
