d_t,d_h,thres,nDT,timeHin,bias,LL,BIC,AIC
0.7571118769037476,-0.8519889302551746,2.6269231555983423,0.6409746045529224,-0.14932364588603375,-0.43926696799064974,-0,16.9992800643373,12
