d_t,d_h,thres,nDT,timeHin,bias,LL,BIC,AIC
-1.7064268014369557,-1.1758427154272795,2.0510725911833814,0.8577753126485267,-0.06639985426652517,0.6777516709622269,-0,16.9992800643373,12
