d_t,d_h,thres,nDT,timeHin,bias,LL,BIC,AIC
0.6854577712074456,-1.1425873478874564,2.117961116769897,0.16107784992673774,-0.8408023797535932,0.6283821295946836,-0,22.567200694161375,12
