d_t,d_h,thres,nDT,timeHin,bias,LL,BIC,AIC
0.4405239931573579,-1.7222504924076154,1.25028865061643,0.6171434840996747,0.3015616643242538,-0.1400871117818135,-0,21.332088368936482,12
