d_t,d_h,thres,nDT,timeHin,bias,LL,BIC,AIC
-0.423428000358955,-1.9358361753980153,0.7799427259798135,0.998502662731039,0.20535987301531083,0.28244084410983306,3.561313680834126,25.668882081818147,19.12262736166825
