d_t,d_h,thres,nDT,timeHin,bias,LL,BIC,AIC
-0.9715905738994479,0.6390609509725274,2.119192891000227,0.8993374868179671,-0.44258560286834836,-0.677669475174484,-0,20.60392322691088,12
