d_t,d_h,thres,nDT,timeHin,bias,LL,BIC,AIC
1.985745146184919,1.98401186529071,2.2238122998255365,0.9990154791450685,-0.009413059819273338,0.35516583324159967,3.3437034430191,29.392544689547766,18.6874068860382
