d_t,d_h,thres,nDT,timeHin,bias,LL,BIC,AIC
0.19995494559407234,1.69652858068023,1.5138299142428477,0.44253608261027133,0.35977647158253234,0.6226625154115613,-0,22.839974938621918,12
