d_t,d_h,thres,nDT,timeHin,bias,LL,BIC,AIC
-1.0847210029699952,1.355319082711629,1.734787372245658,0.13248296613763916,-0.08931334596127272,0.8602036128063002,-0,21.981369876777876,12
