d_t,d_h,thres,nDT,timeHin,bias,LL,BIC,AIC
-1.3185203353207204,0.23387563255320715,0.9472375058724778,0.05381896861131685,-0.680682759324046,0.34935742454772023,-0,20.203774979918844,12
