d_t,d_h,thres,nDT,timeHin,bias,LL,BIC,AIC
-1.9381746400420605,-0.3381410668125549,1.2938397211084223,0.9161628364818365,-0.2474484529812827,-0.35463715242501354,-0,19.068322982087675,12
