d_t,d_h,thres,nDT,timeHin,bias,LL,BIC,AIC
-0.2902485168681961,0.10653368120333662,2.887162903622591,0.306045465923805,-0.28015575805061105,-0.7813553470186889,-0,18.812965295574898,12
