d_t,d_h,thres,nDT,timeHin,bias,LL,BIC,AIC
1.9683248670205769,-0.03194276988506317,1.6276982702070508,0.14345130309987986,-0.9978264771484586,0.22697661343901204,-0,20.79441541679836,12
