d_t,d_h,thres,nDT,timeHin,bias,LL,BIC,AIC
1.9764699012447666,1.900659557552528,1.7890778170132775,0.8136607249129043,-0.007769623401484503,0.9983474431593341,3.341111053382366,19.158871356843747,18.682222106764733
