d_t,d_h,thres,nDT,timeHin,bias,LL,BIC,AIC
-0.4791974314422135,0.4536100276193961,2.1103168107569217,0.08442613028425439,0.6134054987545666,0.21874723727809692,-0,20.979045368798882,12
