d_t,d_h,thres,nDT,timeHin,bias,LL,BIC,AIC
1.9877606551761011,1.9785088539554139,1.4033906133381924,0.7696695127856865,0.006454640180253872,0.9971058241876749,3.3421091179954225,19.160867486069858,18.684218235990844
