d_t,d_h,thres,nDT,timeHin,bias,LL,BIC,AIC
1.9440199472938477,0.15454232117457814,1.4198415106239397,0.2429706424934946,-0.8978166478649088,0.4052815097384155,-0,16.635532333438686,12
