d_t,d_h,thres,nDT,timeHin,bias,LL,BIC,AIC
1.8102544504058453,1.9837571979537623,0.7666503577873285,0.9983307265853602,0.24258458649542441,-0.17632770170661533,3.663838123696539,29.609108647618925,19.32767624739308
