d_t,d_h,thres,nDT,timeHin,bias,LL,BIC,AIC
1.9668103755104123,0.02832302890558913,1.4089406836397982,0.9972158645366453,-0.5225949072926476,0.042547343205862835,4.4062297449595045,30.14454785885549,20.812459489919007
