d_t,d_h,thres,nDT,timeHin,bias,LL,BIC,AIC
0.24149369648196933,-1.9963616883879516,1.1801760235238083,0.952954159126569,0.7303607546606871,-0.7649971795441871,9.544283939551255,42.18945348936286,31.08856787910251
