d_t,d_h,thres,nDT,timeHin,bias,LL,BIC,AIC
0.27820615761094203,-1.679253909671519,1.8672622453027685,0.648349009005749,-0.778304697841928,0.022053114444218647,-0,16.635532333438686,12
