d_t,d_h,thres,nDT,timeHin,bias,LL,BIC,AIC
-0.3233592427113485,-0.08356561650730188,2.4641643389314414,0.7584366187546698,-0.27891640869182693,-0.7149700164940886,-0,21.158163147696968,12
