d_t,d_h,thres,nDT,timeHin,bias,LL,BIC,AIC
0.2917656000511837,0.9305218271911144,2.04509095031723,0.7002238204518159,0.05476738665015459,0.34216816769707303,-0,20.79441541679836,12
