d_t,d_h,thres,nDT,timeHin,bias,LL,BIC,AIC
1.3666341547599152,1.2903188626915738,2.5587414010955434,0.6655908870569222,-0.8637883318151423,0.2731816166040732,9.175871259961328,39.85285615065932,30.351742519922656
