d_t,d_h,thres,nDT,timeHin,bias,LL,BIC,AIC
-0.9439274342730641,-0.5598425851597919,2.0574430729932582,0.8785424562210957,-0.027752412718563324,-0.1925760089120898,-0,19.775021196025975,12
