d_t,d_h,thres,nDT,timeHin,bias,LL,BIC,AIC
0.6565016206452572,-1.8665243045651017,1.0523212095735262,0.051639579742891586,0.16948028198715992,0.3467684946260441,-0,21.665507475865347,12
