d_t,d_h,thres,nDT,timeHin,bias,LL,BIC,AIC
1.085993790650722,0.1920851795961791,1.2665969741403558,0.7793118702307462,-0.895747689632553,0.3838238526538872,-0,20.979045368798882,12
