d_t,d_h,thres,nDT,timeHin,bias,LL,BIC,AIC
1.8486471854835194,1.9114346115952952,2.7510921439155935,0.9593708740997899,-0.504989551409692,0.09138488400748028,8.237336175833036,37.97578598240273,28.474672351666072
