d_t,d_h,thres,nDT,timeHin,bias,LL,BIC,AIC
0.646257882306734,0.6588408419771014,2.183727366104722,0.4015476524899714,-0.5469430803728546,-0.5661431141236778,-0,21.825516958358314,12
