d_t,d_h,thres,nDT,timeHin,bias,LL,BIC,AIC
-0.7733791129943459,1.4668425690642664,2.9655480365665436,0.3932610062418188,-0.7115173265817385,0.21031998353890458,-0,21.665507475865347,12
