d_t,d_h,thres,nDT,timeHin,bias,LL,BIC,AIC
-1.6985449510981334,-1.7645009517844743,0.6070141143652633,0.7026153299033212,-0.3600246856456055,-0.1540939943079746,12.085211218348341,45.671536067433344,36.17042243669668
