d_t,d_h,thres,nDT,timeHin,bias,LL,BIC,AIC
1.1647218956601413,1.2374581915986773,1.0913290470545927,0.3022114731484936,0.6685473892841123,-0.2123090041776814,-0,19.993227061051222,12
