d_t,d_h,thres,nDT,timeHin,bias,LL,BIC,AIC
-0.4886673750042194,0.3242916714537424,1.912931331818453,0.28126821384601997,-0.0692903346188205,-0.631585534196347,-0,20.979045368798882,12
