d_t,d_h,thres,nDT,timeHin,bias,LL,BIC,AIC
-1.9981501448438839,-1.935335094087189,1.6771726123988628,0.8911606155855303,0.0020264935534229245,-0.9743496502646316,3.342267164660555,26.233113557450004,18.68453432932111
