d_t,d_h,thres,nDT,timeHin,bias,LL,BIC,AIC
1.9933846444981977,1.7883691331371665,1.4505814580974843,0.7817003383039334,0.00565097007349824,0.993525647685382,3.343910273348726,28.969252946923298,18.687820546697452
