d_t,d_h,thres,nDT,timeHin,bias,LL,BIC,AIC
-1.8897227015581473,-1.936011298124546,2.3900479654212057,0.8348598802314511,0.007290158025613475,-0.9975137030202006,3.340043875274834,28.01217611948615,18.680087750549667
