d_t,d_h,thres,nDT,timeHin,bias,LL,BIC,AIC
-0.6199910317575572,-1.9302917662087105,1.4047813956990438,0.9991711212315748,0.13439414972210054,0.2131374643435891,3.378483069985676,28.089054508907836,18.756966139971354
