d_t,d_h,thres,nDT,timeHin,bias,LL,BIC,AIC
0.4566077928908634,1.0626171360832313,0.7086065702140334,0.26707033720946677,0.19885674536339776,0.15420038031153444,-0,22.13327672468362,12
