d_t,d_h,thres,nDT,timeHin,bias,LL,BIC,AIC
-0.4982131565595438,1.8739269348582195,2.3196128316844806,0.3055749579439714,-0.9835026289185604,0.8333588686487007,-0,22.42601770970021,12
