d_t,d_h,thres,nDT,timeHin,bias,LL,BIC,AIC
-1.6764778060728758,-0.8226618999769453,1.3383355266305652,0.6286032626731322,0.293626488186419,-0.4824524816785466,-0,21.332088368936482,12
