d_t,d_h,thres,nDT,timeHin,bias,LL,BIC,AIC
0.24276657477021213,1.977971447775187,2.64653889708874,0.8508973064683041,-0.872567549849187,-0.23221193371214438,-0,20.79441541679836,12
