d_t,d_h,thres,nDT,timeHin,bias,LL,BIC,AIC
1.9349543875910677,1.747763997875154,1.3112690625229706,0.9726717266391345,0.005780469589574233,0.9962798771340446,3.343874660141904,28.669119197061683,18.687749320283807
