d_t,d_h,thres,nDT,timeHin,bias,LL,BIC,AIC
-0.023894671673783785,-1.5850273743271828,0.8881317735606988,0.49253533369637914,0.4841512129732414,-0.8527068715756314,-0,20.79441541679836,12
