d_t,d_h,thres,nDT,timeHin,bias,LL,BIC,AIC
-1.8712855104546517,0.24406625749024502,2.9406452514901558,0.7355801019290886,0.4665998119131147,-0.4489519666412038,-0,17.342230547376985,12
