d_t,d_h,thres,nDT,timeHin,bias,LL,BIC,AIC
0.9015128295868635,1.6573239776232789,1.5817611884325744,0.66526757471407,-0.7818185738880192,0.7823690186848126,-0,22.42601770970021,12
