d_t,d_h,thres,nDT,timeHin,bias,LL,BIC,AIC
0.6212250725804962,-0.5598312590388799,2.8360894398473224,0.30778172041724694,-0.8727721796238476,-0.13120719121474125,-0,14.909439898728003,12
