d_t,d_h,thres,nDT,timeHin,bias,LL,BIC,AIC
0.21599095445563277,0.2329609850816461,1.1706481891503115,0.5365502384446864,-0.053457758855074644,0.6952803409658372,-0,14.387371636790224,12
