d_t,d_h,thres,nDT,timeHin,bias,LL,BIC,AIC
-0.5473756087586936,0.9853859125586757,0.7871732240650863,0.8602177957823944,0.2572324894424406,0.11572414124384522,-0,19.775021196025975,12
