d_t,d_h,thres,nDT,timeHin,bias,LL,BIC,AIC
-1.9991978447608152,1.9549555002711068,1.2274676529336084,0.7138908116171487,-0.048199296908822055,-0.42426684523921887,7.7563360811955775,37.938689872091366,27.512672162391155
