d_t,d_h,thres,nDT,timeHin,bias,LL,BIC,AIC
-1.971535130820384,1.9479964561130776,2.035345546729507,0.6317767685815934,-0.03693899489517211,-0.4104507495160066,7.7333353158676035,37.89268834143542,27.466670631735205
