d_t,d_h,thres,nDT,timeHin,bias,LL,BIC,AIC
-0.5461425815554353,0.6511326066325086,1.7859683986596648,0.7024181450698846,0.09690262914833234,0.6224202009362566,-0,19.068322982087675,12
