d_t,d_h,thres,nDT,timeHin,bias,LL,BIC,AIC
1.1822671946017054,-1.4847090630080886,0.9444602776922554,0.9069673010537092,0.53948373015102,-0.026121470530576008,-0,20.203774979918844,12
