d_t,d_h,thres,nDT,timeHin,bias,LL,BIC,AIC
0.28913864959031343,1.035703510418534,1.113227846164664,0.6441707656967239,0.40674356328447325,0.488080696837315,-0,20.60392322691088,12
