d_t,d_h,thres,nDT,timeHin,bias,LL,BIC,AIC
-1.0729483246090727,0.083823930654637,1.1253336803741285,0.4724648322604511,-0.6998508549411049,0.14338636277883643,-0,17.974393641323946,12
