d_t,d_h,thres,nDT,timeHin,bias,LL,BIC,AIC
1.9063283372670412,-1.6529343623087165,1.0670623373482653,0.9200584293935072,-0.6502102152489972,-0.4779579038731754,-0,18.546254720149896,12
