d_t,d_h,thres,nDT,timeHin,bias,LL,BIC,AIC
-1.9962614618719237,-1.7908790870669589,1.770371553561156,0.9992148941025628,-0.27896878662741914,0.2407572339882597,3.7475215255563468,22.884739195881913,19.495043051112695
