d_t,d_h,thres,nDT,timeHin,bias,LL,BIC,AIC
0.5493133667860197,0.4731113474163532,2.245757886394858,0.7312001653990708,-0.5363826872780919,0.014170066453516483,-0,23.933904279385647,12
