d_t,d_h,thres,nDT,timeHin,bias,LL,BIC,AIC
1.893515742495627,-0.02302204426177412,1.0613425754775523,0.9988956605682517,-0.8551130006940879,-0.08541141325705777,9.77367874466508,42.252495292839725,31.54735748933016
