d_t,d_h,thres,nDT,timeHin,bias,LL,BIC,AIC
1.2117719445834425,1.6498498611846575,0.7107101943343878,0.686922431140114,0.07445734762004902,0.48446304270650464,-0,16.635532333438686,12
