d_t,d_h,thres,nDT,timeHin,bias,LL,BIC,AIC
-1.2827869984925158,-0.8508004533422748,2.01059869085024,0.9634808139714972,0.5514118511820506,-0.5071371109174649,-0,17.974393641323946,12
