d_t,d_h,thres,nDT,timeHin,bias,LL,BIC,AIC
0.26729659736156464,-0.15201774345782484,1.9594767613336441,0.8657020435416862,0.33046021785349955,0.12817685947232516,-0,22.567200694161375,12
