d_t,d_h,thres,nDT,timeHin,bias,LL,BIC,AIC
-0.5740393744781613,1.1777318171080913,2.0305200146511195,0.9538382991496474,-0.5266335741165876,-0.4220373468736631,-0,22.705137803509565,12
