d_t,d_h,thres,nDT,timeHin,bias,LL,BIC,AIC
-0.43452548062539664,-1.2340351353100991,2.296852725960843,0.6882340149302035,-0.9038563952774268,-0.8475833393633365,-0,19.068322982087675,12
