d_t,d_h,thres,nDT,timeHin,bias,LL,BIC,AIC
1.7465357761830091,0.11827167865848653,1.4032246710688492,0.6611326417792475,0.13293274549773804,-0.6257818867452443,-0,23.472138032568875,12
