d_t,d_h,thres,nDT,timeHin,bias,LL,BIC,AIC
0.6336949886754155,-0.11790612099471698,2.14518826216578,0.04875352834069849,-0.6519345170818269,-0.5157005759588202,-0,22.42601770970021,12
