d_t,d_h,thres,nDT,timeHin,bias,LL,BIC,AIC
-1.9703838287130353,-1.8339583032349065,1.9117694130923961,0.9996783492272653,-0.2736326864731787,0.31448063995549924,3.7271760873629334,23.288696152417415,19.454352174725866
