d_t,d_h,thres,nDT,timeHin,bias,LL,BIC,AIC
0.06198827688627403,-0.5496512690046794,0.6728764817620756,0.997634258723104,0.9900577109518947,0.010751118784379954,6.277948009423347,30.82303064518723,24.555896018846695
