d_t,d_h,thres,nDT,timeHin,bias,LL,BIC,AIC
-1.9121144866263484,0.8145617819742306,2.3193752980253097,0.9510028947676812,-0.7515606851501596,-0.7470062733627856,-0,21.665507475865347,12
