d_t,d_h,thres,nDT,timeHin,bias,LL,BIC,AIC
0.5142121284489238,-0.7079135086387396,1.920171167515218,0.6100040190751751,-0.06838109429634373,0.24700712422233376,-0,20.203774979918844,12
