d_t,d_h,thres,nDT,timeHin,bias,LL,BIC,AIC
-1.0655986581972925,0.6618942149557554,1.8023264491930604,0.6734931251331409,0.9415085983603062,-0.41176586186777875,-0,20.203774979918844,12
