d_t,d_h,thres,nDT,timeHin,bias,LL,BIC,AIC
0.5668046602866695,-0.9683702295234358,0.8745252287015322,0.25027568990596083,-0.5412137201055884,0.9344390432280998,-0,19.313254949209202,12
