d_t,d_h,thres,nDT,timeHin,bias,LL,BIC,AIC
0.848731865690135,-1.3092344217708234,1.9169932195293227,0.7908756169521318,0.08799153668118959,-0.18232175065204503,-0,20.979045368798882,12
