d_t,d_h,thres,nDT,timeHin,bias,LL,BIC,AIC
-1.0452001096397925,1.1919245812961312,1.8902614488788338,0.7277708598622121,-0.39527851692684174,0.5012045386403574,-0,21.332088368936482,12
