d_t,d_h,thres,nDT,timeHin,bias,LL,BIC,AIC
-0.552320230555059,-1.5146774742752314,0.8906069928613785,0.531403976916535,0.5052693082537298,-0.11798893601672984,-0,20.60392322691088,12
