d_t,d_h,thres,nDT,timeHin,bias,LL,BIC,AIC
-1.9960394132457706,1.0726585488611688,1.6260351572207903,0.7967795711217504,9.079206110428756e-4,0.046806956045861506,12.207809056180153,45.019541339271186,36.415618112360306
