d_t,d_h,thres,nDT,timeHin,bias,LL,BIC,AIC
0.13523160569110254,1.2513077061012152,1.2741644700989128,0.22949146991828456,-0.3118123448047155,-0.9578912530373794,-0,19.775021196025975,12
