d_t,d_h,thres,nDT,timeHin,bias,LL,BIC,AIC
0.4891364937648177,1.1985941150054646,2.0770895324090084,0.930406002412606,0.45076758553921115,-0.4635746093442379,-0,22.705137803509565,12
