d_t,d_h,thres,nDT,timeHin,bias,LL,BIC,AIC
-1.9758048800867072,-1.2172994061330893,2.152018667084463,0.9995588072287305,-0.20447344321111613,0.3528231323884988,3.494995493370581,27.397175276714094,18.989990986741162
