d_t,d_h,thres,nDT,timeHin,bias,LL,BIC,AIC
0.21334321474002493,0.7556865555964584,2.0467152133584023,0.5514865369105738,-0.8411319188512014,0.6667193718655223,-0,23.590953796345953,12
