d_t,d_h,thres,nDT,timeHin,bias,LL,BIC,AIC
1.2643217458225575,0.9166882215479312,1.4057736423019653,0.5716248095900032,-0.39985770175022445,0.5930093643975056,-0,20.407184289972932,12
