d_t,d_h,thres,nDT,timeHin,bias,LL,BIC,AIC
-0.6817723874978538,-0.8228229468825973,2.226822921261191,0.8554823742201552,-0.7102854001199893,0.9405705483376865,-0,19.548579228128894,12
