d_t,d_h,thres,nDT,timeHin,bias,LL,BIC,AIC
-0.5881887275320689,0.10863515790739095,1.0872037852182985,0.9961838566375553,-0.9749377899112311,-0.12275397462857957,6.363709475783989,32.931193931486824,24.727418951567977
