d_t,d_h,thres,nDT,timeHin,bias,LL,BIC,AIC
-0.07649419179921914,-1.9712402018258282,2.332903719945999,0.9312742518881678,0.7699849010346282,0.8188328811607327,13.434355809082163,47.472634845075206,38.868711618164326
