d_t,d_h,thres,nDT,timeHin,bias,LL,BIC,AIC
1.1967758189581517,-0.21356876346026027,2.0187280626967548,0.11941121920290453,0.5038760740922974,0.81782112943306,-0,21.332088368936482,12
