d_t,d_h,thres,nDT,timeHin,bias,LL,BIC,AIC
1.9711962698741807,1.9769470977861652,0.684216703057812,0.8242275308702978,0.005614736346133373,0.9999820647560762,3.341052330969409,28.963537062164665,18.68210466193882
