d_t,d_h,thres,nDT,timeHin,bias,LL,BIC,AIC
0.3645393066108227,0.22200741644229974,1.49808961399861,0.5981703213852723,-0.28818734035853566,-0.3062269699090817,-0,22.42601770970021,12
