d_t,d_h,thres,nDT,timeHin,bias,LL,BIC,AIC
0.6609210719985226,-0.19957318807949942,2.125358008913272,0.4065261836023141,0.1391797675634488,0.253234119291293,-0,18.546254720149896,12
