d_t,d_h,thres,nDT,timeHin,bias,LL,BIC,AIC
1.7689252183118591,0.513933829252248,1.9011475229635835,0.4401326873226592,0.7268817327330738,-0.14546466550420362,-0,23.707462311488566,12
