d_t,d_h,thres,nDT,timeHin,bias,LL,BIC,AIC
-1.2036862317472696,1.1483254042021864,1.6701347194612026,0.31214020363534206,0.5055101717355592,-0.40512046941367885,-0,15.83434397769155,12
