d_t,d_h,thres,nDT,timeHin,bias,LL,BIC,AIC
1.7137744809517512,-1.3908122507855296,2.040989002335029,0.04480634386259169,0.5805193519246195,0.46323665457585367,-0,14.909439898728003,12
