d_t,d_h,thres,nDT,timeHin,bias,LL,BIC,AIC
1.990149200662342,1.8966841559736989,2.7208728254467403,0.8140683567780665,-0.007997611854855494,0.9998100299280451,3.3414656570272854,29.108949023754782,18.68293131405457
