d_t,d_h,thres,nDT,timeHin,bias,LL,BIC,AIC
0.5544926170259714,-1.3792008927803256,2.411635453440249,0.3976224968641847,0.7793712991011962,-0.7244654889218509,-0,19.068322982087675,12
