d_t,d_h,thres,nDT,timeHin,bias,LL,BIC,AIC
-0.42780374083667994,0.16471055985354954,2.5275827740059977,0.4448360956599707,-0.5746309687021067,0.6147998065835167,-0,21.332088368936482,12
