d_t,d_h,thres,nDT,timeHin,bias,LL,BIC,AIC
0.6811633808538318,-1.8896062808551557,1.670051994975356,0.12203493366802223,-0.6294744718780464,-0.12711541419127426,-0,15.389696144769221,12
