d_t,d_h,thres,nDT,timeHin,bias,LL,BIC,AIC
-0.09392997622489929,-0.21641384971183614,1.1538394482108538,0.2879671696620062,0.3903305409703455,0.9341143110696222,-0,18.812965295574898,12
