d_t,d_h,thres,nDT,timeHin,bias,LL,BIC,AIC
1.7691635169292534,1.9473352239705886,2.9476279497927083,0.9982709069577025,0.17187781680835088,-0.29489351252130414,3.4408808815089653,29.307779472718142,18.88176176301793
