d_t,d_h,thres,nDT,timeHin,bias,LL,BIC,AIC
0.09261505520779373,-0.33164905851084436,1.6942430572268328,0.5860963350354027,0.23088965997319655,-0.0501439953575638,-0,16.635532333438686,12
