d_t,d_h,thres,nDT,timeHin,bias,LL,BIC,AIC
-0.08801281172782183,1.4255549813969073,2.0869176488526278,0.12745015914475943,0.8351469314567798,-0.6822265710681676,-0,21.981369876777876,12
