d_t,d_h,thres,nDT,timeHin,bias,LL,BIC,AIC
-0.5453806098227082,0.04759823610464193,2.418310635725347,0.9950029383834158,-0.9964293562807143,-0.1524900797306959,5.913539608817726,33.80844909441333,23.82707921763545
