d_t,d_h,thres,nDT,timeHin,bias,LL,BIC,AIC
0.9224979959071138,1.9729935032177284,2.639329864932769,0.9999428037284643,0.24906296691244156,-0.19662247895859952,3.5806098255368495,29.442652051299547,19.1612196510737
