d_t,d_h,thres,nDT,timeHin,bias,LL,BIC,AIC
0.17373616850331774,-0.7786350790411234,2.4617301249236156,0.34323309877421704,-0.00943290836369548,-0.45919447221527543,-0,16.9992800643373,12
