d_t,d_h,thres,nDT,timeHin,bias,LL,BIC,AIC
1.683610994979746,1.3115828267234328,2.19332978279843,0.42183380010278515,-0.04824495791847622,-0.5426785061135888,-0,15.83434397769155,12
