d_t,d_h,thres,nDT,timeHin,bias,LL,BIC,AIC
1.9116547295143425,0.21715613148574253,2.1479187157869783,0.9978410770131093,-0.375481931542386,-0.004485717102570258,3.937126610514159,29.539760696893666,19.87425322102832
