d_t,d_h,thres,nDT,timeHin,bias,LL,BIC,AIC
0.3434297936037183,-0.05377957744462192,1.4829969475504856,0.3413962558384672,-0.9311684380006867,0.13610441347418892,-0,16.24830120661326,12
