d_t,d_h,thres,nDT,timeHin,bias,LL,BIC,AIC
-0.3644978360840947,0.9101684853299958,2.213964176990166,0.6654055845754681,0.45615229064169527,0.8823970618035974,-0,20.203774979918844,12
