d_t,d_h,thres,nDT,timeHin,bias,LL,BIC,AIC
-1.2370642633278581,0.20481797514211553,2.676039006263178,0.9852423021688205,-0.21008231875088684,-0.06948331311836622,11.32223312359138,44.46998320554107,34.64446624718276
