d_t,d_h,thres,nDT,timeHin,bias,LL,BIC,AIC
0.005774824936366718,-0.6336908763028631,0.9968915225537911,0.45965083184458577,-0.7197130815423598,-0.7233834782972355,-0,18.546254720149896,12
