d_t,d_h,thres,nDT,timeHin,bias,LL,BIC,AIC
-0.32588843809508694,-0.38763041049579017,1.368177976488437,0.8935294636991069,-0.03261177986860275,-0.7630411819554865,-0,22.13327672468362,12
