d_t,d_h,thres,nDT,timeHin,bias,LL,BIC,AIC
1.6215789802372456,0.8593243199171214,1.7814692964533345,0.698336457337223,-0.7173216044902802,0.06978582106456377,-0,18.812965295574898,12
