d_t,d_h,thres,nDT,timeHin,bias,LL,BIC,AIC
0.2898974951616756,1.7768864361569285,2.298064018055771,0.029010661820902645,0.1933721916001629,-0.976162625476718,-0,22.281432400225846,12
