d_t,d_h,thres,nDT,timeHin,bias,LL,BIC,AIC
0.1581689827144146,1.4590691145641723,1.1236362931534982,0.22530636010134064,0.8836008545784639,-0.42633371352916194,-0,22.567200694161375,12
