d_t,d_h,thres,nDT,timeHin,bias,LL,BIC,AIC
0.16539075937816747,0.7533388629767346,2.334653913179852,0.1150068317609839,-0.35815473506227136,0.1662009301438192,-0,21.981369876777876,12
