d_t,d_h,thres,nDT,timeHin,bias,LL,BIC,AIC
-1.2059349453307413,0.25144580527774885,2.3880366947117695,0.787779678035929,-0.6919949925817568,0.6254835538139983,-0,20.407184289972932,12
