d_t,d_h,thres,nDT,timeHin,bias,LL,BIC,AIC
-1.408907745188856,0.5962825947886075,2.661426735723371,0.6149860314424134,-0.10736938652765568,-0.6189126076565101,-0,23.350921788663758,12
