d_t,d_h,thres,nDT,timeHin,bias,LL,BIC,AIC
0.5276710314037163,1.4991821004077792,2.473118040878297,0.4682857419606427,0.18091718088016517,0.39805334573611617,-0,21.332088368936482,12
