d_t,d_h,thres,nDT,timeHin,bias,LL,BIC,AIC
1.4837206482098517,1.8988631134432663,2.693491027926766,0.9994564962937532,-0.07292036573817712,-0.24334890160050104,3.4157597749381026,28.332633180612866,18.831519549876205
