d_t,d_h,thres,nDT,timeHin,bias,LL,BIC,AIC
1.9898879239353404,1.92801132568196,1.8142979282281297,0.9086994628291372,-0.0016558824622508236,0.9998587650632608,6.7005920833916015,33.17620536280918,25.401184166783203
