d_t,d_h,thres,nDT,timeHin,bias,LL,BIC,AIC
-0.9247354545508728,-1.4431149580610039,2.6320585296159167,0.013487632687313178,0.6445406706107678,0.4004006953909993,-0,19.993227061051222,12
