d_t,d_h,thres,nDT,timeHin,bias,LL,BIC,AIC
-1.2253615412584826,-1.0063514074846593,2.2516880608647294,0.2319102164967481,0.7288306983173193,-0.4972197767004166,-0,22.13327672468362,12
