d_t,d_h,thres,nDT,timeHin,bias,LL,BIC,AIC
-1.8541364194825292,-0.5590356943965601,2.4201421079038,0.8646955689900807,0.4981570955593453,-0.8262302502326857,-0,22.705137803509565,12
