d_t,d_h,thres,nDT,timeHin,bias,LL,BIC,AIC
-1.828505461042687,-0.027203975417006365,2.4732612596824763,0.6668725881366847,-0.14234780456842688,0.813258548732847,-0,21.50111363073666,12
