d_t,d_h,thres,nDT,timeHin,bias,LL,BIC,AIC
1.3831489147867517,1.1982962798824865,1.789620668017256,0.3307040943688698,-0.3240347768481071,-0.24162851037107497,-0,19.993227061051222,12
