d_t,d_h,thres,nDT,timeHin,bias,LL,BIC,AIC
-0.6666593728587031,-0.7899053003638983,1.1769075376912952,0.5770165799076439,-0.13131647127474938,0.649182005937036,-0,20.203774979918844,12
