d_t,d_h,thres,nDT,timeHin,bias,LL,BIC,AIC
-0.9376271223044244,-0.8537789826353148,1.4969000834031418,0.513795497470077,-0.5566739696078002,0.722995214164257,-0,16.635532333438686,12
