d_t,d_h,thres,nDT,timeHin,bias,LL,BIC,AIC
-0.450623729010432,-0.4725073412400816,2.839036005363722,0.9189471075416978,0.5328821975991195,-0.6152475884536138,-0,19.313254949209202,12
