d_t,d_h,thres,nDT,timeHin,bias,LL,BIC,AIC
1.9919132685654006,0.500292860817289,1.8668924213746332,0.9998730809384555,-0.2506586976583155,-0.2420522669454538,3.560965947713239,26.43518684463568,19.121931895426478
