d_t,d_h,thres,nDT,timeHin,bias,LL,BIC,AIC
-0.1954647057692429,-1.6351194476662276,1.0332580101160365,0.6503907989267164,0.23674039110355588,-0.28332160599529743,-0,16.24830120661326,12
