d_t,d_h,thres,nDT,timeHin,bias,LL,BIC,AIC
1.937838088645389,1.9614700461815648,2.300990117512698,0.8457330783123318,-0.0029766235310360687,0.9985076696631374,3.3410066756883445,27.28593657828757,18.68201335137669
