d_t,d_h,thres,nDT,timeHin,bias,LL,BIC,AIC
-1.960868332275067,-1.9704350035113178,1.2089125166838433,0.962605526899003,-0.0033369670358472034,-0.9989531478795612,3.3410356047272485,27.08925549942743,18.6820712094545
