d_t,d_h,thres,nDT,timeHin,bias,LL,BIC,AIC
-1.9171740571036935,-1.828473662957549,1.2209122605621816,0.4193643343598053,-0.16466068383306265,-0.5788409585977207,-0,20.407184289972932,12
