d_t,d_h,thres,nDT,timeHin,bias,LL,BIC,AIC
1.1125193660716002,1.6841445278069485,2.5293223137764356,0.48122005145190694,-0.006356332952324101,-0.4440069296397269,-0,20.79441541679836,12
