d_t,d_h,thres,nDT,timeHin,bias,LL,BIC,AIC
1.9483044939115644,-0.10823827013142978,1.429980974458158,0.04805947500746699,-0.6853021757796907,0.524000346342524,-0,19.993227061051222,12
