d_t,d_h,thres,nDT,timeHin,bias,LL,BIC,AIC
0.47130920075582794,1.1731305057182908,2.561526689404057,0.4412680503109161,-0.2958885398693383,0.31684891134500504,-0,18.26713462634054,12
