d_t,d_h,thres,nDT,timeHin,bias,LL,BIC,AIC
-1.1902091120251486,1.862151046130666,1.9082636984434775,0.2724018199564592,-0.1669468852559105,0.6652467260713908,-0,22.839974938621918,12
