d_t,d_h,thres,nDT,timeHin,bias,LL,BIC,AIC
0.9412649731213659,0.04486481286585331,1.0945643509151644,0.29220269943587485,0.40727918219961035,0.8377898224381722,-0,20.203774979918844,12
