d_t,d_h,thres,nDT,timeHin,bias,LL,BIC,AIC
-1.2001082673668861,-0.46175645757466555,1.1991333900011456,0.8263084168939274,-0.9668129405599045,0.8747609203737863,-0,21.50111363073666,12
