d_t,d_h,thres,nDT,timeHin,bias,LL,BIC,AIC
1.0856329882517457,0.16046095886803213,1.8554255451779171,0.43442423873334923,0.6946889374828067,-0.3617979856207967,-0,21.665507475865347,12
