d_t,d_h,thres,nDT,timeHin,bias,LL,BIC,AIC
-0.37608953373321286,-0.8567657396197319,1.371750663338351,0.07296642280416563,-0.6591490171724882,0.4354123235961228,-0,20.407184289972932,12
