d_t,d_h,thres,nDT,timeHin,bias,LL,BIC,AIC
1.9494900319196127,0.08723371199178173,1.967583963682912,0.9979731597308021,-0.4881733772170905,-0.07484447552248402,4.098998528378255,27.266320038844185,20.19799705675651
