d_t,d_h,thres,nDT,timeHin,bias,LL,BIC,AIC
-0.6723017276219695,-0.5056445986593343,0.7435150494799019,0.36912985670852905,0.2985655080956001,-0.6410663006827235,-0,19.993227061051222,12
