d_t,d_h,thres,nDT,timeHin,bias,LL,BIC,AIC
-1.0861085861302304,1.3111217295185207,2.1864214842939598,0.7320477178913029,-0.40983492229133844,0.5798043030395575,-0,20.79441541679836,12
