d_t,d_h,thres,nDT,timeHin,bias,LL,BIC,AIC
-1.8783086687326431,0.15248935302878686,2.2682443027993084,0.9412862649355334,0.03833713261922139,-0.16479804274729612,-0,21.332088368936482,12
