d_t,d_h,thres,nDT,timeHin,bias,LL,BIC,AIC
-0.08282814738035202,-1.7846071469045146,1.8552573173344569,0.9921441133359181,0.5067401551505281,0.11335390072938993,4.095607438681417,29.523303246299314,20.19121487736283
