d_t,d_h,thres,nDT,timeHin,bias,LL,BIC,AIC
1.3571952283382416,0.6321653695777059,0.911566018344955,0.018703236640436827,0.5270696101555243,0.4986976700532283,-0,19.775021196025975,12
