d_t,d_h,thres,nDT,timeHin,bias,LL,BIC,AIC
-0.08789371636094334,-1.8949727260235156,0.8009038981338161,0.999713721968858,0.6386360758417189,0.1269649821060694,4.379994650144574,26.73438294161309,20.75998930028915
