d_t,d_h,thres,nDT,timeHin,bias,LL,BIC,AIC
-0.6028982723123913,-1.9926995299756527,1.646628519581708,0.39019696685599026,-0.34864126594162165,0.9319461262784898,-0,20.407184289972932,12
