d_t,d_h,thres,nDT,timeHin,bias,LL,BIC,AIC
0.8505525662713401,-0.10387596640314162,1.3147511875256894,0.2553331202034064,0.12481258579419308,0.006086198495732886,-0,22.42601770970021,12
