d_t,d_h,thres,nDT,timeHin,bias,LL,BIC,AIC
-1.0097154788672924,1.495532094085663,1.6163384021950074,0.35595535395666955,-0.7514295866018585,-0.06540761142969131,-0,21.50111363073666,12
