d_t,d_h,thres,nDT,timeHin,bias,LL,BIC,AIC
1.6478554755053425,0.15124460333769746,0.7147600144224953,0.9952961461878648,-0.48990439322986323,-0.26423843327621344,3.9858144954622534,30.538829685085883,19.971628990924508
