d_t,d_h,thres,nDT,timeHin,bias,LL,BIC,AIC
-1.9507389760216096,-1.9379830355535306,1.7505254696461754,0.9997945054128137,0.006151322027683316,-0.992514127968724,3.358923578336973,27.12503144664688,18.717847156673947
