d_t,d_h,thres,nDT,timeHin,bias,LL,BIC,AIC
-0.5971604379520407,0.027303382754325867,2.1562244960952976,0.24915594751790168,-0.13004396980692623,0.29954536818961,-0,17.66663387499864,12
