d_t,d_h,thres,nDT,timeHin,bias,LL,BIC,AIC
-1.3044815708125566,-0.6748575008935298,1.8921144738740732,0.46057528637005984,-0.4146228852127608,-0.7415925910895929,-0,14.909439898728003,12
