d_t,d_h,thres,nDT,timeHin,bias,LL,BIC,AIC
1.9042113315305376,-1.2219705728188792,1.6056834003502172,0.2816336990416435,0.05475011793896556,-0.5314772375039555,-0,22.839974938621918,12
