d_t,d_h,thres,nDT,timeHin,bias,LL,BIC,AIC
1.9160803221166134,-0.30472098197788,1.3241914529903056,0.4601755690768694,0.6499415843474953,-0.12670742228458415,-0,22.567200694161375,12
