d_t,d_h,thres,nDT,timeHin,bias,LL,BIC,AIC
1.1207741937062448,-0.8163645585363095,0.722275631836147,0.635495605931105,0.09481070992659375,0.850012991533224,-0,22.705137803509565,12
