d_t,d_h,thres,nDT,timeHin,bias,LL,BIC,AIC
-1.5014041410114474,1.334266721389745,2.3499165103652793,0.6307884133048356,0.3591624333059188,-0.8088502022437751,-0,22.839974938621918,12
