d_t,d_h,thres,nDT,timeHin,bias,LL,BIC,AIC
0.21253420505672693,1.326046844873055,1.62149288228506,0.20677158523118122,-0.11936818572647523,0.7632165488877901,-0,22.839974938621918,12
