d_t,d_h,thres,nDT,timeHin,bias,LL,BIC,AIC
-1.1460413600591335,0.38374748804057357,1.4896480159834027,0.07714386219318331,-0.3128513894507871,0.5942448134994341,-0,17.974393641323946,12
