d_t,d_h,thres,nDT,timeHin,bias,LL,BIC,AIC
-1.2513045220513728,0.37938777228428733,1.2330239393470588,0.4324253502720967,0.1446169145992131,0.7221881119628533,-0,17.66663387499864,12
