d_t,d_h,thres,nDT,timeHin,bias,LL,BIC,AIC
-1.2278266036882997,-0.23281923673646476,2.4476152433082463,0.2866658351153092,0.8690516541068971,-0.3745006102866086,-0,22.839974938621918,12
