d_t,d_h,thres,nDT,timeHin,bias,LL,BIC,AIC
1.919568734343831,1.9817756275501603,2.8282761940885237,0.9994712851136405,0.047470444886457686,-0.33687814966935264,3.3522847439136925,26.017824437036587,18.704569487827385
