d_t,d_h,thres,nDT,timeHin,bias,LL,BIC,AIC
0.7440706100314856,-1.686630585104486,1.859190088324249,0.6428309708018787,0.23596520516973316,-0.54531872540972,-0,15.83434397769155,12
