d_t,d_h,thres,nDT,timeHin,bias,LL,BIC,AIC
-1.301714894361794,-0.9490855600368492,0.621845141447386,0.4256206735392213,0.00822206180794871,-0.4719883971399915,-0,19.313254949209202,12
