d_t,d_h,thres,nDT,timeHin,bias,LL,BIC,AIC
0.756455364792131,-1.3490805889441133,1.773136031627655,0.5791880215454029,-0.7007847341171514,-0.20436806275302516,-0,19.548579228128894,12
