d_t,d_h,thres,nDT,timeHin,bias,LL,BIC,AIC
-1.9643497401848435,0.3353121391148217,1.9693389465842104,0.5082685563340783,0.2914468116629556,-0.5535194822587073,-0,16.24830120661326,12
