d_t,d_h,thres,nDT,timeHin,bias,LL,BIC,AIC
1.807738584435703,0.9815608135694178,2.4922619636409764,0.6673078766953087,-0.44446588609727394,0.8802205959929332,-0,21.332088368936482,12
