d_t,d_h,thres,nDT,timeHin,bias,LL,BIC,AIC
1.5852278443053365,0.9504413948956043,1.2621211643038117,0.4704872641884513,0.32832867797779614,0.535605147946626,-0,21.50111363073666,12
