d_t,d_h,thres,nDT,timeHin,bias,LL,BIC,AIC
0.9898020997643471,-0.13956054305684562,2.6977990939383174,0.8905250269962235,0.3363822296815919,0.2840671818703413,-0,19.775021196025975,12
