d_t,d_h,thres,nDT,timeHin,bias,LL,BIC,AIC
0.34402426870284475,-0.6989584766104817,2.1428139038932597,0.8612498951666464,-0.32430737032366985,0.1140982386307231,8.65080747695836,36.85019418204561,29.30161495391672
