d_t,d_h,thres,nDT,timeHin,bias,LL,BIC,AIC
1.337165049941526,0.5028309211466777,0.8967779645830622,0.18533453662179655,0.15972445643926703,0.9957718822579168,-0,22.97184837893457,12
