d_t,d_h,thres,nDT,timeHin,bias,LL,BIC,AIC
-0.03310560401421582,0.5114594226328554,1.2992719261998473,0.4350096310148409,-0.2469657906331122,-0.1416957201436162,-0,21.981369876777876,12
