d_t,d_h,thres,nDT,timeHin,bias,LL,BIC,AIC
-1.9320181110396255,-0.13884067276376832,1.4971122405911004,0.999123947333927,-0.9965908381180046,0.09266760404444252,5.5121708143549855,33.15761835339359,23.02434162870997
