d_t,d_h,thres,nDT,timeHin,bias,LL,BIC,AIC
1.6939309323206544,0.2777565958464644,0.7535614287222335,0.8013799517555162,0.17419237299134127,0.43676546538813166,-0,23.227206065447348,12
