d_t,d_h,thres,nDT,timeHin,bias,LL,BIC,AIC
1.8990179171746915,0.3242593412618916,1.542497167864642,0.9929197945515625,-0.9965336882556586,-0.20543644996359944,-0,18.26713462634054,12
