d_t,d_h,thres,nDT,timeHin,bias,LL,BIC,AIC
-1.7146224287044647,1.3758894718604395,2.74016735011558,0.9980688211175941,-0.22160589598311747,-0.2835822043507153,8.015733620250929,36.82588265730021,28.031467240501858
