d_t,d_h,thres,nDT,timeHin,bias,LL,BIC,AIC
-0.747159046851285,0.08011384611511962,1.0465713603245557,0.9970528138356007,-0.9940533223561943,-0.12679340327768363,5.99664070024921,30.539536120648314,23.993281400498418
