d_t,d_h,thres,nDT,timeHin,bias,LL,BIC,AIC
-1.6410049779340625,0.4355235332623124,2.552169732608168,0.198833116198083,0.3657520543783903,-0.2979957479983568,-0,19.993227061051222,12
