d_t,d_h,thres,nDT,timeHin,bias,LL,BIC,AIC
-0.5825880244546184,0.0366659046346458,2.847158183902502,0.9977145869694071,-0.9843355894730602,-0.01806523691076166,5.986081586465579,30.239297799271696,23.972163172931158
