d_t,d_h,thres,nDT,timeHin,bias,LL,BIC,AIC
-1.0489690641072738,-1.5765625427764285,2.5671438058658804,0.5725688049607313,-0.0233921492472291,-0.5674582293050565,-0,18.26713462634054,12
