d_t,d_h,thres,nDT,timeHin,bias,LL,BIC,AIC
-1.9815624307706543,-1.9722339470421644,2.3575698893929555,0.7818956511768426,-0.007309237365465926,-0.9964250291486066,3.3420249432127145,20.499560444389704,18.684049886425427
