d_t,d_h,thres,nDT,timeHin,bias,LL,BIC,AIC
-1.9961068234712593,-1.978973643735799,1.066026021018811,0.9996046774608327,7.824115064294105e-4,-0.9872761986794194,3.342270111866435,20.500050781697144,18.68454022373287
