d_t,d_h,thres,nDT,timeHin,bias,LL,BIC,AIC
0.43556373267019666,0.8695749017097694,1.184425585570815,0.31795879247965814,0.9388145208358765,0.8144209620965756,-0,22.13327672468362,12
