d_t,d_h,thres,nDT,timeHin,bias,LL,BIC,AIC
1.105073263688257,1.8862955578481007,1.7616696862179975,0.9999903097604452,0.14573776039545774,-0.42712282821658537,3.3942423548442715,26.992259689607387,18.788484709688543
