d_t,d_h,thres,nDT,timeHin,bias,LL,BIC,AIC
-0.27300187044701185,0.09967612656139391,2.8147910879074654,0.2877960340637391,0.4005341146835541,-0.3816419449918777,-0,15.389696144769221,12
