d_t,d_h,thres,nDT,timeHin,bias,LL,BIC,AIC
0.40886092100654226,1.493681963920902,1.3023014143219531,0.9993925434555118,0.40849169552399495,-0.19515871237233415,8.129464667720502,38.39220606012462,28.258929335441003
