d_t,d_h,thres,nDT,timeHin,bias,LL,BIC,AIC
-1.5624429412082517,0.4385891156937818,2.4866495543324163,0.9909481136495196,-0.15286874813555792,-0.3113349375554645,14.654492051893733,51.29035398056534,41.308984103787466
