d_t,d_h,thres,nDT,timeHin,bias,LL,BIC,AIC
-0.03529868172261552,1.903088099323213,2.1657191250067487,0.9836373990124505,0.5997209605558464,0.6987479416552577,9.054509970938767,38.712943168788414,30.109019941877534
