d_t,d_h,thres,nDT,timeHin,bias,LL,BIC,AIC
-0.05108537706471816,-1.1044522175938274,0.6189779743791999,0.4787628946014057,0.560512313619256,0.18493436940851787,-0,22.705137803509565,12
