d_t,d_h,thres,nDT,timeHin,bias,LL,BIC,AIC
-1.9526458280043995,-1.9853384150944575,1.5331231388571374,0.9002076884944277,0.0073833317094316245,-0.9933663260712032,3.3420511640939994,22.51844630587955,18.684102328187997
