d_t,d_h,thres,nDT,timeHin,bias,LL,BIC,AIC
-1.0530337803065777,-0.7599525830269913,0.7859436654547165,0.7978756420171531,0.3379664340000445,0.11300340174913048,-0,18.546254720149896,12
