d_t,d_h,thres,nDT,timeHin,bias,LL,BIC,AIC
0.852957371622324,-1.8556648967787623,1.7391282906755805,0.37304163545964975,0.34828657377511263,0.38633846361335034,-0,19.548579228128894,12
