d_t,d_h,thres,nDT,timeHin,bias,LL,BIC,AIC
-0.5642844875703605,-0.18041024892763335,1.0074131854197763,0.17968326155945624,0.25594828555438787,0.8987653498984803,-0,18.546254720149896,12
