d_t,d_h,thres,nDT,timeHin,bias,LL,BIC,AIC
-1.0599410077322569,0.34515261212799825,1.24728018399328,0.9978695717752943,-0.9040536579941054,-0.023494242358209516,16.846992490181385,53.469006176388746,45.69398498036277
