d_t,d_h,thres,nDT,timeHin,bias,LL,BIC,AIC
-1.2026427388191223,-0.10066960681629342,0.9113205819509074,0.21888411268035873,0.47000868095579534,0.3647941212715868,-0,19.775021196025975,12
