d_t,d_h,thres,nDT,timeHin,bias,LL,BIC,AIC
1.2674762969836593,0.24391928173205965,1.038555489961369,0.5027517044884514,-0.2258260013502585,-0.58363862385496,-0,19.548579228128894,12
