d_t,d_h,thres,nDT,timeHin,bias,LL,BIC,AIC
-1.7325682827891573,-1.980467591682235,0.9955626698210835,0.999301666337148,0.0901609032044657,0.45715143787639023,3.35989795961473,27.87795906692643,18.719795919229462
