d_t,d_h,thres,nDT,timeHin,bias,LL,BIC,AIC
-0.5596017179419959,1.5884052505716681,1.022561318613589,0.8588031629574,0.6506023185428801,-0.46219814936389414,-0,19.548579228128894,12
