d_t,d_h,thres,nDT,timeHin,bias,LL,BIC,AIC
1.9478183871832842,-1.870731780652499,1.4603913634824486,0.9987440386337766,-0.16553489476682992,0.33850334817972527,7.164930759657789,35.488024667012546,26.32986151931558
