d_t,d_h,thres,nDT,timeHin,bias,LL,BIC,AIC
-1.9960837407462804,1.782193624685204,1.4745926882611156,0.9374821834761172,-0.019591816899118607,0.28707476625702205,7.00250396945986,35.83052489727803,26.005007938919718
