d_t,d_h,thres,nDT,timeHin,bias,LL,BIC,AIC
-0.4144908330138022,-1.974009312009305,2.4816753089572425,0.9981635822267766,0.2382794420221707,0.16495543070241767,3.5328712822171577,29.491760274134528,19.065742564434316
