d_t,d_h,thres,nDT,timeHin,bias,LL,BIC,AIC
0.3440887482734504,-0.014930117857067205,1.385275259000004,0.999148021425027,-0.9840468158990411,-0.34337888410252343,11.462077930967462,42.91738292298615,34.92415586193492
