d_t,d_h,thres,nDT,timeHin,bias,LL,BIC,AIC
0.6996105454075598,1.9410479962164113,0.6684221739416774,0.99958772148832,0.2235899495482767,-0.2925328926046974,7.046627315519334,27.908765189002942,26.09325463103867
