d_t,d_h,thres,nDT,timeHin,bias,LL,BIC,AIC
-1.8271230428453709,-0.007463241251552066,2.1674358579322353,0.9978031357976906,-0.8750721428941074,0.0660495866203607,5.017299823853533,31.192762795404036,22.03459964770707
