d_t,d_h,thres,nDT,timeHin,bias,LL,BIC,AIC
-0.45939526435038874,0.9537703091573668,2.2743642700389257,0.5733455369699513,-0.07643880699814251,0.6222198525360406,-0,16.635532333438686,12
