d_t,d_h,thres,nDT,timeHin,bias,LL,BIC,AIC
-0.014635626923771017,1.3555124510676817,0.8225294776260852,0.2563532227140966,0.08178117778152227,0.34863710328449776,-0,20.79441541679836,12
