d_t,d_h,thres,nDT,timeHin,bias,LL,BIC,AIC
-0.07106435114024734,1.674132720567286,2.0535303184895968,0.9884181246242529,0.49576577472979577,0.693587248022139,8.811939388490748,31.439389334945773,29.623878776981496
