d_t,d_h,thres,nDT,timeHin,bias,LL,BIC,AIC
1.812579975945915,1.9948464464605251,2.470736296078423,0.9990439883886311,0.12170531953815746,-0.5577672137748529,3.3673623759355595,26.047979701080322,18.73472475187112
