d_t,d_h,thres,nDT,timeHin,bias,LL,BIC,AIC
-0.8406745146024348,-0.1428062630202716,1.491628226476718,0.9939698804914143,-0.9942036023104573,0.14050437486560052,11.195914643417137,42.595604266753114,34.39182928683427
