d_t,d_h,thres,nDT,timeHin,bias,LL,BIC,AIC
1.8590086884689299,1.9208106363435016,2.595048513558438,0.999285102563613,0.1039284470362164,-0.47448295801668033,3.3581343910516983,26.0295237313126,18.7162687821034
