d_t,d_h,thres,nDT,timeHin,bias,LL,BIC,AIC
-1.1894330872087564,1.8944436134770513,2.8972715833893092,0.6768217020119935,0.017871939577162266,0.29863872937858105,-0,20.407184289972932,12
