d_t,d_h,thres,nDT,timeHin,bias,LL,BIC,AIC
-0.1943112799301741,0.09047230398603667,2.6021398890763523,0.9653805674589239,-0.7082528203885438,0.07039277749265427,7.618078814567566,36.3943207768321,27.236157629135132
