d_t,d_h,thres,nDT,timeHin,bias,LL,BIC,AIC
-0.7753898305818439,-0.5001314662771903,1.9310134470462799,0.03483527770498768,-0.7665656413882971,0.6318568346464961,-0,22.281432400225846,12
