d_t,d_h,thres,nDT,timeHin,bias,LL,BIC,AIC
1.8714384994164213,1.9367041489209944,1.3125487748533489,0.9993058146305583,0.09119115436461767,-0.4926515797544806,3.361129732657231,29.289460159475837,18.722259465314462
