d_t,d_h,thres,nDT,timeHin,bias,LL,BIC,AIC
0.6091873795859308,0.29098251885738,2.406208065925898,0.1420855967170309,0.09655794513828897,-0.9558396662880727,-0,21.158163147696968,12
