d_t,d_h,thres,nDT,timeHin,bias,LL,BIC,AIC
1.8337267977113627,-1.978128311410635,0.9119216959923508,0.5963762581961258,-0.0035087408651184957,0.7685123811091837,6.917827623354765,35.501162722574875,25.83565524670953
