d_t,d_h,thres,nDT,timeHin,bias,LL,BIC,AIC
1.9376494324740867,0.5693036096950369,1.8917998882289118,0.9986926713872124,-0.6021545306058131,-0.16857291258406076,4.453228389561848,31.332474488823905,20.906456779123694
