d_t,d_h,thres,nDT,timeHin,bias,LL,BIC,AIC
1.9604091977971096,1.596632520756252,1.5197547395578637,0.9992142127401787,-0.23505106415541924,-0.16459630137899495,3.5350708897038032,29.496159489107818,19.070141779407606
