d_t,d_h,thres,nDT,timeHin,bias,LL,BIC,AIC
1.9243553234026722,0.28949651445394103,1.1074414098852379,0.9980883533385344,-0.28053999331565543,-0.18065016425889455,3.6491214079936625,28.277288184786208,19.298242815987326
