d_t,d_h,thres,nDT,timeHin,bias,LL,BIC,AIC
0.7905147241785555,-0.2011875529023955,1.953689840542682,0.6102066853549332,-0.28035267163068056,-0.10205183881188218,-0,22.839974938621918,12
