d_t,d_h,thres,nDT,timeHin,bias,LL,BIC,AIC
0.17588730175048117,-1.8308819880643894,2.014645148553448,0.8740953242132316,-0.45377959192918355,0.6955927335274701,-0,21.332088368936482,12
