d_t,d_h,thres,nDT,timeHin,bias,LL,BIC,AIC
1.9387625089585812,1.999381210582434,2.9654434053129197,0.9412203497555821,-5.884882724110526e-4,0.9965742360552575,3.340668235869513,27.285259698649906,18.681336471739026
