d_t,d_h,thres,nDT,timeHin,bias,LL,BIC,AIC
-0.4703626186564187,-1.0595421791618105,2.653393092638222,0.8261710313288495,-0.5434754104662918,-0.5453720504770927,-0,17.66663387499864,12
