d_t,d_h,thres,nDT,timeHin,bias,LL,BIC,AIC
1.4848378862896823,0.6316759298320251,1.2027762893148966,0.4541902543239893,-0.5768987652041808,-0.6466469008973448,-0,20.60392322691088,12
