d_t,d_h,thres,nDT,timeHin,bias,LL,BIC,AIC
1.1113945171236992,-0.0021811718996382623,2.025202361479893,0.5961312732887168,0.1566514526979937,-0.631039506290108,-0,23.10088561026035,12
