d_t,d_h,thres,nDT,timeHin,bias,LL,BIC,AIC
-0.5289408430942152,1.9514434169977903,2.283394340984523,0.679448785458433,-0.8498690477615384,-0.2837477158755064,-0,20.79441541679836,12
