d_t,d_h,thres,nDT,timeHin,bias,LL,BIC,AIC
-1.9905186984826602,-1.940459058170144,1.2144984986597769,0.9999103718905572,0.06481971648992908,0.4289913235487529,3.3535786454756904,27.31108051786226,18.70715729095138
