d_t,d_h,thres,nDT,timeHin,bias,LL,BIC,AIC
0.6350696173523827,-0.5611883206292987,2.6355149393013173,0.24399777219908542,0.6969576859846711,0.08467843072360964,-0,22.13327672468362,12
