d_t,d_h,thres,nDT,timeHin,bias,LL,BIC,AIC
-0.5482750454866645,-1.8078492519303544,1.9195870958288224,0.7054195813741535,0.637606534265293,-0.21128464793932755,-0,22.839974938621918,12
