d_t,d_h,thres,nDT,timeHin,bias,LL,BIC,AIC
1.3170655893183132,-0.3416949505984295,2.8616458361365735,0.2125532157288121,-0.10783528805853054,0.4759337408468127,-0,12.476649250079014,12
