d_t,d_h,thres,nDT,timeHin,bias,LL,BIC,AIC
0.14592087278135374,0.791810867548797,1.1626742234503666,0.14107947443692417,-0.1203340603013022,-0.48201290746919323,-0,21.332088368936482,12
