d_t,d_h,thres,nDT,timeHin,bias,LL,BIC,AIC
1.3671597326174378,-0.5521605706125693,1.5738423903575351,0.4976742004912529,0.21729226653621225,0.6488301867843752,-0,13.183347464017316,12
