d_t,d_h,thres,nDT,timeHin,bias,LL,BIC,AIC
-0.7171486932784319,-0.6451036926793094,0.7198721447959542,0.08402601919802616,-0.04507374277370957,-0.9151189983822405,-0,19.993227061051222,12
