d_t,d_h,thres,nDT,timeHin,bias,LL,BIC,AIC
-1.2763486287467645,1.0850915424525738,2.318139126089406,0.5058405698565706,0.35974742386031566,-0.0803094208240509,-0,18.812965295574898,12
