d_t,d_h,thres,nDT,timeHin,bias,LL,BIC,AIC
0.3824991136789322,1.0475694602234378,1.974691358146981,0.2770352939995003,-0.47500098247701117,-0.23485482772013547,-0,19.775021196025975,12
