d_t,d_h,thres,nDT,timeHin,bias,LL,BIC,AIC
0.6746258468597057,1.328780602392819,1.7427886313009324,0.20162745304638519,-0.9174568987328171,-0.9722977795291099,-0,21.332088368936482,12
