d_t,d_h,thres,nDT,timeHin,bias,LL,BIC,AIC
-0.3738440367130872,-1.1332296579818562,1.31983194552139,0.8222937059267905,-0.28601932901889604,0.6032874972465077,-0,19.775021196025975,12
