d_t,d_h,thres,nDT,timeHin,bias,LL,BIC,AIC
-1.3975658928975463,1.10333049017936,1.9813796075730525,0.2855724891894368,-0.5392523213758365,0.4198816836043155,-0,18.546254720149896,12
