d_t,d_h,thres,nDT,timeHin,bias,LL,BIC,AIC
0.9383832197636366,-1.406313649378717,1.5445702342316507,0.4401185831243095,0.9719221274972281,-0.8381128185929967,-0,22.13327672468362,12
