d_t,d_h,thres,nDT,timeHin,bias,LL,BIC,AIC
-0.6784880080200144,-0.8578566127441176,1.4019359344616533,0.9492901471233927,0.48723262405184825,-0.7127943318337202,-0,22.705137803509565,12
