d_t,d_h,thres,nDT,timeHin,bias,LL,BIC,AIC
-0.0627104671315865,-1.9558888410700395,1.8708504250734634,0.9990301325393467,0.5301861892541014,0.007992303472962314,4.192463560521733,30.95212781520484,20.384927121043468
