d_t,d_h,thres,nDT,timeHin,bias,LL,BIC,AIC
-1.4050733027979732,1.0705530244224966,1.638097158727116,0.26974684638104085,-0.03181940333284476,-0.3500062171369791,-0,19.068322982087675,12
