d_t,d_h,thres,nDT,timeHin,bias,LL,BIC,AIC
-0.3638100733030895,1.8738047172626886,0.6787688456475736,0.29485053093296204,-0.9838399250569787,-0.11807076223722096,-0,17.342230547376985,12
