d_t,d_h,thres,nDT,timeHin,bias,LL,BIC,AIC
1.7830380434170365,1.1448710317236976,1.3833003282646466,0.29971095050277435,0.6997700750802907,0.012786574224707636,-0,16.9992800643373,12
