d_t,d_h,thres,nDT,timeHin,bias,LL,BIC,AIC
-0.8450472006746109,0.26826088757771727,2.0244003635482137,0.21642779110102692,0.2914675898613781,-0.8786052903160453,-0,22.42601770970021,12
