d_t,d_h,thres,nDT,timeHin,bias,LL,BIC,AIC
-1.5990235034340765,-1.9822935909032822,1.4231274032135595,0.6091465177456848,0.38396232946301956,0.20819615620001697,-0,22.42601770970021,12
