d_t,d_h,thres,nDT,timeHin,bias,LL,BIC,AIC
1.8131646274260385,-0.6868316791895489,1.4818938447162509,0.9988578549260274,-0.20045459988282943,-0.433852453250438,-0,19.068322982087675,12
