d_t,d_h,thres,nDT,timeHin,bias,LL,BIC,AIC
-1.9376004686524144,0.5905690719920804,2.1586540233662106,0.9998947160741135,0.0023793786969143194,0.6022545174404723,7.117764940542204,33.54878483029361,26.23552988108441
