d_t,d_h,thres,nDT,timeHin,bias,LL,BIC,AIC
-1.9915534577491991,-0.24926835747309728,1.6112610464194226,0.9994937790318832,-0.5062456520869367,0.12864588644049074,4.148411936222497,19.972284766776873,20.296823872444996
