d_t,d_h,thres,nDT,timeHin,bias,LL,BIC,AIC
0.7566568855882285,0.7681624095439114,2.647177337296307,0.2860340298989601,0.22191103716979566,-0.2912203669757503,-0,17.342230547376985,12
