d_t,d_h,thres,nDT,timeHin,bias,LL,BIC,AIC
1.0638704108667083,-1.4202418575256772,1.941236312166401,0.7485526727092549,-0.43486828955656454,-0.17323938929235666,-0,14.387371636790224,12
