d_t,d_h,thres,nDT,timeHin,bias,LL,BIC,AIC
-1.3506322563237492,-0.3158966441883212,0.8191285939911641,0.25059206727866984,-0.2600158615011351,-0.8207959996697854,-0,16.9992800643373,12
