d_t,d_h,thres,nDT,timeHin,bias,LL,BIC,AIC
-1.8953199827231682,0.28867275501108586,1.7882098416136365,0.9925761056583358,0.9047525703272374,-0.2555317534133792,-0,14.909439898728003,12
