d_t,d_h,thres,nDT,timeHin,bias,LL,BIC,AIC
-1.9874470944244909,-1.9417937456933239,1.7443635706464788,0.9956231862175449,-0.0017854343229617691,0.2612061985007821,3.3443653330416994,29.915936731530746,18.688730666083398
