d_t,d_h,thres,nDT,timeHin,bias,LL,BIC,AIC
1.9828573500655753,1.997739163268823,1.5941660487082887,0.8349699041727707,0.001110872789871764,0.9995404804338355,3.3400457245781876,29.907297514603723,18.680091449156375
