d_t,d_h,thres,nDT,timeHin,bias,LL,BIC,AIC
1.8961087909404761,1.9775505853409623,1.655751365333582,0.8879972573294389,-0.002854391887218937,0.9991895896064387,3.341262372742954,29.783410355746256,18.682524745485907
