d_t,d_h,thres,nDT,timeHin,bias,LL,BIC,AIC
1.897914208638324,1.9707061339370795,2.0742246435955165,0.9412820098431862,8.409981847965963e-4,0.9976314124757255,3.3405689586894187,29.652986296313408,18.681137917378837
