d_t,d_h,thres,nDT,timeHin,bias,LL,BIC,AIC
-1.9460932877475265,-1.9577136356959726,2.523881095184536,0.7603370885551722,-0.006873013021945871,-0.9980201084983366,3.341412247300006,24.349458369598654,18.682824494600013
