d_t,d_h,thres,nDT,timeHin,bias,LL,BIC,AIC
-1.931144797243178,-0.07719037408373897,0.967709067646795,0.43344440686749297,0.46316781078122204,0.826711218804121,-0,20.979045368798882,12
