d_t,d_h,thres,nDT,timeHin,bias,LL,BIC,AIC
1.9539150513511137,-1.5080636540594836,1.6424544397741556,0.7063167895880589,-0.026710303862099136,0.7315579890317795,11.361530009667776,42.71628708038678,34.72306001933555
