d_t,d_h,thres,nDT,timeHin,bias,LL,BIC,AIC
1.9563290783062388,1.9326616783943473,1.4908840533345937,0.8033262186910042,-0.0056536778676338365,0.9991614080639698,6.878768389606419,31.42417065421148,25.75753677921284
