d_t,d_h,thres,nDT,timeHin,bias,LL,BIC,AIC
-0.2669473998676426,0.3985116625969949,1.1406241433932376,0.9924728648393749,0.013232164268475413,0.16895348778298583,22.891626917165823,65.55827503035762,57.783253834331646
