d_t,d_h,thres,nDT,timeHin,bias,LL,BIC,AIC
-0.049186923145114525,0.2776767520140482,1.2668386962604805,0.10410802470194,0.18334860738268277,-0.143338138058282,-0,15.389696144769221,12
