d_t,d_h,thres,nDT,timeHin,bias,LL,BIC,AIC
1.9051631139591336,0.28216861866554976,2.2406829035875,0.9966540098168816,-0.35999389963439354,-0.255394607554422,3.7776437221086354,28.34970286101563,19.55528744421727
