d_t,d_h,thres,nDT,timeHin,bias,LL,BIC,AIC
1.5609659245237708,-1.7263461938127875,1.673945927247405,0.7533981927415274,0.7461055033382624,0.9795612680797943,-0,12.476649250079014,12
