d_t,d_h,thres,nDT,timeHin,bias,LL,BIC,AIC
0.4553361476272221,-1.1058211488023488,1.1530716240406038,0.43839760331286193,0.42885789637393434,-0.017476134049933756,-0,15.389696144769221,12
