d_t,d_h,thres,nDT,timeHin,bias,LL,BIC,AIC
0.38038211817727907,0.08080941102606445,1.4809886266418082,0.8707144784637519,0.31922373946695065,-0.7422908051922164,-0,14.387371636790224,12
