d_t,d_h,thres,nDT,timeHin,bias,LL,BIC,AIC
-0.3986185258254409,1.8086152629211734,1.976810909448412,0.23847116740559143,-0.3698586635492305,0.5444095027633011,-0,21.825516958358314,12
