d_t,d_h,thres,nDT,timeHin,bias,LL,BIC,AIC
0.07518455693746096,-1.8431233121082187,1.3521626383066176,0.8919697374359405,-0.1508013131868835,-0.32198016764596105,-0,21.825516958358314,12
