d_t,d_h,thres,nDT,timeHin,bias,LL,BIC,AIC
1.8301109768554804,0.34009740984262476,1.7527445934964416,0.9980175727261341,-0.6261337926499198,-0.05914678079972661,4.2611782345598,31.873278257783358,20.5223564691196
