d_t,d_h,thres,nDT,timeHin,bias,LL,BIC,AIC
1.63751320540905,0.10985311679542065,2.0711472272599516,0.939594402841758,0.25655328016728163,0.7473893966644463,-0,15.389696144769221,12
