d_t,d_h,thres,nDT,timeHin,bias,LL,BIC,AIC
1.651722088780024,-1.8147191187714853,2.8673179638329254,0.7030001812591153,0.07772292355358035,-0.29903703551217914,11.31110649239407,45.189413678949514,34.622212984788135
