d_t,d_h,thres,nDT,timeHin,bias,LL,BIC,AIC
1.1726313088022557,1.9870138640944197,2.6977409731596707,0.9786416790727901,-0.04243637542770462,0.26101230066974634,-0,16.635532333438686,12
