d_t,d_h,thres,nDT,timeHin,bias,LL,BIC,AIC
-0.6750755403374771,-0.030620036646723747,1.569361113447965,0.17560965601226725,-0.07942940925012076,0.8035704119672882,-0,21.981369876777876,12
