d_t,d_h,thres,nDT,timeHin,bias,LL,BIC,AIC
-1.7954039171555043,1.9167332843945848,1.3904384901537896,0.8357574931474683,-0.5142051036505952,0.814033636997153,-0,16.635532333438686,12
