d_t,d_h,thres,nDT,timeHin,bias,LL,BIC,AIC
-1.974865413752107,1.616039408214336,1.754321893594485,0.9611171125697523,0.023792743436859845,0.8721503838143922,12.846598053283206,45.68642316761763,37.69319610656641
