d_t,d_h,thres,nDT,timeHin,bias,LL,BIC,AIC
0.04762415104696982,1.7624755436423716,2.617300907785305,0.9993086184862431,0.5068105752787444,0.04218160225758789,4.098351041584335,31.29758769342902,20.19670208316867
