d_t,d_h,thres,nDT,timeHin,bias,LL,BIC,AIC
0.47950299692106846,1.9792661816012582,1.9718273050268678,0.9992705031511111,0.2989706542618834,-0.3055324939109786,3.6137866042289244,29.509005608683694,19.227573208457848
