d_t,d_h,thres,nDT,timeHin,bias,LL,BIC,AIC
-0.27299799822761417,1.025314420310171,2.316366478406908,0.9928630605197389,0.2517269467912614,0.10095119677305257,8.674861676853736,38.85083698444413,29.34972335370747
