d_t,d_h,thres,nDT,timeHin,bias,LL,BIC,AIC
-1.2095751538872719,1.305661656681762,1.8439021900824013,0.1802869224664755,-0.3484481565949435,0.4285128632824986,-0,22.705137803509565,12
