d_t,d_h,thres,nDT,timeHin,bias,LL,BIC,AIC
-1.9702112618753886,-1.9623705481343776,0.746645747047314,0.6327791209294662,-0.0070706227738470614,-0.994947582480192,3.340813490858439,28.814903706400496,18.681626981716878
