d_t,d_h,thres,nDT,timeHin,bias,LL,BIC,AIC
1.9866435885571723,1.9875074394665861,2.886025906160701,0.9995391007746726,-0.009570328173021617,0.2609652782871518,3.376793081118518,29.03501856246288,18.753586162237035
