d_t,d_h,thres,nDT,timeHin,bias,LL,BIC,AIC
-1.3440679509293358,1.655747027357719,0.8286603162715672,0.992039036743018,0.546652689026608,0.15366130275651813,-0,18.546254720149896,12
