d_t,d_h,thres,nDT,timeHin,bias,LL,BIC,AIC
-1.9910977677468298,-1.8602216952352868,0.7697979211807251,0.7928802719817833,0.19251868433115035,0.4841100420722779,7.179203204104473,34.351633469260165,26.358406408208946
