d_t,d_h,thres,nDT,timeHin,bias,LL,BIC,AIC
0.40880994752827593,-0.5323714548736627,1.0220725766655159,0.5526520696946614,-0.5644821779126874,-0.24996480577295055,-0,22.839974938621918,12
