d_t,d_h,thres,nDT,timeHin,bias,LL,BIC,AIC
-1.7709544935937378,1.9931529305547437,1.0869630908748131,0.7741985205218896,-0.09321485531631521,-0.5971590777193182,12.076938461197322,45.31204007009161,36.153876922394645
