d_t,d_h,thres,nDT,timeHin,bias,LL,BIC,AIC
1.297394066649046,-0.8196128844382744,1.4766096275299787,0.48350505372497427,-0.15658287541454502,0.43534335634073884,-0,21.665507475865347,12
