d_t,d_h,thres,nDT,timeHin,bias,LL,BIC,AIC
-1.9384732066286263,-0.4084218212844332,1.1620904305949806,0.9988411480419783,-0.8782638213236893,0.3633994470041969,8.970879292747034,37.934985646545286,29.941758585494068
