d_t,d_h,thres,nDT,timeHin,bias,LL,BIC,AIC
-1.2173342446584319,1.5014386661350727,2.912259840184001,0.16340356464032085,-0.743681780548441,0.42756831469930434,-0,21.158163147696968,12
