d_t,d_h,thres,nDT,timeHin,bias,LL,BIC,AIC
1.946962104178965,0.3939852984622121,0.8376468343775675,0.29545961453211406,-0.35032111097473295,-0.18623062101146265,-0,21.332088368936482,12
