d_t,d_h,thres,nDT,timeHin,bias,LL,BIC,AIC
1.9697515402000387,1.0954815788938577,2.294189846438111,0.99932292911737,-0.49297753412408524,-0.4248488554933734,11.50960021203571,43.99824579287031,35.01920042407142
