d_t,d_h,thres,nDT,timeHin,bias,LL,BIC,AIC
-1.7880065084789145,-0.32732348146502777,2.6431622676551343,0.9974532984463701,-0.6428081394155187,0.3441647496023235,8.686709073109323,38.35246351501753,29.373418146218647
