d_t,d_h,thres,nDT,timeHin,bias,LL,BIC,AIC
1.988914152804565,0.11531326005771447,1.1472078178077936,0.9985638001525481,-0.5889122894339164,-0.03772600507290652,4.310971430784186,27.935197810777574,20.62194286156837
