d_t,d_h,thres,nDT,timeHin,bias,LL,BIC,AIC
-0.02181536395362657,1.8209614305679616,0.606202968198512,0.9904054299634408,0.8246890247981173,-0.02513141327906128,6.550628547493686,33.50844138496031,25.10125709498737
