d_t,d_h,thres,nDT,timeHin,bias,LL,BIC,AIC
-0.31620361749082804,-0.03767454113247076,1.8489684914913875,0.6810486991748989,-0.1101552613124015,-0.7457169876433909,-0,22.705137803509565,12
