d_t,d_h,thres,nDT,timeHin,bias,LL,BIC,AIC
-1.6050567544431253,0.259310048484812,1.8651709140042723,0.8969940363610971,-0.8806695280476066,-0.7123606299501565,15.957222636756393,49.58107914851143,43.91444527351278
