d_t,d_h,thres,nDT,timeHin,bias,LL,BIC,AIC
1.9818624749317981,1.8874615892904445,2.3214326340932168,0.6171627211265619,0.07686204875598057,-0.9878710579326438,12.46249962270607,42.591633120410776,36.92499924541214
