d_t,d_h,thres,nDT,timeHin,bias,LL,BIC,AIC
1.9945002635339033,0.20142818777273613,0.6703083408812734,0.869500488965389,0.21539927087624727,-0.7960311524686701,-0,22.567200694161375,12
