d_t,d_h,thres,nDT,timeHin,bias,LL,BIC,AIC
0.5235848427404132,0.776388907287394,1.410039792185454,0.4060547280777246,-0.8136769948054194,0.011516808484363095,-0,22.567200694161375,12
