d_t,d_h,thres,nDT,timeHin,bias,LL,BIC,AIC
1.864474042836053,1.0630284417420626,1.8508828182212325,0.30381084739430697,-0.9430094226263463,-0.47106186297547115,-0,22.705137803509565,12
