d_t,d_h,thres,nDT,timeHin,bias,LL,BIC,AIC
-0.9079701395375146,0.8770035766065121,2.2818085237514234,0.6556488639395683,-0.7819801864781425,0.6510276861050366,-0,14.909439898728003,12
