d_t,d_h,thres,nDT,timeHin,bias,LL,BIC,AIC
-0.0872752010987442,-0.34635073995332044,1.259389437171376,0.145345171034426,-0.7632614562825081,-0.636852027620123,-0,21.50111363073666,12
