d_t,d_h,thres,nDT,timeHin,bias,LL,BIC,AIC
-0.9557995648559124,-0.09005647242134862,1.1960237816166317,0.5517788620496011,0.8280965909361839,-0.5815792133995508,-0,19.068322982087675,12
