d_t,d_h,thres,nDT,timeHin,bias,LL,BIC,AIC
1.9949574859100672,1.999429816912387,1.1543506428989376,0.9971668358069432,-0.2179464101982375,-0.14067436783961204,3.5258028566874,28.030651082173684,19.051605713374798
