d_t,d_h,thres,nDT,timeHin,bias,LL,BIC,AIC
1.9988219203718687,1.6138726030453516,1.0230394745845466,0.6029018036603409,-0.12255780398845673,0.2957464630730474,-0,22.13327672468362,12
