d_t,d_h,thres,nDT,timeHin,bias,LL,BIC,AIC
-1.4634292362365542,0.7238347792277835,1.3683441723430096,0.661248223269987,0.884368123239418,0.3800225584372195,-0,22.13327672468362,12
