d_t,d_h,thres,nDT,timeHin,bias,LL,BIC,AIC
0.22740800301263658,5.278085347553141e-4,2.0337341102179427,0.4781457235105336,-0.8287742780521512,0.9349693199619651,-0,14.387371636790224,12
