d_t,d_h,thres,nDT,timeHin,bias,LL,BIC,AIC
1.997371265199439,1.935889680526489,1.2717763133347035,0.99999105301013,-0.005692555030709404,0.29751732047187235,3.434378036372807,28.85012594952349,18.868756072745615
