d_t,d_h,thres,nDT,timeHin,bias,LL,BIC,AIC
1.1839892346579028,0.07931209541857243,0.6249378841510381,0.14357294772517,-0.45437261927872896,0.12462403805036665,-0,21.50111363073666,12
