d_t,d_h,thres,nDT,timeHin,bias,LL,BIC,AIC
-1.9754113998807012,-0.2817508126163321,1.224378471513932,0.9781761124016235,-0.482710546981081,-0.6373078901458061,8.997288082757759,36.540830885665414,29.994576165515518
