d_t,d_h,thres,nDT,timeHin,bias,LL,BIC,AIC
1.8602303238585591,-0.005119805619583806,1.2956138048056114,0.9273267388686179,0.9104990120977163,0.19596065546690714,-0,18.546254720149896,12
