d_t,d_h,thres,nDT,timeHin,bias,LL,BIC,AIC
-0.22287793112911203,0.7319791439821027,1.822076068162998,0.3665254015135737,-0.3601610083132982,0.8289629324424574,-0,20.60392322691088,12
