d_t,d_h,thres,nDT,timeHin,bias,LL,BIC,AIC
-1.753165883248545,-0.506562607369063,0.9921262523678067,0.751624698463496,0.12160088437905281,0.01227833260284622,-0,22.281432400225846,12
