d_t,d_h,thres,nDT,timeHin,bias,LL,BIC,AIC
1.9712385449077603,1.9130005308316447,1.7033928844663226,0.6973143496685653,-0.0024889674536263916,0.9986796004097156,3.343347943714494,25.755018869516665,18.68669588742899
