d_t,d_h,thres,nDT,timeHin,bias,LL,BIC,AIC
-0.3370456498353427,0.07919492864103472,2.6014564021214963,0.9797882512678271,-0.8491573399498495,-0.06679826370230922,13.558012152853268,47.52320859567946,39.11602430570653
