d_t,d_h,thres,nDT,timeHin,bias,LL,BIC,AIC
1.9537291179753418,1.8349041255324756,2.0818879511299246,0.7616819476476098,0.004206514180242607,0.9973383472254949,3.3441315375622382,26.001518024333677,18.688263075124475
