d_t,d_h,thres,nDT,timeHin,bias,LL,BIC,AIC
0.7888562856242061,-0.7089865542948246,2.811148241430335,0.24402055496262587,0.23014550143381332,0.42166356509551406,-0,22.42601770970021,12
