d_t,d_h,thres,nDT,timeHin,bias,LL,BIC,AIC
1.9292764362621546,0.1045596720941481,1.8700577831098573,0.9977378908890542,-0.551898528428854,-0.035292465353729,4.247294844253696,28.487816749558615,20.494589688507393
