d_t,d_h,thres,nDT,timeHin,bias,LL,BIC,AIC
-1.2820951957255602,0.9164807559491779,2.7367840463172683,0.8891973766584081,0.9896122626960278,-0.5705852349874877,-0,21.158163147696968,12
