d_t,d_h,thres,nDT,timeHin,bias,LL,BIC,AIC
1.3727805288508534,-0.7252378650700879,1.4694881818927614,0.6237247383795539,-0.24773373811516558,0.018658938468911493,-0,21.158163147696968,12
