d_t,d_h,thres,nDT,timeHin,bias,LL,BIC,AIC
-1.9524338809903599,-1.9970363960194952,1.8271531710061695,0.9519961091887305,-0.0017691932634525927,-0.9948889103309737,3.340304413923856,28.181722458584375,18.680608827847713
