d_t,d_h,thres,nDT,timeHin,bias,LL,BIC,AIC
-0.36270927420429977,-0.28863625794522874,1.5040581557908443,0.4578506301621766,0.011338243430035644,-0.08208781175875302,-0,18.546254720149896,12
