d_t,d_h,thres,nDT,timeHin,bias,LL,BIC,AIC
0.23161799625849774,0.0179895787892127,1.5974813768345797,0.9941873788736753,-0.9816739188665251,0.021212245033841184,7.088347077761447,35.155739524321774,26.176694155522895
