d_t,d_h,thres,nDT,timeHin,bias,LL,BIC,AIC
-0.9525654738823401,-0.28504204623509233,1.065323776400219,0.15311702749756528,-0.06654927592058202,-0.11157115747928303,-0,19.775021196025975,12
