d_t,d_h,thres,nDT,timeHin,bias,LL,BIC,AIC
-0.6911409171298146,0.9003372104610805,2.4116082757636783,0.5881621605107419,-0.2193591472512897,0.21380241384670004,-0,20.203774979918844,12
