d_t,d_h,thres,nDT,timeHin,bias,LL,BIC,AIC
0.25082051899038593,-0.5336984485599712,2.613895126545781,0.2088000754103996,0.8047603261657059,0.987816124688834,-0,20.203774979918844,12
