d_t,d_h,thres,nDT,timeHin,bias,LL,BIC,AIC
-1.9607961546845982,-0.5210739455384147,2.238316669128835,0.9959303529820753,-0.547286925253661,0.08178237760554123,4.191891929071973,29.71587222708043,20.383783858143946
