d_t,d_h,thres,nDT,timeHin,bias,LL,BIC,AIC
1.9509776342844227,1.93457727462805,1.9014486517697264,0.8651383126026009,-0.006820542126861152,0.9928853659255096,3.343043290183304,26.46110777639258,18.686086580366606
