d_t,d_h,thres,nDT,timeHin,bias,LL,BIC,AIC
0.9916970385984694,-0.0805781137381083,1.0509482460224453,0.12899653557111607,0.13196165413833016,-0.9144579014838261,-0,20.203774979918844,12
