d_t,d_h,thres,nDT,timeHin,bias,LL,BIC,AIC
0.47048582322895527,1.451679908670485,1.542244373879961,0.5339292276061365,-0.029812164804763508,-0.03701594886690951,-0,20.79441541679836,12
