d_t,d_h,thres,nDT,timeHin,bias,LL,BIC,AIC
0.6614457465999453,1.0033744138319773,2.5690982605267623,0.3295543669327158,0.6926646260606216,0.08486753429484739,-0,20.407184289972932,12
