d_t,d_h,thres,nDT,timeHin,bias,LL,BIC,AIC
0.17340361628429982,-1.2417834286994571,1.5506051888987478,0.9958409420366103,0.9904855694163394,-0.18588662486720353,10.900141785621267,43.13237194017901,33.80028357124253
