d_t,d_h,thres,nDT,timeHin,bias,LL,BIC,AIC
-0.8713978230506673,-1.4976100400090218,2.176978275552392,0.08461061117937785,-0.5248953145928681,0.0501228346711301,-0,19.548579228128894,12
