d_t,d_h,thres,nDT,timeHin,bias,LL,BIC,AIC
-0.8863755684772607,0.6348562454834732,1.1573312303192576,0.6217909590508958,0.2936237091272993,-0.5100978193908223,-0,22.839974938621918,12
