d_t,d_h,thres,nDT,timeHin,bias,LL,BIC,AIC
-1.4057190427556634,1.3350775684987328,1.7225831356419339,0.30962758569038396,-0.08570322306340794,-0.7810156634155481,-0,23.10088561026035,12
