d_t,d_h,thres,nDT,timeHin,bias,LL,BIC,AIC
1.9749174102325053,1.949011411256835,2.553672278725477,0.9985593906440141,-0.14603617443493766,-0.1579562364855829,3.610508806691229,28.886525089247804,19.221017613382458
