d_t,d_h,thres,nDT,timeHin,bias,LL,BIC,AIC
-0.47347085343469897,-1.6924704052507877,2.3163504699245094,0.2308748944662511,-0.17084864212964818,0.37257618948711146,-0,19.775021196025975,12
