d_t,d_h,thres,nDT,timeHin,bias,LL,BIC,AIC
-0.04811424991733369,-1.1293910501455968,2.3600762693211434,0.9975493797308694,0.9998889700509608,0.6209574917800872,9.845684003584568,41.972800407394985,31.691368007169135
