d_t,d_h,thres,nDT,timeHin,bias,LL,BIC,AIC
-1.9650505954084307,0.028162574936807357,2.45117242410779,0.9986570217455982,-0.9044291719206342,-0.02785289774398777,4.935784678202109,32.438770050565594,21.871569356404216
