d_t,d_h,thres,nDT,timeHin,bias,LL,BIC,AIC
-1.80417440302929,-0.04992973973781547,2.9475081568226833,0.9976796666493284,-0.7946969515887938,0.04160102493562208,4.679337109914311,31.925874913989997,21.35867421982862
