d_t,d_h,thres,nDT,timeHin,bias,LL,BIC,AIC
0.1641434928045749,1.8270184770926385,1.5332091559157952,0.7026989075233478,0.6537875217972562,-0.735217686730192,8.957540031665774,40.1965124635574,29.915080063331548
