d_t,d_h,thres,nDT,timeHin,bias,LL,BIC,AIC
-1.9480484967537808,-0.9280449170535319,0.9020247444602214,0.9987384861860752,-0.3345310286979666,0.11904593714120199,3.8161529181287093,30.73319144651777,19.63230583625742
