d_t,d_h,thres,nDT,timeHin,bias,LL,BIC,AIC
-1.796810466964304,-0.10230733531588998,2.2866436561200034,0.9988285696955445,-0.5816490552997093,0.162989683680593,4.27589184133685,21.028432932752715,20.5517836826737
