d_t,d_h,thres,nDT,timeHin,bias,LL,BIC,AIC
-1.991523530348584,-1.9498660687898504,2.7189514925703406,0.9625478020019277,-4.622582698846224e-4,-0.9993839254760472,3.3399992754545473,19.156647800988107,18.679998550909094
