d_t,d_h,thres,nDT,timeHin,bias,LL,BIC,AIC
-0.8311227936297655,-0.6620120443817022,2.048132845240213,0.4856836855058392,0.3932812829845472,-0.8509324351325631,-0,20.203774979918844,12
