d_t,d_h,thres,nDT,timeHin,bias,LL,BIC,AIC
1.7362414027065554,-1.482913894616992,2.173625928816862,0.6397931902919971,-0.0555911827235108,-0.9294943200321559,-0,20.60392322691088,12
