d_t,d_h,thres,nDT,timeHin,bias,LL,BIC,AIC
0.8986362935975194,0.10945363761582216,1.5052103788451612,0.12749702503257943,0.7087448585654663,-0.41515509563630243,-0,21.825516958358314,12
