d_t,d_h,thres,nDT,timeHin,bias,LL,BIC,AIC
-1.910965965129435,0.4109351104366994,2.0904753108572014,0.3613885775051944,0.13177620060741901,0.5394682986651222,-0,21.825516958358314,12
