d_t,d_h,thres,nDT,timeHin,bias,LL,BIC,AIC
0.5608396418857802,-0.9012216500508174,1.2578028789142084,0.6002134646315881,0.14250631389425183,0.1306628074266501,-0,22.281432400225846,12
