d_t,d_h,thres,nDT,timeHin,bias,LL,BIC,AIC
1.9864005084501588,0.4947797604691752,1.9153521106812954,0.9993467227162179,-0.29017228741476137,-0.2917627451449098,3.809284852008215,29.599939580794306,19.61856970401643
