d_t,d_h,thres,nDT,timeHin,bias,LL,BIC,AIC
1.9683959089239491,1.1004939110719372,1.7133872240781782,0.9996210781965206,-0.21288569698275445,-0.31061593302474183,3.578761193038625,29.29079911076087,19.15752238607725
