d_t,d_h,thres,nDT,timeHin,bias,LL,BIC,AIC
-1.9713193099843347,-1.9634412599400382,2.2598189190934965,0.9991406199260717,-0.009593465183739346,0.28230444833900703,3.4346015158862104,28.850572908550298,18.86920303177242
