d_t,d_h,thres,nDT,timeHin,bias,LL,BIC,AIC
1.8869861883937817,-0.15430428008639854,1.0319517093971369,0.997569820874645,-0.9945053443146357,0.14509425559901085,6.393030350955206,34.61157766026872,24.78606070191041
