d_t,d_h,thres,nDT,timeHin,bias,LL,BIC,AIC
0.30821397096851094,1.8942939707604105,1.2586010759285964,0.9994807115223272,0.24890273715414418,-0.21816095240749278,3.607870939731461,29.641759589163133,19.21574187946292
