d_t,d_h,thres,nDT,timeHin,bias,LL,BIC,AIC
0.6450006081302455,0.5564416323756072,1.7137915789582356,0.24535037122117548,0.8764181020726438,0.3865674282424152,-0,22.281432400225846,12
