d_t,d_h,thres,nDT,timeHin,bias,LL,BIC,AIC
-0.3290927978232503,0.7063484322279692,2.273781574163847,0.5077703808049654,0.47185349490462797,-0.2034408020810799,-0,18.26713462634054,12
