d_t,d_h,thres,nDT,timeHin,bias,LL,BIC,AIC
-0.05985654424875975,-0.7558441983804057,2.7009278258308766,0.2894419732498498,0.17920619670441115,-0.04699946893431606,-0,13.183347464017316,12
