d_t,d_h,thres,nDT,timeHin,bias,LL,BIC,AIC
1.9827584531693785,1.4565165396779776,1.6045344278648312,0.9985385996534689,-0.3439814917419207,-0.17751826742116278,3.7812603067104185,22.95221675819006,19.562520613420837
