d_t,d_h,thres,nDT,timeHin,bias,LL,BIC,AIC
-1.992936121561152,-1.7923807726783556,2.3968089156297405,0.9901898024034788,0.005304553893306963,-0.9971481059827437,3.3441287026964104,21.597697304120825,18.68825740539282
