d_t,d_h,thres,nDT,timeHin,bias,LL,BIC,AIC
-1.3252985578716383,0.10320647025754748,2.212236903235316,0.99800389934433,-0.6657912173927507,0.3808670036940507,-0,22.97184837893457,12
