d_t,d_h,thres,nDT,timeHin,bias,LL,BIC,AIC
-1.9644841956806283,-1.991462478598989,0.9934792152857055,0.6966078482086558,-0.0036359866166385344,-0.9994386672565372,3.3408537661303574,28.182821162997378,18.681707532260717
