d_t,d_h,thres,nDT,timeHin,bias,LL,BIC,AIC
0.7539148991547323,-0.9031609721093778,2.6584757806733252,0.6402314128302793,0.7169261742807134,-0.41501193574584705,-0,16.635532333438686,12
