d_t,d_h,thres,nDT,timeHin,bias,LL,BIC,AIC
-1.9887348412037786,-1.943324098201813,2.2292632896923923,0.9983969358581434,-0.07026532566089888,0.30540704532002494,3.3579485026281444,28.21701063599295,18.715897005256288
