d_t,d_h,thres,nDT,timeHin,bias,LL,BIC,AIC
-0.3991258134849242,1.862822593189776,1.225620969356482,0.23721490619936958,0.5991716295107228,0.16727665369376765,-0,14.909439898728003,12
