d_t,d_h,thres,nDT,timeHin,bias,LL,BIC,AIC
-0.42494360785152185,0.8813501810654998,1.95180079237908,0.6525773529207377,-0.5161245560512702,0.4383214367553592,-0,11.675460894331879,12
