d_t,d_h,thres,nDT,timeHin,bias,LL,BIC,AIC
1.6852342314700994,1.1784082627994765,2.1581568177389023,0.9907821435401847,-0.40853469361892847,-0.1669376247355579,8.127127930182061,37.233301229163004,28.254255860364122
