d_t,d_h,thres,nDT,timeHin,bias,LL,BIC,AIC
1.9227192547321843,-1.6180019162189674,1.8823711170737685,0.57404887603154,0.6440976435875282,-0.3423745995387435,-0,20.979045368798882,12
