d_t,d_h,thres,nDT,timeHin,bias,LL,BIC,AIC
-1.8727100128307939,0.674057019378517,1.2462296454605712,0.7156173090614151,0.27078358942113845,-0.578943002606579,-0,22.839974938621918,12
