d_t,d_h,thres,nDT,timeHin,bias,LL,BIC,AIC
-1.770792961097608,-0.05236548246878814,2.143997611943136,0.9978502447169372,-0.8316416238068502,0.06831287653087238,4.711891006738722,31.99098270763882,21.423782013477442
