d_t,d_h,thres,nDT,timeHin,bias,LL,BIC,AIC
-0.8837308958172798,0.29484915801911515,1.8823652725859343,0.5280506905165886,0.032318181823939085,-0.03797388868406415,-0,19.993227061051222,12
