d_t,d_h,thres,nDT,timeHin,bias,LL,BIC,AIC
0.49676510243218786,-1.0847088791207753,1.5680045738712152,0.9988707154903697,-0.1827646821551025,0.5723799311530866,13.828848201908748,50.08371411351771,39.657696403817496
