d_t,d_h,thres,nDT,timeHin,bias,LL,BIC,AIC
-1.970578530516956,-1.6988054789570013,2.4245129887014625,0.9992161343541364,-0.12988947178246907,0.011959995716928237,3.403754439712291,23.443041212863267,18.80750887942458
