d_t,d_h,thres,nDT,timeHin,bias,LL,BIC,AIC
0.9254273943303546,-0.9166661722548957,1.0516968761126713,0.20722346412055684,0.5574916029080982,0.5559810642179673,-0,21.158163147696968,12
