d_t,d_h,thres,nDT,timeHin,bias,LL,BIC,AIC
-1.991787297897968,-1.7961110332219579,0.9463989121055492,0.9625683064044112,-0.002060585655272007,-0.995700242211217,3.340669095629898,24.023568738636783,18.681338191259798
