d_t,d_h,thres,nDT,timeHin,bias,LL,BIC,AIC
1.8180619183332247,0.11348822655564011,0.6708836450535259,0.9974135237634142,-0.3547550173016447,-0.0862403899626057,3.837985777578141,26.222226275306177,19.67597155515628
