d_t,d_h,thres,nDT,timeHin,bias,LL,BIC,AIC
0.4300853846594691,1.7843717113137245,0.9946190457791091,0.024099701421800956,0.23658932792022824,0.6130046255009994,-0,15.389696144769221,12
