d_t,d_h,thres,nDT,timeHin,bias,LL,BIC,AIC
1.9462627702427273,0.4630829761611852,0.6862098224518045,0.9995984112915907,-0.3545244538113012,-0.20479576311507158,3.9461198495437353,29.39335332982413,19.89223969908747
