d_t,d_h,thres,nDT,timeHin,bias,LL,BIC,AIC
-1.980536799460909,-1.9756263676903858,1.8288893932672055,0.997927337088413,-0.05991076152908276,0.4148930471283535,3.411092004252757,28.48769148437086,18.822184008505513
