d_t,d_h,thres,nDT,timeHin,bias,LL,BIC,AIC
0.24744708249090963,-1.2234001693968848,1.820851353322153,0.26865445114332065,-0.4809955474920571,-0.8701118890812689,-0,9.656627474604601,12
