d_t,d_h,thres,nDT,timeHin,bias,LL,BIC,AIC
-1.4072551793449228,0.7744778083844008,0.9514901518821717,0.6959197787367573,0.21289651195979312,0.12982707769911528,-0,21.158163147696968,12
