d_t,d_h,thres,nDT,timeHin,bias,LL,BIC,AIC
-0.6812529953076207,-1.0744367595762014,1.2570483242507706,0.2813379462523221,-0.040163074298086354,-0.26924223368834904,-0,16.24830120661326,12
