d_t,d_h,thres,nDT,timeHin,bias,LL,BIC,AIC
-0.61396783497184515,0.25732002779841423,1.6205749184718292,0.35499002814758573,0.2610116337412469,0.6434372596284965,-0,19.548579228128894,12
