d_t,d_h,thres,nDT,timeHin,bias,LL,BIC,AIC
-1.4527745958427554,1.7392867468184519,2.303708254494564,0.1054032667020397,-0.4317522160207008,-0.34470556529578367,-0,20.203774979918844,12
