d_t,d_h,thres,nDT,timeHin,bias,LL,BIC,AIC
1.656953455392461,-0.21009046909306722,1.3286094843893066,0.9967232187554693,-0.9982853317633271,0.1995633222433328,10.912273375778515,43.95782347624065,33.82454675155703
