d_t,d_h,thres,nDT,timeHin,bias,LL,BIC,AIC
-1.5960239196324435,0.13901247642069378,0.9393596783155639,0.6660351669757336,-0.9414282756955925,0.38898983974600343,15.591623237814831,51.97766189242802,43.18324647562966
