d_t,d_h,thres,nDT,timeHin,bias,LL,BIC,AIC
-1.5900763305616747,-1.4633405749563653,2.523103907106207,0.8341579273009682,-0.08977265650649802,-0.9265793249942362,-0,18.26713462634054,12
