d_t,d_h,thres,nDT,timeHin,bias,LL,BIC,AIC
-1.0135796239530868,-1.347993946613404,1.9060996927320955,0.9995051136691604,0.2589390887826122,0.08302025934893564,-0,21.50111363073666,12
