d_t,d_h,thres,nDT,timeHin,bias,LL,BIC,AIC
-1.3605491309601572,1.9547645059511,2.017732399738927,0.9530947324520664,-0.1615695097172244,-0.42938167744564837,12.415978419662281,45.43588006623544,36.83195683932456
