d_t,d_h,thres,nDT,timeHin,bias,LL,BIC,AIC
1.986167289628073,1.9724478787572255,2.4531943485912087,0.9521394087948661,0.0073756911842070005,0.9813516098158983,3.3402299206090644,24.947594467558666,18.68045984121813
