d_t,d_h,thres,nDT,timeHin,bias,LL,BIC,AIC
-0.9742079502019421,-0.5797718705884987,2.3990143748000263,0.8381812811007143,0.5455409027636051,0.8110732308287556,-0,21.665507475865347,12
