d_t,d_h,thres,nDT,timeHin,bias,LL,BIC,AIC
-1.843744397907298,-0.7290662880165872,1.4715301204991302,0.15012310649366883,0.15226920861851967,0.18185151592084137,-0,19.993227061051222,12
