d_t,d_h,thres,nDT,timeHin,bias,LL,BIC,AIC
-0.7966978663738818,-0.8626636949978734,2.8772302576088,0.39723173216294394,-0.695831110031272,0.33158683371832864,-0,20.203774979918844,12
