d_t,d_h,thres,nDT,timeHin,bias,LL,BIC,AIC
1.498169624246657,0.2014698113387241,1.407571122609079,0.15634880180936306,0.0663140513934195,0.9739737962372601,-0,19.993227061051222,12
