d_t,d_h,thres,nDT,timeHin,bias,LL,BIC,AIC
-1.494626390137339,-0.4767885967324039,1.0848170812095745,0.24964289297047731,0.9286887622438371,-0.5081949742699481,-0,19.775021196025975,12
