d_t,d_h,thres,nDT,timeHin,bias,LL,BIC,AIC
0.9051751254554585,-1.1983859408646822,1.457491838428525,0.21982462152689053,0.3822998810108762,0.6139723708957586,-0,19.775021196025975,12
