d_t,d_h,thres,nDT,timeHin,bias,LL,BIC,AIC
0.5770023807721086,-0.12043467922573403,0.6130124885613923,0.6525420414573762,-0.78177655255422,0.6106972196185271,-0,22.13327672468362,12
