d_t,d_h,thres,nDT,timeHin,bias,LL,BIC,AIC
1.5923925165556707,1.4521793730074788,1.179924777156236,0.32444840612245474,0.3721690887584419,-0.444442137144506,-0,22.13327672468362,12
