d_t,d_h,thres,nDT,timeHin,bias,LL,BIC,AIC
-0.30866062407768036,-0.7307824306190014,1.720143548534451,0.08520911496454964,0.46784097424356375,0.5956541704945266,-0,22.567200694161375,12
