d_t,d_h,thres,nDT,timeHin,bias,LL,BIC,AIC
-1.9547064514735957,-1.9955296044379116,0.7359469622893491,0.8995870337923801,0.006858016441312424,-0.9984580767367071,3.342299860764682,24.351233596528004,18.684599721529363
