d_t,d_h,thres,nDT,timeHin,bias,LL,BIC,AIC
-0.19138847331470296,1.9122512816643544,1.8113565177489699,0.24699936789174093,-0.769360132685456,-0.20166387040979583,-0,19.775021196025975,12
