d_t,d_h,thres,nDT,timeHin,bias,LL,BIC,AIC
1.808873247025761,-0.31864274932802444,0.7271385893225669,0.22857983535429943,-0.5447141933254898,-0.23801498068496585,-0,19.548579228128894,12
