d_t,d_h,thres,nDT,timeHin,bias,LL,BIC,AIC
-1.8622504594493456,-1.2453241702654707,1.8846282329361101,0.9996319632271793,-0.42780244027246367,0.3432107589828059,8.112307777161812,35.2929385364113,28.224615554323623
