d_t,d_h,thres,nDT,timeHin,bias,LL,BIC,AIC
-0.0332916229051941,1.4472217620423273,1.9678090587553698,0.9987358751832501,0.9956348055970532,-0.04130743426737453,5.707812414042277,25.802996464874777,23.415624828084553
