d_t,d_h,thres,nDT,timeHin,bias,LL,BIC,AIC
1.0650943592190742,-0.6470341425014814,1.5696501988783131,0.6607639819719358,0.5284797554957714,0.7240808624742189,-0,20.407184289972932,12
