d_t,d_h,thres,nDT,timeHin,bias,LL,BIC,AIC
0.3752041052692525,0.5749291719838835,2.3427335903048516,0.9959741178933785,0.35168516531636196,0.5146844624566111,-0,20.60392322691088,12
