d_t,d_h,thres,nDT,timeHin,bias,LL,BIC,AIC
-1.98791242043099,-0.007716518652603227,2.4568265842000603,0.9988660879833418,-0.5378136733325891,0.005030103703647371,4.328395440398602,23.044162517587427,20.656790880797203
