d_t,d_h,thres,nDT,timeHin,bias,LL,BIC,AIC
1.4149643336829496,1.7255411008372903,1.2929839678140405,0.6513966344593598,0.3276303722523153,0.4366895910926774,-0,21.332088368936482,12
