d_t,d_h,thres,nDT,timeHin,bias,LL,BIC,AIC
1.2926925764056825,-1.560931515879929,1.262257059517584,0.20338192811199984,0.8771077482961118,0.601194611807492,-0,19.313254949209202,12
