d_t,d_h,thres,nDT,timeHin,bias,LL,BIC,AIC
0.20581076639365686,1.5640941081637985,1.8979482417273914,0.7556297636337227,-0.7180037587348914,-0.06757429830266767,-0,19.775021196025975,12
