d_t,d_h,thres,nDT,timeHin,bias,LL,BIC,AIC
-1.7523932848125696,-1.1786241504050057,1.5703394925187486,0.04738786126952621,-0.44433450482114356,-0.3291043718033575,-0,19.548579228128894,12
