d_t,d_h,thres,nDT,timeHin,bias,LL,BIC,AIC
-0.6719978619483005,-1.9465563500286376,2.3555208781164976,0.9995465845123968,0.22051224097997268,0.36258421237600036,3.542643207995686,27.87970183278973,19.085286415991373
