d_t,d_h,thres,nDT,timeHin,bias,LL,BIC,AIC
1.115401028509287,-0.9261246774672487,2.8463501109026117,0.5437799021276735,0.9152420231832625,0.2562236091872814,-0,23.350921788663758,12
