d_t,d_h,thres,nDT,timeHin,bias,LL,BIC,AIC
-1.4077635747728354,-1.9791105624917806,1.9072002125903964,0.9979563850323868,0.13306518922819666,0.46957528921012026,3.4021205967624972,27.783286562323877,18.804241193524994
