d_t,d_h,thres,nDT,timeHin,bias,LL,BIC,AIC
1.981330710446863,1.999133169412603,1.2372037792549313,0.9998034902935482,-0.006770705179569741,0.9983836562289141,3.3419917754379065,26.459004746901787,18.683983550875812
