d_t,d_h,thres,nDT,timeHin,bias,LL,BIC,AIC
-0.05064319153436658,0.7434173250592353,1.9846373902115682,0.6211695835040882,0.3046033043387508,-0.3037539850007097,-0,22.13327672468362,12
