d_t,d_h,thres,nDT,timeHin,bias,LL,BIC,AIC
-0.15718487391272,0.8967094536363359,2.7497142306721023,0.8865445766901374,0.7393773507878663,-0.5874625474763872,12.357293282032515,42.981721190405565,36.71458656406503
