d_t,d_h,thres,nDT,timeHin,bias,LL,BIC,AIC
-1.8961774548515677,0.29613578730914647,1.579405735597485,0.8397432299484505,-0.8888157937270864,0.0883112164907328,-0,13.183347464017316,12
