d_t,d_h,thres,nDT,timeHin,bias,LL,BIC,AIC
-0.20182769566505332,0.016554770430696086,2.605220476319247,0.725873152626042,-0.6554514768212811,0.054427648272062173,-0,18.26713462634054,12
