d_t,d_h,thres,nDT,timeHin,bias,LL,BIC,AIC
0.835881512129736,1.7204020193246925,0.7318907493150948,0.06743649843722554,-0.19105180122558463,-0.00651071480763632,-0,17.342230547376985,12
