d_t,d_h,thres,nDT,timeHin,bias,LL,BIC,AIC
0.7616402465303331,-0.6194415578320008,1.9578059400030514,0.5216777225717013,-0.041058238178228734,0.16890721349045634,-0,18.812965295574898,12
