d_t,d_h,thres,nDT,timeHin,bias,LL,BIC,AIC
-0.6764075553676369,1.0880486369132996,0.9513623462989926,0.6547516994495876,0.6814578756398126,0.20909161763274076,-0,22.567200694161375,12
