d_t,d_h,thres,nDT,timeHin,bias,LL,BIC,AIC
-1.5560269076377153,-0.8226933255791664,2.2274405668140727,0.2676209288750996,-0.029932497069239616,0.41043735389553376,-0,19.548579228128894,12
