d_t,d_h,thres,nDT,timeHin,bias,LL,BIC,AIC
-1.9929404931364163,-1.9811935519640917,2.972537227436494,0.9996845794947931,-0.02031973581596058,-0.20488834655014593,3.368572871229606,28.71851561923709,18.737145742459212
