d_t,d_h,thres,nDT,timeHin,bias,LL,BIC,AIC
0.07351497067338766,1.9145644156277957,0.8119995951502061,0.9950338356404688,0.6038444110381799,-0.1686045780331143,4.366178203734006,30.86563313215163,20.73235640746801
