d_t,d_h,thres,nDT,timeHin,bias,LL,BIC,AIC
-1.8921845080330968,-1.7800369685271327,1.1772375941276552,0.05066908056261277,-0.8431652646865104,0.2593200593558411,-0,21.981369876777876,12
