d_t,d_h,thres,nDT,timeHin,bias,LL,BIC,AIC
0.5016253097810031,-0.04705463778227581,0.806987057849943,0.9871819774619863,-0.9488594214215454,0.35961048386970734,6.722965815790999,35.727364031807845,25.445931631582
