d_t,d_h,thres,nDT,timeHin,bias,LL,BIC,AIC
-1.9414191395044327,0.04258927050977945,0.778776098076382,0.16208670808489836,0.4908257049792039,-0.8969403099763609,-0,21.665507475865347,12
