d_t,d_h,thres,nDT,timeHin,bias,LL,BIC,AIC
-1.5923551382777803,0.9977454356849194,2.1737402066399354,0.2192820616862124,0.0829672098480631,0.8155838865786791,-0,8.317766166719343,12
