d_t,d_h,thres,nDT,timeHin,bias,LL,BIC,AIC
-1.403299780085923,0.18483839799191548,1.597133586485292,0.5482906911966736,-0.41593568213284016,-0.8330404492477559,-0,19.993227061051222,12
