d_t,d_h,thres,nDT,timeHin,bias,LL,BIC,AIC
-0.7443711022175412,1.6792439403221568,2.350527779012918,0.9577157966824017,0.11388615898717958,-0.7491322452787521,-0,10.75055681536833,12
