d_t,d_h,thres,nDT,timeHin,bias,LL,BIC,AIC
1.9573602889063308,1.4342938640043856,1.2350964680314065,0.998764615027348,-0.1992703289416413,-0.4027675516503428,3.541501058020875,28.908519074400065,19.08300211604175
