d_t,d_h,thres,nDT,timeHin,bias,LL,BIC,AIC
1.8919044363039266,-0.032393245371058796,2.2682978103989533,0.9992165539296577,-0.9934922244965649,0.05750305047636875,5.262567175086153,31.319549766970667,22.52513435017231
