d_t,d_h,thres,nDT,timeHin,bias,LL,BIC,AIC
-1.0523385108178198,0.2062531792606042,1.4901356488466264,0.38788312172426564,-0.8510614916115469,-0.15247056414210547,-0,21.50111363073666,12
