d_t,d_h,thres,nDT,timeHin,bias,LL,BIC,AIC
1.9801271022900477,0.716892099514498,1.7468693068496612,0.9999822064732178,-0.3914912704765019,-0.1434071886175038,7.74684386925909,36.65185088621514,27.49368773851818
