d_t,d_h,thres,nDT,timeHin,bias,LL,BIC,AIC
1.6838868036993193,-1.998572682358776,1.654074808448111,0.6219782883477255,0.005892313944741125,0.14938557003865183,7.151228793267019,35.63454595547052,26.30245758653404
