d_t,d_h,thres,nDT,timeHin,bias,LL,BIC,AIC
-1.3584893327206373,-1.664215236902237,1.3969257121556917,0.7493683775475781,0.44167356749591147,-0.6843615239928701,-0,18.546254720149896,12
