d_t,d_h,thres,nDT,timeHin,bias,LL,BIC,AIC
1.99414671523212,1.8822303944987924,2.119083156622946,0.942144104908253,-0.0026648547500371933,0.9971389404763383,3.343459888394108,27.094104066761147,18.686919776788216
