d_t,d_h,thres,nDT,timeHin,bias,LL,BIC,AIC
-0.7810951235086767,0.11063882801681757,1.072459510155022,0.09477356158268288,0.5651017003502995,-0.2396674152476973,-0,18.812965295574898,12
