d_t,d_h,thres,nDT,timeHin,bias,LL,BIC,AIC
-1.2144986978837764,0.485829288458878,1.7820147021501973,0.7055166593687061,-0.031973401084542274,0.48085296832667096,-0,22.42601770970021,12
