d_t,d_h,thres,nDT,timeHin,bias,LL,BIC,AIC
-1.9797269332072003,1.0786246476550787,1.6409023981815356,0.9969971646068673,-0.08858082800152092,-0.5257241964340211,8.023551986235255,37.54821760320717,28.04710397247051
