d_t,d_h,thres,nDT,timeHin,bias,LL,BIC,AIC
1.9311964202998368,-0.321193833835423,1.1304924027912395,0.8318951574130915,-0.3330044531550033,0.4715260327793658,-0,14.909439898728003,12
