d_t,d_h,thres,nDT,timeHin,bias,LL,BIC,AIC
0.1647647651434445,-0.23714527329515622,2.8720727690615835,0.32471305818064133,-0.8629789809402163,0.6277293064974665,-0,22.42601770970021,12
