d_t,d_h,thres,nDT,timeHin,bias,LL,BIC,AIC
0.03119226987547652,-1.507629257407309,1.2600395935668969,0.5021460575537772,-0.981410676977934,0.5848439064486379,-0,22.42601770970021,12
