d_t,d_h,thres,nDT,timeHin,bias,LL,BIC,AIC
-0.01934637556272545,1.7299014935269952,1.374114147369032,0.37768860211169464,-0.6715009332564282,-0.29672785639143084,-0,21.50111363073666,12
