d_t,d_h,thres,nDT,timeHin,bias,LL,BIC,AIC
1.0488868931029394,1.9820903996005654,1.6183739415096734,0.7676326804831684,0.8143321076022692,-0.9265131863197549,-0,15.83434397769155,12
