d_t,d_h,thres,nDT,timeHin,bias,LL,BIC,AIC
-0.009518284350633621,0.39977692963328604,0.8582070434466007,0.7963545650366578,0.6678613480180502,-0.43271257262676954,-0,16.9992800643373,12
