d_t,d_h,thres,nDT,timeHin,bias,LL,BIC,AIC
-0.00673003939065886,0.1929787113591226,2.9385216454043985,0.5535514462786416,0.33017303002998233,-0.29612212962621404,-0,21.50111363073666,12
