d_t,d_h,thres,nDT,timeHin,bias,LL,BIC,AIC
0.9944198760716195,0.20372541801099386,1.3884150533890098,0.1585814588789786,-0.27333911587871595,-0.23398222225725418,-0,22.567200694161375,12
