d_t,d_h,thres,nDT,timeHin,bias,LL,BIC,AIC
-0.2353636370971799,-1.5669556812934204,2.8745372097388033,0.09240462912013754,-0.07500203062401611,0.3142515087713178,-0,20.60392322691088,12
