d_t,d_h,thres,nDT,timeHin,bias,LL,BIC,AIC
1.1592965424633257,1.3145538251075082,1.5882641390881935,0.5202825770986208,-0.7325835970373078,0.8986518500697647,-0,20.79441541679836,12
