d_t,d_h,thres,nDT,timeHin,bias,LL,BIC,AIC
-1.7613064322563043,-1.9851326368657904,2.733215461054204,0.9860345103118485,0.5854832000243446,0.2920455046265198,8.121735926476344,38.6694895626529,28.243471852952688
