d_t,d_h,thres,nDT,timeHin,bias,LL,BIC,AIC
0.5640131055240255,1.9358543269678474,2.2644328844811903,0.999662340119929,0.7165939124574281,-0.23955395649540173,9.464710490551184,41.35543869080258,30.929420981102368
