d_t,d_h,thres,nDT,timeHin,bias,LL,BIC,AIC
-1.6967068880700327,-0.377738826848567,2.1453700391772035,0.9684969177719258,0.16767902672290802,0.6419825175421655,-0,21.50111363073666,12
