d_t,d_h,thres,nDT,timeHin,bias,LL,BIC,AIC
-1.9214355132943708,1.9149672957137227,2.9939541241199397,0.16129001886816696,0.3959343506756989,-0.8769672455614215,-0,21.50111363073666,12
