d_t,d_h,thres,nDT,timeHin,bias,LL,BIC,AIC
0.5671829003840685,1.2665441545742202,1.9153209607034467,0.6198332084401794,0.24937980870723023,-0.2048194226373622,-0,17.66663387499864,12
