d_t,d_h,thres,nDT,timeHin,bias,LL,BIC,AIC
-1.9651457395182834,-0.05301773435841994,2.5260066935266754,0.3882384756603279,-0.04261036573548305,0.48375062481793685,-0,18.812965295574898,12
