d_t,d_h,thres,nDT,timeHin,bias,LL,BIC,AIC
1.19985830783844,-0.31471865823061196,1.8384265070781112,0.5390263727508808,0.7647732347249985,-0.3575600917200528,-0,17.342230547376985,12
