d_t,d_h,thres,nDT,timeHin,bias,LL,BIC,AIC
1.9449994708733622,-0.04263429284147889,1.109594191309309,0.9219088841789892,-0.6853509467287463,0.713881243423681,9.114526726443506,38.832976679797895,30.229053452887012
