d_t,d_h,thres,nDT,timeHin,bias,LL,BIC,AIC
0.6936197045564587,1.9702401794849582,1.7269851538215777,0.9997778305495253,0.4016393522603795,-0.24700501465113223,4.10421829236442,29.540524953665322,20.20843658472884
