d_t,d_h,thres,nDT,timeHin,bias,LL,BIC,AIC
0.15982620697936034,1.6229259130285527,1.7775205280676891,0.2351652681407854,-0.8692962531931698,0.9430213228675698,-0,18.546254720149896,12
