d_t,d_h,thres,nDT,timeHin,bias,LL,BIC,AIC
1.8309718341404997,0.8522727936506271,0.6751995030180526,0.10474013458550907,-0.1629349707883998,0.46730333817390457,-0,17.342230547376985,12
