d_t,d_h,thres,nDT,timeHin,bias,LL,BIC,AIC
-1.2405193625018,0.3113922532647848,2.544476881748319,0.4150589649695482,0.8872520425153544,0.3492396683432162,-0,16.9992800643373,12
