d_t,d_h,thres,nDT,timeHin,bias,LL,BIC,AIC
1.178925941365412,1.962115612426736,1.9195715323748477,0.9967208977054015,0.30598784161810294,-0.3283906140669612,3.8498237070624395,29.03173578306136,19.69964741412488
