d_t,d_h,thres,nDT,timeHin,bias,LL,BIC,AIC
0.23428454354252004,1.3168262851061492,0.9447898622217226,0.8754077148252035,0.2198145252454492,0.5428845232634791,-0,22.42601770970021,12
