d_t,d_h,thres,nDT,timeHin,bias,LL,BIC,AIC
0.2469440335407853,0.7902733801428041,0.6686685158253073,0.5087115949105848,-0.8490529289527882,0.9335877285338938,-0,18.812965295574898,12
