d_t,d_h,thres,nDT,timeHin,bias,LL,BIC,AIC
-1.3628215285298104,0.5543027361523547,0.7864554869204836,0.2567540059238672,-0.44266373177315477,-0.5654284739866853,-0,21.825516958358314,12
