d_t,d_h,thres,nDT,timeHin,bias,LL,BIC,AIC
0.04389364748880986,-1.924655945381411,2.786284019497027,0.12878330897539858,-0.0965008139047831,0.15612588060761967,-0,19.313254949209202,12
