d_t,d_h,thres,nDT,timeHin,bias,LL,BIC,AIC
1.6312766356848154,-1.1930834377663815,1.9354703340679404,0.8839059381508556,0.07241968865249598,0.25090024929949006,-0,17.66663387499864,12
