d_t,d_h,thres,nDT,timeHin,bias,LL,BIC,AIC
1.7601055155130272,-0.1519365828325995,1.8080723885446788,0.7985911124843779,-0.4428739573012212,0.45544533461925407,18.56847803710997,59.8420938777295,49.13695607421994
