d_t,d_h,thres,nDT,timeHin,bias,LL,BIC,AIC
-1.9201706693542844,1.141971460543573,0.8987172642191672,0.6287565381987952,0.09005804770787051,0.22781174583360553,-0,21.825516958358314,12
