d_t,d_h,thres,nDT,timeHin,bias,LL,BIC,AIC
1.9042707468271063,1.9340898235402528,0.9895758973573123,0.773672453020108,0.003666642587631941,0.9925060366762699,7.472156657278809,37.649451118067184,26.94431331455762
