d_t,d_h,thres,nDT,timeHin,bias,LL,BIC,AIC
0.0241075268863791,1.9993079523645472,2.179000595770776,0.9996490212554188,0.4730336662700268,-0.00991420534841679,8.204008738999194,35.956596706127286,28.40801747799839
