d_t,d_h,thres,nDT,timeHin,bias,LL,BIC,AIC
1.9901642501354218,1.9999317806179593,0.899356079287827,0.8557497069755684,-0.007972414851299736,0.9725719697156159,3.3404244888071366,26.674076038665497,18.680848977614275
