d_t,d_h,thres,nDT,timeHin,bias,LL,BIC,AIC
-1.9404605917897686,-1.6707615302406673,1.0268105029613497,0.9990654378326059,-0.21743889455474275,0.4169892320142027,3.5975780794459604,26.970177354917894,19.19515615889192
