d_t,d_h,thres,nDT,timeHin,bias,LL,BIC,AIC
-0.3080552999220001,1.0362207628786564,1.4516406745855859,0.5679304982767927,0.2860100230879933,-0.6262863110750914,-0,19.313254949209202,12
