d_t,d_h,thres,nDT,timeHin,bias,LL,BIC,AIC
-0.4625154357271948,-0.9389181230217218,2.3378770525107653,0.48130678733390764,0.9537079725414515,0.37401146758491677,-0,17.974393641323946,12
