d_t,d_h,thres,nDT,timeHin,bias,LL,BIC,AIC
0.25490312879518146,-0.2756285609677434,2.6675887371586233,0.9966023835476384,0.061276321047789455,-0.2571471727944875,23.164649363934707,66.53307370778826,58.329298727869414
