d_t,d_h,thres,nDT,timeHin,bias,LL,BIC,AIC
-1.9928520549440047,-1.9627865105952116,1.9698889613791144,0.9012763356024378,-0.002780524309190957,-0.9870400669719311,3.3419681456915615,28.96536869160897,18.683936291383123
