d_t,d_h,thres,nDT,timeHin,bias,LL,BIC,AIC
-1.9231634286395147,-1.5009270569949045,2.2203039229985664,0.9113827953524885,-0.2976567212259998,0.7625281139678508,-0,11.675460894331879,12
