d_t,d_h,thres,nDT,timeHin,bias,LL,BIC,AIC
1.5194934834921967,-1.996796085344708,1.8422615977728574,0.9623962074343831,0.18894492407136051,-0.30489952224363914,8.383826738114239,37.174837766201406,28.767653476228478
