d_t,d_h,thres,nDT,timeHin,bias,LL,BIC,AIC
1.9443812165205805,1.9948110757072648,2.0802517894834542,0.9625346841003595,-9.903971421600464e-4,0.9917699539620669,3.3399126737734632,28.813102072230546,18.679825347546927
