d_t,d_h,thres,nDT,timeHin,bias,LL,BIC,AIC
0.8678589586778331,-0.8172896999971585,1.5799232544377446,0.9906899738269245,0.06615819536945813,-0.6232433347988744,12.470718179297819,44.25469130780484,36.94143635859564
