d_t,d_h,thres,nDT,timeHin,bias,LL,BIC,AIC
0.019192064461518277,0.5275159169166299,1.0513628993365929,0.9981221807352952,0.5402962220832705,0.061313817083325506,16.552313253902348,53.708549734715575,45.104626507804696
