d_t,d_h,thres,nDT,timeHin,bias,LL,BIC,AIC
-1.8626439490376305,-1.5296801989898086,2.4484326265257783,0.13086533481656834,-0.44461908331140876,0.1272540144992056,-0,21.158163147696968,12
