d_t,d_h,thres,nDT,timeHin,bias,LL,BIC,AIC
-1.957666311895653,-0.05886348665707031,1.7848617129027844,0.7886429974511062,0.09677331987768412,-0.4260609443274792,-0,18.26713462634054,12
