d_t,d_h,thres,nDT,timeHin,bias,LL,BIC,AIC
0.5057100724133322,-0.4976229871208076,2.335180348749648,0.9972868632501922,0.914281574029826,0.10684225196018815,-0,18.26713462634054,12
