d_t,d_h,thres,nDT,timeHin,bias,LL,BIC,AIC
0.1335392175425858,-0.13934320929035326,2.2746060679462894,0.7123876941837366,0.4209487802083587,0.07041476899757981,-0,18.812965295574898,12
