d_t,d_h,thres,nDT,timeHin,bias,LL,BIC,AIC
1.9875880919214772,1.8889317379754869,2.682669099861785,0.9996276886125792,-0.2326962827350123,-0.4073282883323823,3.578397807381787,26.93181681078955,19.156795614763574
