d_t,d_h,thres,nDT,timeHin,bias,LL,BIC,AIC
0.84547258913517,0.6974390666944277,2.5136986558922954,0.7695763447554782,0.6072152166471873,-0.6957557179984771,-0,18.546254720149896,12
