d_t,d_h,thres,nDT,timeHin,bias,LL,BIC,AIC
-1.803205494251562,-1.3916759200939892,2.349917125243202,0.9993027953422996,-0.3297302436708832,0.16036763642108678,3.710940225872288,26.73513540095378,19.421880451744578
