d_t,d_h,thres,nDT,timeHin,bias,LL,BIC,AIC
1.9532842908592738,0.2783159077120537,1.0118167159322797,0.9986814014420539,-0.33423509224155995,-0.11878367970933512,3.7202216059464988,29.721875612118843,19.440443211892998
