d_t,d_h,thres,nDT,timeHin,bias,LL,BIC,AIC
-1.4018267303669516,-0.8175563453397502,1.0346257542765551,0.03862108757253846,0.2988353129515766,-0.9381599217664862,-0,22.567200694161375,12
