d_t,d_h,thres,nDT,timeHin,bias,LL,BIC,AIC
-1.7175127185541332,-0.18544130246880353,2.4468506276607513,0.45573678588418315,0.1389398939978964,0.5900419079611978,-0,20.60392322691088,12
