d_t,d_h,thres,nDT,timeHin,bias,LL,BIC,AIC
1.8937522020318376,1.0020952630920286,0.6381006460636854,0.9999724098339368,-0.3855732197610341,-0.12472974847632554,3.867480656306111,29.716331189390097,19.73496131261222
