d_t,d_h,thres,nDT,timeHin,bias,LL,BIC,AIC
1.9863989134422924,-0.6369330133103777,2.4165412342847263,0.890918813464957,0.5563195541240648,0.9981204976042879,3.3429826167665335,28.819241958216686,18.685965233533068
