d_t,d_h,thres,nDT,timeHin,bias,LL,BIC,AIC
1.1596674527972937,-0.31701713359328887,2.6238892331978647,0.878630993910907,0.08707274649630192,0.3740222867197387,-0,22.567200694161375,12
