d_t,d_h,thres,nDT,timeHin,bias,LL,BIC,AIC
1.5438434164971113,0.32248986548018554,1.0855672155663603,0.3536947460876626,0.823300161777388,-0.5074826574578134,-0,21.981369876777876,12
