d_t,d_h,thres,nDT,timeHin,bias,LL,BIC,AIC
1.773136394098401,-0.9782303053243393,0.8168679546564817,0.9100769318798881,-0.6098075018253892,0.14967726064959697,-0,20.407184289972932,12
