d_t,d_h,thres,nDT,timeHin,bias,LL,BIC,AIC
0.22368013417101573,0.20097316003746812,1.236416526697576,0.6663268855312132,-0.3350512395719395,0.39131692265493,-0,16.9992800643373,12
