d_t,d_h,thres,nDT,timeHin,bias,LL,BIC,AIC
0.006865082776861223,-0.24392956434479457,0.9480972625467862,0.9994447277242177,0.899907577490927,0.07947478341570519,7.080137552004814,36.86541290751919,26.160275104009628
