d_t,d_h,thres,nDT,timeHin,bias,LL,BIC,AIC
0.9978331997990608,1.273131538182497,2.8521151359866175,0.5949009330719389,-0.3200064435490314,0.8168577859660285,-0,20.979045368798882,12
