d_t,d_h,thres,nDT,timeHin,bias,LL,BIC,AIC
-1.3354541153725572,-0.4466705769300461,2.6833238174419876,0.9679512447757782,0.5403887088121238,-0.003241755957765935,-0,21.981369876777876,12
