d_t,d_h,thres,nDT,timeHin,bias,LL,BIC,AIC
1.9476879383723855,1.9900255743838036,2.0266897651337286,0.8643681404509794,0.12922485329707672,-0.7665766278501834,13.53232843844549,49.63185757105235,39.06465687689098
