d_t,d_h,thres,nDT,timeHin,bias,LL,BIC,AIC
0.22894222308752515,1.9160732398078968,2.3617303175457596,0.9976691391583203,0.9863527690879422,-0.027972024513439123,5.812831263078467,33.758939250840555,23.625662526156933
