d_t,d_h,thres,nDT,timeHin,bias,LL,BIC,AIC
-1.9743282386808025,-1.9016870133933284,1.5879929199761482,0.9995365412794981,-0.23481856258737122,0.4379426274862031,14.103478967550313,50.774158629262004,40.206957935100625
