d_t,d_h,thres,nDT,timeHin,bias,LL,BIC,AIC
1.9761240240168094,1.969797139056027,0.8239394098383066,0.988712408413535,0.00551037024219856,0.9981955161322484,7.093768045756866,36.16890596829161,26.18753609151373
