d_t,d_h,thres,nDT,timeHin,bias,LL,BIC,AIC
-0.7131198190107237,1.9719538906901004,2.2915848903357983,0.40211940602681573,0.22152820691670366,0.47972014220431447,-0,20.979045368798882,12
