d_t,d_h,thres,nDT,timeHin,bias,LL,BIC,AIC
-0.4375694142326755,-1.9926180689074566,1.9283342487394814,0.9917082893124878,0.6929655588860273,0.22587329332136669,5.120903526295044,32.6678247622903,22.24180705259009
