d_t,d_h,thres,nDT,timeHin,bias,LL,BIC,AIC
0.24850412927241133,1.0873142518265007,0.699478224961626,0.49531387342295097,0.9712942547589113,0.9754860694156706,-0,21.158163147696968,12
