d_t,d_h,thres,nDT,timeHin,bias,LL,BIC,AIC
-0.6257656678504451,-0.6269615413621068,2.784067561430209,0.86382419904807906,0.12462340950126112,-0.8865868310096225,-0,22.13327672468362,12
