d_t,d_h,thres,nDT,timeHin,bias,LL,BIC,AIC
1.582073047647087,1.3842222021547688,2.31893696358534,0.513701069728268,-0.7019295167692254,-0.12049992522224784,-0,18.812965295574898,12
