d_t,d_h,thres,nDT,timeHin,bias,LL,BIC,AIC
1.988701499067247,-0.48620334858766967,2.7113160451939953,0.9999560839645925,-0.574901242376531,0.3488332477664406,8.948657299071279,40.030591322826176,29.897314598142557
