d_t,d_h,thres,nDT,timeHin,bias,LL,BIC,AIC
-1.3498463394923519,-1.5450419339704202,1.3364380830997151,0.4533167985677684,-0.2706866078160216,-0.24103057270514827,-0,22.13327672468362,12
