d_t,d_h,thres,nDT,timeHin,bias,LL,BIC,AIC
0.07037214392901246,1.9047003167446965,2.1148874866629708,0.9997959648441899,0.3710130948810115,-0.07260231115672976,3.7557926636389922,28.843673696214466,19.511585327277984
