d_t,d_h,thres,nDT,timeHin,bias,LL,BIC,AIC
0.7178575620055199,0.6436970251725779,0.8752206078871598,0.5617722183660339,-0.7379709778125402,0.5968769174069166,-0,22.567200694161375,12
