d_t,d_h,thres,nDT,timeHin,bias,LL,BIC,AIC
-0.8907317579096514,-1.2904524116368623,0.8436913880957638,0.4717014162347177,0.5363477132407524,0.8819477743148547,-0,23.10088561026035,12
