d_t,d_h,thres,nDT,timeHin,bias,LL,BIC,AIC
-1.3642282519388889,-0.5810405121980406,1.9443088794543602,0.21596277206363926,-0.3254827799207407,0.1142854483941334,-0,22.13327672468362,12
