d_t,d_h,thres,nDT,timeHin,bias,LL,BIC,AIC
0.17846265150315177,-0.49679882265627384,1.5622494817270858,0.24473174091999594,-0.2584300194578091,-0.03323021916365332,-0,21.665507475865347,12
