d_t,d_h,thres,nDT,timeHin,bias,LL,BIC,AIC
1.8807105650222855,0.49361789592751615,1.992348406163071,0.18501682633801247,0.6378635107539594,-0.3213824202731029,-0,18.812965295574898,12
