d_t,d_h,thres,nDT,timeHin,bias,LL,BIC,AIC
0.37117523048557904,-0.8400746099592293,1.3264368463662823,0.48873837870060655,0.49846657160247654,-0.08230042736977339,-0,21.158163147696968,12
