d_t,d_h,thres,nDT,timeHin,bias,LL,BIC,AIC
-0.48320337078806985,-0.0531516307964921,2.942010746151209,0.26872606405655364,0.0858879704028368,-0.12926625832915306,-0,19.548579228128894,12
