d_t,d_h,thres,nDT,timeHin,bias,LL,BIC,AIC
0.257866341830195,1.9917561691254377,1.3805992726905014,0.9978866269623559,0.23423201918934416,-0.23952762344122433,3.510123511316653,27.814662439431665,19.020247022633306
