d_t,d_h,thres,nDT,timeHin,bias,LL,BIC,AIC
-1.9561226963996887,1.4296701697964789,0.9156508635506757,0.3708729027956724,0.5042128850316419,-0.621219418477267,-0,19.068322982087675,12
