d_t,d_h,thres,nDT,timeHin,bias,LL,BIC,AIC
-0.4998594131320715,1.7937541343979346,0.9572591702781248,0.593129615439102,-0.8221600442666798,0.5316813266836107,-0,20.407184289972932,12
