d_t,d_h,thres,nDT,timeHin,bias,LL,BIC,AIC
0.45696189268900556,0.3908303271693474,2.9070058967375765,0.8016365294117623,0.5925215552118751,-0.11451767092295928,-0,22.13327672468362,12
