d_t,d_h,thres,nDT,timeHin,bias,LL,BIC,AIC
-1.7665281287109272e-4,1.964613336644059,2.7245203379541634,0.9986089785058709,0.7572603458169371,0.009843559150237671,4.593132412852054,29.980680242502466,21.186264825704107
