d_t,d_h,thres,nDT,timeHin,bias,LL,BIC,AIC
-1.9483114353620712,-0.6555481897072422,1.1210606280633963,0.9998201022943495,-0.26704601804010375,0.2621743571281359,3.6656287986501437,27.935180824211166,19.331257597300286
