d_t,d_h,thres,nDT,timeHin,bias,LL,BIC,AIC
0.15171669418835865,-0.9013865580782294,1.6537177500488136,0.1392691664404545,-0.09868305636492888,-0.052875837746289095,-0,22.567200694161375,12
