d_t,d_h,thres,nDT,timeHin,bias,LL,BIC,AIC
0.5990989916026592,1.7968545475316473,1.5772965483156909,0.4197508625465499,0.6557823288799761,0.20499306887990404,-0,21.665507475865347,12
