d_t,d_h,thres,nDT,timeHin,bias,LL,BIC,AIC
-0.08175194130116314,-1.9026655170850437,1.934402617021079,0.9988860778352523,0.6113179826010607,0.159210037733697,4.246964881407053,29.097852989724984,20.493929762814105
