d_t,d_h,thres,nDT,timeHin,bias,LL,BIC,AIC
1.366469134846286,0.997234252560012,2.146653502068188,0.10941362699909268,0.10085604485243582,-0.4620033001715277,-0,21.332088368936482,12
