d_t,d_h,thres,nDT,timeHin,bias,LL,BIC,AIC
0.711441344811375,-0.8969069747357488,1.9481791998576554,0.3656117074633949,-0.1745260334573686,0.18792023851834777,-0,21.825516958358314,12
