d_t,d_h,thres,nDT,timeHin,bias,LL,BIC,AIC
0.23615886657874752,-1.985124203376472,2.6671466508861665,0.9090450122891999,-0.33338421464477064,0.27494019742875975,-0,22.567200694161375,12
