d_t,d_h,thres,nDT,timeHin,bias,LL,BIC,AIC
0.5092156432899033,-0.8170959328269152,0.7798929877475258,0.03856916547181882,0.9683772429219323,-0.8590964556102912,-0,18.546254720149896,12
