d_t,d_h,thres,nDT,timeHin,bias,LL,BIC,AIC
-1.9839848275615353,-1.895114100789519,0.761912010423839,0.9998985609579133,-0.002570400889835678,-0.8641006134501741,3.3463162538507896,28.518149466059892,18.69263250770158
