d_t,d_h,thres,nDT,timeHin,bias,LL,BIC,AIC
-1.0194979151710868,-0.35091814209031313,2.827082726504058,0.09499697196934054,-0.7100346175817084,0.4003545452374974,-0,22.705137803509565,12
