d_t,d_h,thres,nDT,timeHin,bias,LL,BIC,AIC
-0.22400165393742733,0.7015910682206747,2.1208579268813526,0.6823730157432203,0.09419923481370751,-0.43342435286304504,-0,22.13327672468362,12
