d_t,d_h,thres,nDT,timeHin,bias,LL,BIC,AIC
0.3941144902876689,0.9387898370623589,0.667888165127837,0.6770937357727438,-0.07022856470271188,-0.7578098047524691,-0,17.66663387499864,12
