d_t,d_h,thres,nDT,timeHin,bias,LL,BIC,AIC
1.994195202750131,1.7909270989186055,1.5955431116889418,0.9991183433405837,-0.003334444303926702,0.3590027582615073,3.354928092245818,28.69122606126951,18.709856184491635
