d_t,d_h,thres,nDT,timeHin,bias,LL,BIC,AIC
1.3320363610982895,-0.2042150463449932,1.0822589425293696,0.6393976565212179,0.9913470125757158,0.1829809463928728,-0,21.158163147696968,12
