d_t,d_h,thres,nDT,timeHin,bias,LL,BIC,AIC
1.9978104960887906,1.9914314914494753,1.4982065868504078,0.9975256961529192,-0.005557700625275781,-0.0656400179895564,3.3721208255220754,27.538657067842507,18.74424165104415
