d_t,d_h,thres,nDT,timeHin,bias,LL,BIC,AIC
-0.002954238061792805,0.26526523874409536,2.3241967420012704,0.9904843493589808,0.9782315765558249,-0.18039760627887655,6.531988491689636,36.65493077972523,25.06397698337927
