d_t,d_h,thres,nDT,timeHin,bias,LL,BIC,AIC
0.8394686101326972,0.3153670227297425,1.0839987920281917,0.9458572791577,0.1386705091896396,0.8742598895914853,-0,20.79441541679836,12
