d_t,d_h,thres,nDT,timeHin,bias,LL,BIC,AIC
1.2260891699104794,-1.9148765098572755,2.582659522627054,0.9988839163944658,-0.06432722612151714,0.1262572072476925,15.198906893463338,51.376859155725555,42.397813786926676
