d_t,d_h,thres,nDT,timeHin,bias,LL,BIC,AIC
1.2632065303244069,-0.5750593714701773,0.8529667057670918,0.5672743092423465,0.6327334148469084,0.3913697609677911,-0,21.158163147696968,12
