d_t,d_h,thres,nDT,timeHin,bias,LL,BIC,AIC
1.3535973887746156,0.3129330902864247,2.860874797036326,0.5942706297818977,-0.31056037625450283,0.8260535594845106,-0,20.407184289972932,12
