d_t,d_h,thres,nDT,timeHin,bias,LL,BIC,AIC
1.892609258292292,-1.2185554287761935,1.8720869039701982,0.6308165718852543,0.21938313730061054,-0.7509066353997808,-0,21.332088368936482,12
