d_t,d_h,thres,nDT,timeHin,bias,LL,BIC,AIC
-0.10000610302287317,-1.9256964626585034,1.7536258922065528,0.9950349335249593,0.5103875808822854,0.07085685869886266,4.293309614032886,28.579846289116993,20.58661922806577
