d_t,d_h,thres,nDT,timeHin,bias,LL,BIC,AIC
-0.9478289594218567,0.5444312598857846,1.4822114921934246,0.25674354091944357,-0.9107850121722446,0.5443954353946379,-0,21.332088368936482,12
