d_t,d_h,thres,nDT,timeHin,bias,LL,BIC,AIC
-1.2253675293177366,1.528230687886699,0.9704557992517948,0.42597567804942504,0.2469868451095502,-0.5184256350621581,-0,17.974393641323946,12
