d_t,d_h,thres,nDT,timeHin,bias,LL,BIC,AIC
-0.0055829342505028245,1.2776789598272649,1.7215885375409774,0.8650446283747442,0.25889193220064044,0.2218305580304383,-0,20.203774979918844,12
