d_t,d_h,thres,nDT,timeHin,bias,LL,BIC,AIC
-1.9621765966570843,0.7003852838057704,2.7805984815582634,0.36365464346893756,-0.27901928514995744,0.8468498144806775,-0,19.775021196025975,12
