d_t,d_h,thres,nDT,timeHin,bias,LL,BIC,AIC
-1.1983302424037792,-1.70488490909338,2.581840511754022,0.13706547324716878,0.4150374212977458,0.27342506914218323,-0,23.227206065447348,12
