d_t,d_h,thres,nDT,timeHin,bias,LL,BIC,AIC
0.003489402122795582,0.6694634173666616,1.0585121512413025,0.6006609763550506,0.1406120646593899,0.9082566375539497,-0,19.775021196025975,12
