d_t,d_h,thres,nDT,timeHin,bias,LL,BIC,AIC
-1.4290402398457582,0.7700959117238755,2.956770239986245,0.6343396284913124,-0.3192624228182356,-0.04196735750883818,-0,20.979045368798882,12
