d_t,d_h,thres,nDT,timeHin,bias,LL,BIC,AIC
1.980459002777934,1.0358892084824325,0.7703262873741723,0.9998954466995463,-0.3539773565415164,-0.17824544560442135,3.8021460079818676,27.37931321198971,19.604292015963736
