d_t,d_h,thres,nDT,timeHin,bias,LL,BIC,AIC
1.9659808474154625,1.8592499382793903,2.7238913747821485,0.9989049445921904,-0.18258097396435574,-0.13502291193824217,3.4832830894823466,26.515145407093588,18.966566178964694
