d_t,d_h,thres,nDT,timeHin,bias,LL,BIC,AIC
-1.2592157833684867,-0.8101749191725041,1.807665616280772,0.22172889664536344,-0.9168083080686236,-0.9279033299535513,-0,19.775021196025975,12
