d_t,d_h,thres,nDT,timeHin,bias,LL,BIC,AIC
-0.023570044678864255,-1.5779866487152248,1.401032483998575,0.8781654838534956,-1.9466037246551604e-4,-0.5302158015899641,-0,22.13327672468362,12
