d_t,d_h,thres,nDT,timeHin,bias,LL,BIC,AIC
-0.555794191173195,1.999224947690604,1.8128942208955843,0.9996027169896068,0.7258298851460216,0.5481359281999258,14.238661212729166,51.04452311961971,40.47732242545833
