d_t,d_h,thres,nDT,timeHin,bias,LL,BIC,AIC
-1.3055732010573973,0.9960312409369461,2.4891116960955695,0.584579113935454,0.9755911684423355,0.41002279760992794,-0,22.13327672468362,12
