d_t,d_h,thres,nDT,timeHin,bias,LL,BIC,AIC
-0.15090711042284966,-0.19571580842494263,2.5167175725102426,0.4098288463405334,-0.6558778601507181,0.19726555276972346,-0,23.227206065447348,12
