d_t,d_h,thres,nDT,timeHin,bias,LL,BIC,AIC
1.5864355447620009,-1.3500122594832862,1.445977948067159,0.9113280480901296,0.7068260405212641,-0.07529281930698095,-0,20.979045368798882,12
