d_t,d_h,thres,nDT,timeHin,bias,LL,BIC,AIC
-0.16321852213635113,-1.9752574118315684,0.9735774207836879,0.9984186270347691,0.9201460527374778,0.13100050492042012,5.110024127017568,32.50148065426098,22.220048254035135
