d_t,d_h,thres,nDT,timeHin,bias,LL,BIC,AIC
0.1590057570779317,-1.1261970694214778,2.729551999154797,0.9972328474386799,0.9916320451851249,-0.11401799084166041,10.893288221515803,40.854899425119285,33.786576443031606
