d_t,d_h,thres,nDT,timeHin,bias,LL,BIC,AIC
-1.9225318109983436,0.2582602094981071,1.0707647044046484,0.9976622252118199,-0.8900622404171893,-0.3304338154686557,11.438682931661688,41.945688845411055,34.87736586332338
