d_t,d_h,thres,nDT,timeHin,bias,LL,BIC,AIC
-1.9864627268221695,-1.9991312722773047,1.6241632869467137,0.998183126016542,0.02573566762486629,-0.17317328777193022,3.352340015839695,28.83795675636301,18.70468003167939
