d_t,d_h,thres,nDT,timeHin,bias,LL,BIC,AIC
1.0280262039640373,-0.16459770743382143,2.597182653285563,0.9932263490952976,-0.9842066927812994,0.14265462146098823,6.154501499599271,34.590435399424386,24.30900299919854
