d_t,d_h,thres,nDT,timeHin,bias,LL,BIC,AIC
-1.2966870361117777,1.1550182203714008,2.2212977552627384,0.7565794209134765,0.13431159546309387,-0.5703961400345369,-0,21.158163147696968,12
