d_t,d_h,thres,nDT,timeHin,bias,LL,BIC,AIC
-1.9853177405893803,-0.24050895875686185,2.5626741863787172,0.9890264486220754,-0.49631244423260434,0.4645760334096849,-0,15.389696144769221,12
