d_t,d_h,thres,nDT,timeHin,bias,LL,BIC,AIC
-1.2709747713587074,-0.2566277691266139,2.0749684428165485,0.7099651195039041,0.053799769984549495,-0.5649910551187242,-0,15.389696144769221,12
