d_t,d_h,thres,nDT,timeHin,bias,LL,BIC,AIC
1.8544363646229272,0.08897614583109226,0.8658778723192575,0.9989044835076031,-0.6135706429557309,-0.13557825565159662,4.335970349421033,30.004029067778546,20.671940698842064
