d_t,d_h,thres,nDT,timeHin,bias,LL,BIC,AIC
-1.9175486154161794,-0.06315027960740713,1.8887953642755746,0.9997020348813327,-0.57602513853156,0.06783550283425857,4.306746151700417,29.945580672337314,20.613492303400832
