d_t,d_h,thres,nDT,timeHin,bias,LL,BIC,AIC
-1.7537300734192391,0.7773355852151502,2.831515723201529,0.7627683743229136,-0.324263752438128,-0.8360577747225761,-0,21.332088368936482,12
