d_t,d_h,thres,nDT,timeHin,bias,LL,BIC,AIC
0.8077759090753092,1.1340153608471155,1.5279161074461034,0.2655075023918006,0.19309734149845093,0.32783817442951546,-0,20.979045368798882,12
