d_t,d_h,thres,nDT,timeHin,bias,LL,BIC,AIC
-0.17700395093265336,-0.26453469405394614,2.218975848890841,0.5758726023229528,-0.9575682803988457,0.18667817460452701,-0,20.60392322691088,12
