d_t,d_h,thres,nDT,timeHin,bias,LL,BIC,AIC
-1.8381415401470222,-0.21610146028980515,1.5028865000233054,0.2530697751752229,-0.4725376260868952,-0.8018491957336664,-0,20.407184289972932,12
