d_t,d_h,thres,nDT,timeHin,bias,LL,BIC,AIC
0.13284690542046543,-0.8412120618264515,1.3420566799119116,0.9979148300674554,0.9866024844164074,-0.03198740659729253,12.833337298386084,48.37181240028173,37.66667459677217
