d_t,d_h,thres,nDT,timeHin,bias,LL,BIC,AIC
0.4444067075143838,0.032181020115047365,1.526185564983548,0.3628645020100971,0.8774099247607964,-0.2505590133368969,-0,13.183347464017316,12
