d_t,d_h,thres,nDT,timeHin,bias,LL,BIC,AIC
-0.4459426570683718,-1.8874394056114927,0.8627496648161948,0.9989530930609553,0.6536963354667019,0.29229473742400747,9.0203049358164,40.466627581333015,30.0406098716328
