d_t,d_h,thres,nDT,timeHin,bias,LL,BIC,AIC
0.08897429890930653,-0.6017929641734557,2.78345175908452,0.4218493402944636,-0.39418107240462175,-0.13917607394790296,-0,13.815510557964275,12
