d_t,d_h,thres,nDT,timeHin,bias,LL,BIC,AIC
-1.656150632724166,0.004328663957205325,2.762939400572114,0.03980134960031134,-0.4592083655934572,-0.9378076191671204,-0,20.79441541679836,12
