d_t,d_h,thres,nDT,timeHin,bias,LL,BIC,AIC
-1.1666469435274995,-0.19332356105499948,2.8304306314485643,0.6530320433077161,-0.025652104057371616,0.2526945108547807,-0,20.60392322691088,12
