d_t,d_h,thres,nDT,timeHin,bias,LL,BIC,AIC
0.8975188205547682,-1.1176416601748826,1.330139022275345,0.7239433201472275,0.6403808218922581,0.7936157418175849,-0,18.812965295574898,12
