d_t,d_h,thres,nDT,timeHin,bias,LL,BIC,AIC
-0.9113917040058972,-1.0071165077388287,0.7572223004013067,0.534734813266147,-0.18925380759132082,-0.6262765743390866,-0,19.313254949209202,12
