d_t,d_h,thres,nDT,timeHin,bias,LL,BIC,AIC
-1.889298251709559,-0.16560064362660482,2.360005848023221,0.9982334304049416,-0.3594229293085345,0.23612430349759203,3.784093807168482,28.172110841247843,19.568187614336964
