d_t,d_h,thres,nDT,timeHin,bias,LL,BIC,AIC
-1.9380098395289393,-0.19051135506575173,2.959678825824533,0.9967364392708451,-0.3625931278610414,0.18722799252648992,3.7897851186077434,27.986754527188417,19.579570237215485
