d_t,d_h,thres,nDT,timeHin,bias,LL,BIC,AIC
0.6596134474669314,-0.8097106720810776,2.03367629670706,0.8505854253907634,-0.4593215344546781,-0.9397429301907211,-0,15.389696144769221,12
