d_t,d_h,thres,nDT,timeHin,bias,LL,BIC,AIC
1.141445808616592,1.3417302376168125,2.8991888724763193,0.3549010391521997,0.01139707252480103,0.5720640548739275,-0,23.227206065447348,12
