d_t,d_h,thres,nDT,timeHin,bias,LL,BIC,AIC
1.3869743939607835,-0.06141106599053624,1.813190917713445,0.8204050218174234,0.046379064154062316,-0.8081544954329729,-0,23.350921788663758,12
