d_t,d_h,thres,nDT,timeHin,bias,LL,BIC,AIC
0.3145799477894507,1.9117839634418488,0.6355675592584944,0.6158598536435942,-0.46831235894933343,-0.5435363228390386,-0,22.97184837893457,12
