d_t,d_h,thres,nDT,timeHin,bias,LL,BIC,AIC
1.4102271891472562,0.6232104375958443,1.8601230365023762,0.5802492632241569,0.5006994949849073,0.8862456418573856,-0,22.839974938621918,12
