d_t,d_h,thres,nDT,timeHin,bias,LL,BIC,AIC
-0.8023675523418138,1.3916341227825249,1.9362706465163992,0.8116970683016589,0.6438626771482665,0.69440051875085,-0,22.281432400225846,12
