d_t,d_h,thres,nDT,timeHin,bias,LL,BIC,AIC
0.6041619627059203,-0.08969498080944804,1.7943675045186225,0.33421630302433053,0.2929386428514658,0.37381705129519105,-0,21.665507475865347,12
