d_t,d_h,thres,nDT,timeHin,bias,LL,BIC,AIC
-1.3514798328630202,-1.4993563785651511,2.0435538211697675,0.43619509630902764,-0.6303398196279131,0.11272282220608597,-0,11.675460894331879,12
