d_t,d_h,thres,nDT,timeHin,bias,LL,BIC,AIC
1.4368490439895916,0.3077440819260632,1.7971497508711076,0.8738779964960204,-0.43054097378626466,0.5561391377344692,-0,11.675460894331879,12
