d_t,d_h,thres,nDT,timeHin,bias,LL,BIC,AIC
0.15097369030298757,-0.9478466352447867,2.316342000006947,0.7771257273387164,0.04256048174780214,-0.07856280929760123,-0,13.815510557964275,12
