d_t,d_h,thres,nDT,timeHin,bias,LL,BIC,AIC
-1.0933593710233205,-1.9046674933728067,1.1428280521996246,0.9993185870142304,0.18557082974796857,0.40801665957093874,3.4973203115494114,27.789056039897183,18.994640623098825
