d_t,d_h,thres,nDT,timeHin,bias,LL,BIC,AIC
0.18313420079809117,1.8342287573475882,1.9208867934490028,0.9943539726110566,0.9331971573572346,-0.7622375136900102,9.65373049104838,40.28650635089564,31.30746098209676
