d_t,d_h,thres,nDT,timeHin,bias,LL,BIC,AIC
-0.8293929241059255,-0.5937907840435097,1.1848412819757126,0.26828605514252557,0.43122787250081807,-0.7658248655498028,-0,21.158163147696968,12
