d_t,d_h,thres,nDT,timeHin,bias,LL,BIC,AIC
0.6604043681229337,-1.237771838131331,1.338443047440069,0.4858163159005582,0.19609861915004223,0.34897366699248333,-0,21.158163147696968,12
