d_t,d_h,thres,nDT,timeHin,bias,LL,BIC,AIC
-0.7969120232766909,0.795108842419699,2.5908648411598536,0.7842686499012469,-0.8429701899113041,0.09820636948506323,-0,19.993227061051222,12
