d_t,d_h,thres,nDT,timeHin,bias,LL,BIC,AIC
-0.8572658770527195,-0.647248230350983,2.9464602498337626,0.17821470512198925,0.6192896310218438,0.9975358600677462,-0,20.203774979918844,12
