d_t,d_h,thres,nDT,timeHin,bias,LL,BIC,AIC
1.01406238997472,0.9688150670795161,2.065526253171265,0.0909582597506346,-0.016619333225299765,-0.4315797764054013,-0,20.79441541679836,12
