d_t,d_h,thres,nDT,timeHin,bias,LL,BIC,AIC
1.6047856714576483,0.06357220997456724,1.3971197501678039,0.6054883612379588,-0.7976761452545604,-0.09299409771107386,14.797521579591432,48.663366141270544,41.595043159182865
