d_t,d_h,thres,nDT,timeHin,bias,LL,BIC,AIC
0.4195473008331956,-1.602501591667533,2.1422988306730986,0.08344527272973212,0.6181794325821102,-0.616984498089945,-0,13.183347464017316,12
