d_t,d_h,thres,nDT,timeHin,bias,LL,BIC,AIC
-0.23158955853432417,0.5640099446549094,1.825353925125115,0.63760419788988,0.031325101099539565,-0.03211805153379893,-0,12.476649250079014,12
