d_t,d_h,thres,nDT,timeHin,bias,LL,BIC,AIC
-1.900779198294579,-1.9940991022816157,2.665667699710243,0.760443217438008,0.003646320863288033,-0.9955379258745471,3.341324231907827,26.675875524866875,18.682648463815653
