d_t,d_h,thres,nDT,timeHin,bias,LL,BIC,AIC
-1.990500159561634,-0.050958369263670936,2.186752996448623,0.9967244527420355,-0.8977858792059124,-0.4833148194960005,9.625391707042596,37.79703813423509,31.25078341408519
