d_t,d_h,thres,nDT,timeHin,bias,LL,BIC,AIC
0.6886181952431798,1.6461218075250037,2.7171034259721636,0.29087832072482916,-0.7626281771074663,-0.5549190991531883,-0,20.79441541679836,12
