d_t,d_h,thres,nDT,timeHin,bias,LL,BIC,AIC
-1.8859531324467786,-1.9976992489272078,1.8550482250027671,0.9837533805246615,0.00723461458178748,-0.9980512321784123,3.340558658341747,26.674344377734716,18.681117316683494
