d_t,d_h,thres,nDT,timeHin,bias,LL,BIC,AIC
0.6148615744817116,-0.07736627083517252,2.1579263673942686,0.9931643714857761,-0.9694666140393435,0.0991203695005918,13.02457516091528,43.715784196829205,38.04915032183056
