d_t,d_h,thres,nDT,timeHin,bias,LL,BIC,AIC
-1.7205815301973142,-0.21610443206932073,2.9584064890711854,0.9987852942437877,-0.4732814573526767,0.5359973777882953,8.544073493396946,34.75478086179253,29.08814698679389
