d_t,d_h,thres,nDT,timeHin,bias,LL,BIC,AIC
1.9727596770972013,0.18506777435217137,1.806545982474445,0.7396446718184837,0.7690593463833124,0.6125899503207752,-0,21.50111363073666,12
