d_t,d_h,thres,nDT,timeHin,bias,LL,BIC,AIC
1.3500277187497434,1.9691490863957584,2.5917098119663704,0.9996461226486811,0.14287627887563384,-0.5189403057036712,3.4094426171518415,27.797930603102564,18.818885234303682
