d_t,d_h,thres,nDT,timeHin,bias,LL,BIC,AIC
0.9952710435525081,0.606274750639439,1.8645789998186149,0.5806714093215666,-0.38075361875857044,-0.33685279309387134,-0,23.10088561026035,12
