d_t,d_h,thres,nDT,timeHin,bias,LL,BIC,AIC
1.9674062224677416,1.970943914632922,0.8884968759744181,0.9995098075383074,0.0561981679994655,-0.3607395810665992,3.3554081709937296,27.689861710786342,18.71081634198746
