d_t,d_h,thres,nDT,timeHin,bias,LL,BIC,AIC
-0.11543948612072719,0.059856184758245945,1.5891543103031096,0.7672962197847665,0.9385257459045651,-0.38846526929245706,-0,20.60392322691088,12
