d_t,d_h,thres,nDT,timeHin,bias,LL,BIC,AIC
1.5084033012390137,0.7660570117440475,1.9999146769295064,0.42562904823223485,0.17023377362599543,0.5317590677000548,-0,15.389696144769221,12
