d_t,d_h,thres,nDT,timeHin,bias,LL,BIC,AIC
0.13767700902779417,1.9704949034319363,2.5833654196972273,0.9997125469893217,0.5676573044346984,-0.16265522483560202,4.18802698733577,30.04156145053689,20.376053974671542
