d_t,d_h,thres,nDT,timeHin,bias,LL,BIC,AIC
-1.899264961090861,0.8531083781272173,0.8587662750316871,0.9307330478772395,-0.3971700631082058,0.48362498411674054,-0,21.50111363073666,12
