d_t,d_h,thres,nDT,timeHin,bias,LL,BIC,AIC
0.6609063478425059,1.266064084134996,0.7921106846728472,0.6615640579862474,-0.9746171226724982,0.7079462188559346,-0,19.068322982087675,12
