d_t,d_h,thres,nDT,timeHin,bias,LL,BIC,AIC
0.08950154111875822,1.5554084181239998,2.081574222072429,0.9971545538291672,0.6997352059380504,-0.09710132945435906,4.533822336369238,30.225807820435442,21.067644672738474
