d_t,d_h,thres,nDT,timeHin,bias,LL,BIC,AIC
-1.8987486995656735,-1.9786144825689276,1.9371017202870882,0.6579847503826771,-0.0037317590838846365,-0.9946070272954074,3.3420081464963776,27.287939519903635,18.684016292992755
