d_t,d_h,thres,nDT,timeHin,bias,LL,BIC,AIC
-0.1846502053830652,0.010540706320008128,2.4566169855510873,0.9227868155989173,-0.3830095441320371,-0.3717433935072343,-0,19.068322982087675,12
