d_t,d_h,thres,nDT,timeHin,bias,LL,BIC,AIC
0.8347906844386259,0.8198771537697256,1.9871871155738154,0.7155107530164581,0.5603439706815846,0.2022883179293063,-0,21.332088368936482,12
