d_t,d_h,thres,nDT,timeHin,bias,LL,BIC,AIC
0.21718299664753882,-0.03591339812936717,0.6778347014302274,0.4586250073890925,-0.25225857822138575,-0.11340374563454914,-0,18.546254720149896,12
