d_t,d_h,thres,nDT,timeHin,bias,LL,BIC,AIC
0.17730181105434895,-0.7918344078125328,1.0577960644765465,0.6901195685390906,0.28416345791375924,-0.28432798059657216,-0,21.50111363073666,12
