d_t,d_h,thres,nDT,timeHin,bias,LL,BIC,AIC
-1.6880414374172688,-1.4403165597468615,1.0258306128193486,0.4145521192228102,0.7223242658788598,0.2912981452423177,-0,21.665507475865347,12
