d_t,d_h,thres,nDT,timeHin,bias,LL,BIC,AIC
1.3170533987762802,1.7519839010195326,0.9603355977538741,0.08521587217184545,0.6847456954988795,0.35478176502510905,-0,20.60392322691088,12
