d_t,d_h,thres,nDT,timeHin,bias,LL,BIC,AIC
0.54459031485723,-0.5944875441978857,1.1786254635738471,0.24499794960595092,0.3353695015964997,0.9073107549920678,-0,23.227206065447348,12
