d_t,d_h,thres,nDT,timeHin,bias,LL,BIC,AIC
0.0813274209418007,1.8308209935203195,1.3739799592844166,0.9908729534958588,0.860694038462108,-0.10625739405520362,4.899831581925561,31.300776794587783,21.799663163851122
