d_t,d_h,thres,nDT,timeHin,bias,LL,BIC,AIC
-0.13802229772951569,-0.29229847993701696,1.7604016058820569,0.6833868975620062,-0.1249051684118189,0.9121359359059791,-0,20.407184289972932,12
