d_t,d_h,thres,nDT,timeHin,bias,LL,BIC,AIC
-1.3947969989660804,0.3199747819453478,0.8131917555738932,0.2552460820673552,0.4904408188761952,0.28944440407482463,-0,11.675460894331879,12
