d_t,d_h,thres,nDT,timeHin,bias,LL,BIC,AIC
-1.0663967394334344,-0.09856289403581353,1.5924593902383786,0.5324418263171504,-0.02291788555074914,0.4436574455006945,-0,10.75055681536833,12
