d_t,d_h,thres,nDT,timeHin,bias,LL,BIC,AIC
1.51686108824731,0.37358316161762234,1.764508368316444,0.5967891920194961,-0.05143588548526168,0.3426081712309762,-0,22.567200694161375,12
