d_t,d_h,thres,nDT,timeHin,bias,LL,BIC,AIC
0.6905263351689039,1.4924373541639175,1.6687681919727397,0.39646830690559,0.35701795394243707,0.38994616435459695,-0,15.389696144769221,12
