d_t,d_h,thres,nDT,timeHin,bias,LL,BIC,AIC
0.4667471530694456,1.7321578684477363,2.4470522951334712,0.5066304082774221,0.016972417649410876,-0.31289838397273606,-0,16.9992800643373,12
