d_t,d_h,thres,nDT,timeHin,bias,LL,BIC,AIC
0.009133429486385403,-1.819832382723689,2.8143851445788806,0.6259195223691301,0.9137260914429102,0.4297719434458036,-0,20.979045368798882,12
