d_t,d_h,thres,nDT,timeHin,bias,LL,BIC,AIC
-1.2204578697322443,0.8191222594442061,1.7044726895957625,0.11624984396621585,-0.9354995181569428,-0.6467300388030708,-0,15.389696144769221,12
