d_t,d_h,thres,nDT,timeHin,bias,LL,BIC,AIC
0.038807127545355556,-1.3937993522384866,1.1641374537082287,0.997616908573455,0.9831254910059699,-0.04107445554144027,24.37464427549593,71.58926348961377,60.74928855099186
