d_t,d_h,thres,nDT,timeHin,bias,LL,BIC,AIC
1.6730675747132624,-0.029676353558897972,2.3742063648998735,0.898973709124824,-0.7331188369965873,-0.5315364452526006,-0,17.342230547376985,12
