d_t,d_h,thres,nDT,timeHin,bias,LL,BIC,AIC
1.6786916942411305,-1.9717253302535998,2.2340733668984694,0.9985625536330491,0.17107715996898853,-0.5527770530790115,18.383524155154813,59.60702324893154,48.767048310309626
