d_t,d_h,thres,nDT,timeHin,bias,LL,BIC,AIC
0.49910295792956605,0.5840759881837179,2.5030340835223615,0.4160797504558396,-0.09881503600627184,0.11028279633444682,-0,13.815510557964275,12
