d_t,d_h,thres,nDT,timeHin,bias,LL,BIC,AIC
-0.7522177156060934,1.2497096519159776,2.576510962141556,0.7678206039084877,-0.38888020953163505,-0.9803184272179708,-0,13.815510557964275,12
