d_t,d_h,thres,nDT,timeHin,bias,LL,BIC,AIC
0.02803073753388871,-1.6536639428722486,1.331470120207085,0.9971390368615878,0.9204403035560483,0.08211731549229848,4.889736231010644,31.604989420379603,21.77947246202129
