d_t,d_h,thres,nDT,timeHin,bias,LL,BIC,AIC
1.2696481294879598,-1.347840461853904,2.4407089303244303,0.05218088081497346,-0.3596237518666251,-0.08983846516800431,-0,21.332088368936482,12
