d_t,d_h,thres,nDT,timeHin,bias,LL,BIC,AIC
0.43407011965161124,-0.13261650596933006,1.1644991953585997,0.06853814295662786,-0.3384019318036735,-0.4377956769965917,-0,12.476649250079014,12
