d_t,d_h,thres,nDT,timeHin,bias,LL,BIC,AIC
-0.8555562905967236,1.8502643991377281,0.9885857904733977,0.49269226357183504,0.6779910954646766,0.2755962892400927,-0,12.476649250079014,12
