d_t,d_h,thres,nDT,timeHin,bias,LL,BIC,AIC
-0.07385477770112989,0.6891405884991597,2.3958658615669135,0.9976968671216476,0.7502183048054576,0.18126733431987177,7.506984076667858,35.6178913802466,27.013968153335718
