d_t,d_h,thres,nDT,timeHin,bias,LL,BIC,AIC
-0.14801740175383626,0.02844275627285242,2.8555926594883205,0.9998312118400883,0.7293920687802543,0.7237277097675088,-0,22.705137803509565,12
