d_t,d_h,thres,nDT,timeHin,bias,LL,BIC,AIC
1.9769719396864547,0.04291617901031427,2.007761811818188,0.9942708190531835,-0.9009682979225776,-0.06489517961272573,5.07121589250923,31.12147715381734,22.14243178501846
