d_t,d_h,thres,nDT,timeHin,bias,LL,BIC,AIC
0.27326490306717677,-0.5664056749720885,1.3717534789532664,0.9377836217811868,-0.3518704094844645,0.028869831617926098,-0,20.60392322691088,12
