d_t,d_h,thres,nDT,timeHin,bias,LL,BIC,AIC
-1.9295601717095838,-1.9840913320518072,2.3496547615849757,0.9986705936386535,0.002859150200225406,-0.9994888150900413,3.3423796143665565,27.663804597531996,18.684759228733114
