d_t,d_h,thres,nDT,timeHin,bias,LL,BIC,AIC
0.6177979261979287,-1.2666467456394486,1.2636892779863516,0.029987230951174504,-0.3739208895097719,-0.1605418735092299,-0,20.979045368798882,12
