d_t,d_h,thres,nDT,timeHin,bias,LL,BIC,AIC
1.5035902489252573,-0.701001142486656,1.7390965721152079,0.371489848464545,0.14310174016281962,0.3934421783016781,-0,20.979045368798882,12
