d_t,d_h,thres,nDT,timeHin,bias,LL,BIC,AIC
1.9566229897671195,1.8749535279348493,1.627003925551675,0.9923545047635733,0.00707517845606375,0.9971805094316326,3.341999701100359,27.842162549897687,18.68399940220072
