d_t,d_h,thres,nDT,timeHin,bias,LL,BIC,AIC
1.989959916541456,1.9792744144836978,1.9804070216115448,0.8561860965035603,-0.0056520318111095745,0.9997676602303877,3.3409785458922796,28.507474050142875,18.68195709178456
