d_t,d_h,thres,nDT,timeHin,bias,LL,BIC,AIC
-0.8213146918743164,0.046981486305399944,2.4869288639742626,0.9731732474639386,-0.41668737621102636,0.17085805583138047,-0,22.97184837893457,12
