d_t,d_h,thres,nDT,timeHin,bias,LL,BIC,AIC
-1.5323680691325277,0.8155655259864201,1.3286392422392965,0.20322597807528509,0.47260381194465917,-0.1372901853973657,-0,23.10088561026035,12
