d_t,d_h,thres,nDT,timeHin,bias,LL,BIC,AIC
1.6224473545878482,-1.3445266824640631,2.0724441323429343,0.22882118006305446,0.021858455043797423,-0.24509682556127355,-0,19.775021196025975,12
