d_t,d_h,thres,nDT,timeHin,bias,LL,BIC,AIC
0.642919666133821,1.0660950936580966,2.4601747393958395,0.19895618105307222,0.33846940379589796,-0.5351489270083971,-0,19.775021196025975,12
