d_t,d_h,thres,nDT,timeHin,bias,LL,BIC,AIC
-0.2330814742991564,-1.9554983932808168,1.0724859334512007,0.9953488019773059,0.396355782489964,0.18095495968807856,3.9066505416074224,29.79467095999272,19.813301083214846
