d_t,d_h,thres,nDT,timeHin,bias,LL,BIC,AIC
-1.9371022998616412,-1.9961800948549806,1.3416517517560038,0.9728934796276707,-0.06944137871526554,0.8243466179135115,12.127782531173693,45.049980479145745,36.25556506234739
