d_t,d_h,thres,nDT,timeHin,bias,LL,BIC,AIC
-1.9537374196177861,1.080742359618509,2.3129231204535503,0.6970025901963032,-0.03349972598046659,-0.6246896331139101,10.265592815387025,42.35670258913237,32.53118563077405
