d_t,d_h,thres,nDT,timeHin,bias,LL,BIC,AIC
-1.9795866405567752,-1.800010627614432,2.6265208815530126,0.9467737081317954,-8.120967254728467e-4,-0.9989679343691179,3.34996447360418,28.365436423073707,18.69992894720836
