d_t,d_h,thres,nDT,timeHin,bias,LL,BIC,AIC
-0.6243662269464572,1.8573732206811269,1.6333507079985283,0.598249774280226,0.1118073824560541,-0.5346076032146811,-0,6.591673732008658,12
