d_t,d_h,thres,nDT,timeHin,bias,LL,BIC,AIC
0.6320515571723146,1.8027040970844046,2.77822299749893,0.02943857904705366,-0.5863190474919975,-0.023180112723074617,-0,6.591673732008658,12
