d_t,d_h,thres,nDT,timeHin,bias,LL,BIC,AIC
0.2966918723573686,1.9666431862860918,2.7940226566200916,0.9996069462440246,0.2493208835890179,-0.12470981733495828,3.5231064207823257,26.594792069693547,19.046212841564653
