d_t,d_h,thres,nDT,timeHin,bias,LL,BIC,AIC
-1.810990972444415,-1.004196971068356,1.2573585861786105,0.8325653327289042,-0.21549647029344415,-0.19328161841258407,-0,21.50111363073666,12
