d_t,d_h,thres,nDT,timeHin,bias,LL,BIC,AIC
0.018004498921361967,0.48638515698075313,2.87527164836248,0.7526147046202226,-0.06452175659389342,0.8168326182912526,-0,20.79441541679836,12
