d_t,d_h,thres,nDT,timeHin,bias,LL,BIC,AIC
-1.9560385940207827,1.9695016618286862,2.259336470177881,0.9995671712738231,-0.021909289553492618,-0.46952974390491786,7.311650800626129,35.95538997018874,26.62330160125226
