d_t,d_h,thres,nDT,timeHin,bias,LL,BIC,AIC
-1.9363984538547754,1.1482012260352688,1.3696949019967402,0.9805709581366897,-0.06191447878049616,-0.662408300663156,10.162051895861358,41.6561921606592,32.32410379172272
