d_t,d_h,thres,nDT,timeHin,bias,LL,BIC,AIC
1.072512956919184,1.8967671129678383,0.6111105448420382,0.9465083794551902,-0.6249066251451615,0.5229454824909758,-0,21.50111363073666,12
