d_t,d_h,thres,nDT,timeHin,bias,LL,BIC,AIC
0.1657436963561406,0.17987048872404232,0.6834134064434141,0.7511317441695432,0.6796749266750567,-0.9426421043463051,-0,22.567200694161375,12
