d_t,d_h,thres,nDT,timeHin,bias,LL,BIC,AIC
-1.9836664296018394,-1.9981497399295671,0.9434837764729087,0.9995577996053604,-0.02378276641630487,-0.4724233408205212,3.6360334042670237,30.112041747155963,19.27206680853405
