d_t,d_h,thres,nDT,timeHin,bias,LL,BIC,AIC
1.8133295527953432,-0.882639530653707,2.5410144173633875,0.44453821213450284,-0.7400549203157425,-0.20177562658366371,-0,22.42601770970021,12
