d_t,d_h,thres,nDT,timeHin,bias,LL,BIC,AIC
0.29177716148134647,-0.41576362457522265,2.6361260639503596,0.2570740543522684,-0.7392983799781895,0.23902328037596435,-0,23.10088561026035,12
