d_t,d_h,thres,nDT,timeHin,bias,LL,BIC,AIC
1.3949189836628284,-0.047217488941039,2.714729193462701,0.41706207331579065,-0.4822644481954965,0.2765419699294132,-0,23.10088561026035,12
