d_t,d_h,thres,nDT,timeHin,bias,LL,BIC,AIC
0.6289509596770586,1.5367763886885457,2.304012248113253,0.3996501708055795,-0.3967992251191518,-0.1496335196150994,-0,22.281432400225846,12
