d_t,d_h,thres,nDT,timeHin,bias,LL,BIC,AIC
-0.9729845377510573,0.7251480761279878,2.2264902044585444,0.3064622883748077,0.48010823549702764,0.07199487794874265,-0,23.10088561026035,12
