d_t,d_h,thres,nDT,timeHin,bias,LL,BIC,AIC
0.35874884241857935,-1.905221295543015,1.7592718989640934,0.9810682142492102,0.5576720473929964,-0.2517622966291726,9.143569573003685,38.062160342033344,30.28713914600737
