d_t,d_h,thres,nDT,timeHin,bias,LL,BIC,AIC
1.9723136394194962,-0.9984359145669317,0.6803585801558976,0.6764099389424557,-0.19867730631223496,0.1862777053608395,7.924022161575988,37.82941419992985,27.848044323151974
