d_t,d_h,thres,nDT,timeHin,bias,LL,BIC,AIC
-1.6618000660091639,-0.5235363977257869,1.6825676349923016,0.09530065610539173,-0.31361101288348436,0.10731632715535219,-0,22.97184837893457,12
