d_t,d_h,thres,nDT,timeHin,bias,LL,BIC,AIC
1.9884429190515598,-1.1369994922455897,2.4068217200381774,0.6802832279056524,-0.17912550407110975,0.3261767943905489,7.953693558349304,37.888756993476484,27.907387116698608
