d_t,d_h,thres,nDT,timeHin,bias,LL,BIC,AIC
-0.746770162962106,0.7424958596823457,1.9681660691316099,0.6153799179389776,0.9695707868892259,0.5205571454442717,-0,22.839974938621918,12
