d_t,d_h,thres,nDT,timeHin,bias,LL,BIC,AIC
0.9206675086431115,0.019662687609023566,1.0659869108487356,0.15284465924142746,0.6119659724159893,0.03787550386132588,-0,16.635532333438686,12
