d_t,d_h,thres,nDT,timeHin,bias,LL,BIC,AIC
-0.5494914641603827,-1.5060180636960374,1.0545861164307815,0.31283060296429865,-0.42876256277643116,0.12709584488080095,-0,16.635532333438686,12
