d_t,d_h,thres,nDT,timeHin,bias,LL,BIC,AIC
0.583689425586486,1.30102025536836,2.4510654768937736,0.969929693653827,0.056982374363114596,-0.9003103678971252,-0,21.825516958358314,12
