d_t,d_h,thres,nDT,timeHin,bias,LL,BIC,AIC
-0.027293253131210782,-0.010558874616882985,2.397536346848668,0.7530334821653312,0.49848229772301966,0.5175245632681938,-0,19.993227061051222,12
