d_t,d_h,thres,nDT,timeHin,bias,LL,BIC,AIC
0.8473232895387183,1.9917355699139516,1.8376916101680139,0.962479710407391,-0.9824333572760224,0.9994724305487162,3.340535522603962,26.88484602512677,18.681071045207922
