d_t,d_h,thres,nDT,timeHin,bias,LL,BIC,AIC
1.9133522501215339,0.27944531373212644,1.720950490105495,0.4965993039699962,0.1733361688306037,0.8074470046821423,-0,20.79441541679836,12
