d_t,d_h,thres,nDT,timeHin,bias,LL,BIC,AIC
-0.1655785425631443,1.9840601832112177,2.4975631004199386,0.71779738635489,-0.014230283170666647,0.9998191546894092,3.3405858027198216,26.884946585358488,18.681171605439644
