d_t,d_h,thres,nDT,timeHin,bias,LL,BIC,AIC
-1.8980531612636,0.09381924569606781,1.0809378674945807,0.9091665022494272,0.18087518621281978,-0.5037623718380928,-0,20.979045368798882,12
