d_t,d_h,thres,nDT,timeHin,bias,LL,BIC,AIC
0.23276202904760956,0.5430813315955161,1.245656199905563,0.19487472542626438,-0.3096404264113921,-0.17130153724079955,-0,17.342230547376985,12
