d_t,d_h,thres,nDT,timeHin,bias,LL,BIC,AIC
0.3158018564291275,1.8307504148065645,1.9074724865382957,0.5959283401003134,-0.9938808613633121,-0.7704037027433515,-0,18.812965295574898,12
