d_t,d_h,thres,nDT,timeHin,bias,LL,BIC,AIC
0.33410134352743626,-0.461165875383061,1.0339288724586368,0.22171071992255753,-0.006978204008191824,0.10474230907857418,-0,18.812965295574898,12
