d_t,d_h,thres,nDT,timeHin,bias,LL,BIC,AIC
-1.8898400338366628,-0.08497743401676416,1.5688811448343118,0.726957447079476,-0.22709097392748584,0.4824402920754475,-0,20.203774979918844,12
