d_t,d_h,thres,nDT,timeHin,bias,LL,BIC,AIC
0.7423094490204758,-0.5041009294907466,1.289344399365632,0.8471438447781645,-0.524123865466047,0.2590225930325687,-0,20.79441541679836,12
