d_t,d_h,thres,nDT,timeHin,bias,LL,BIC,AIC
0.9590957388281822,1.5851915648099608,1.4461985300826212,0.6304004807082083,-0.7253854337446903,-0.38194375673185743,-0,20.407184289972932,12
