d_t,d_h,thres,nDT,timeHin,bias,LL,BIC,AIC
-1.8421038021696616,1.5348124819860856,1.9148937455964838,0.9864821555969486,0.29381838953122497,0.37235364210692884,-0,20.79441541679836,12
