d_t,d_h,thres,nDT,timeHin,bias,LL,BIC,AIC
-1.7183274857926845,-1.4703393383669972,1.9354529961869071,0.9353441674039764,0.05842359735721953,0.9773639835191894,7.919511827355783,38.26504136441178,27.839023654711568
