d_t,d_h,thres,nDT,timeHin,bias,LL,BIC,AIC
-1.1079923544972707,0.7208736959615795,0.8947613220944306,0.9932284087524548,0.06571483617584763,0.1837251907581287,12.252036118283831,46.93008994626787,36.504072236567666
