d_t,d_h,thres,nDT,timeHin,bias,LL,BIC,AIC
1.996158941886949,1.877187777472932,1.567935315147042,0.8032560853493959,-0.004289700219203088,0.9985920789420455,3.341615234147063,24.34986434329277,18.683230468294127
