d_t,d_h,thres,nDT,timeHin,bias,LL,BIC,AIC
-1.7901698851989747,-1.6623682416975498,2.0043794334509686,0.18477809387078578,0.5080737512816056,0.582787959070602,-0,19.993227061051222,12
