d_t,d_h,thres,nDT,timeHin,bias,LL,BIC,AIC
1.831652158219007,0.1640189047584369,2.7316326970742404,0.9965224556211504,-0.5100170485541717,-0.1484737467774438,4.146359436661489,25.63494942069996,20.292718873322976
