d_t,d_h,thres,nDT,timeHin,bias,LL,BIC,AIC
0.13528167540084762,1.9047427964797623,0.673485816327353,0.9987412475391779,0.915626563348445,-0.2241533443845638,5.437316972499513,33.441834639160405,22.874633944999026
