d_t,d_h,thres,nDT,timeHin,bias,LL,BIC,AIC
-1.5662856232374907,1.25678485725075,1.3218703664787679,0.4404327866080854,-0.4870253375176963,-0.2706528589194776,-0,20.407184289972932,12
