d_t,d_h,thres,nDT,timeHin,bias,LL,BIC,AIC
-1.9595031662649627,-1.9512765315428575,2.965984925468399,0.8224201726494356,0.00473742166871387,-0.9999914876286362,3.348106679587908,29.66806173811039,18.696213359175815
