d_t,d_h,thres,nDT,timeHin,bias,LL,BIC,AIC
1.3213627851147216,0.8875832892604648,1.8906390377014106,0.9868422815629746,0.08415570186803556,-0.07981484988431953,-0,20.60392322691088,12
