d_t,d_h,thres,nDT,timeHin,bias,LL,BIC,AIC
1.99265624633233,1.998117126572834,1.1917062548920514,0.9986949518098225,0.18553405016870947,-0.1385784057762713,4.013480730890957,20.50361071186093,20.026961461781916
