d_t,d_h,thres,nDT,timeHin,bias,LL,BIC,AIC
-1.6135355624813053,1.863917806185782,2.060080948099494,0.4261149091692381,0.21464327240781433,0.3472893262357576,-0,19.993227061051222,12
