d_t,d_h,thres,nDT,timeHin,bias,LL,BIC,AIC
-1.2321891913754037,-1.0520219221181302,0.9895555401658347,0.6711963825902469,0.6882121926173568,0.6906497115269303,-0,21.665507475865347,12
