d_t,d_h,thres,nDT,timeHin,bias,LL,BIC,AIC
-1.7939802684799526,1.978642566316796,1.7578486786400513,0.8079519331902953,-0.04064374185261107,-0.14308213120293778,16.166156204574353,51.64556735835791,44.332312409148706
