d_t,d_h,thres,nDT,timeHin,bias,LL,BIC,AIC
1.434730644337833,-0.719509900547564,2.8877792639130258,0.42267316010454714,0.9212204295588994,-0.7389558511358031,-0,19.548579228128894,12
