d_t,d_h,thres,nDT,timeHin,bias,LL,BIC,AIC
-0.11111564633000892,1.217937270179391,1.7991654612320485,0.5189688047276436,-0.13190231565386057,-0.7133498988261627,-0,14.909439898728003,12
