d_t,d_h,thres,nDT,timeHin,bias,LL,BIC,AIC
-0.5193225595035601,-0.333091389558692,1.7125332773560515,0.5282117062155915,-0.20275913711491111,0.4107547085122203,-0,21.50111363073666,12
