d_t,d_h,thres,nDT,timeHin,bias,LL,BIC,AIC
-0.6826182939112186,-1.670487688931197,2.093884446175966,0.17886162325437796,-0.03127156432007938,0.05489477748051286,-0,20.79441541679836,12
