d_t,d_h,thres,nDT,timeHin,bias,LL,BIC,AIC
0.9097523611251113,-0.6482232071459295,1.9050348682382872,0.022626303891027676,0.020425464731808674,-0.6315002214116793,-0,15.389696144769221,12
