d_t,d_h,thres,nDT,timeHin,bias,LL,BIC,AIC
1.2130226767817311,-1.6101804264963264,2.162087610848088,0.3480721467733099,-0.33668069750354557,0.15055334556138433,-0,21.332088368936482,12
