d_t,d_h,thres,nDT,timeHin,bias,LL,BIC,AIC
-1.6874542823672996,1.8480647402364894,1.9153197940438984,0.6866731044487736,0.02108358568062803,0.3393190712873893,15.737946866925528,50.78914868306026,43.47589373385105
