d_t,d_h,thres,nDT,timeHin,bias,LL,BIC,AIC
0.06401208881288767,0.5133991238613869,2.245488791155879,0.059088923418699695,-0.10214216997683714,-0.38214982223118865,-0,20.979045368798882,12
