d_t,d_h,thres,nDT,timeHin,bias,LL,BIC,AIC
-0.04797121846747321,0.3477588107839108,1.790168873993934,0.9895129664657827,0.9801032176385354,0.03652109854921738,6.554999086628538,34.08904354205596,25.109998173257075
