d_t,d_h,thres,nDT,timeHin,bias,LL,BIC,AIC
-0.7147896706298402,-0.7299435302033835,1.4048203406855464,0.6170224577060128,-0.3401032427885495,0.08677362400037075,-0,18.546254720149896,12
