d_t,d_h,thres,nDT,timeHin,bias,LL,BIC,AIC
-1.3886205204339295,1.9316533830479474,2.2677497281715855,0.5829956294339379,0.32061813040899556,-0.04609576026401996,-0,18.546254720149896,12
