d_t,d_h,thres,nDT,timeHin,bias,LL,BIC,AIC
-0.5130693788038223,-1.6882415749132633,0.7424723682300597,0.7935033170577239,0.38313144566201385,-0.7612403398379683,-0,21.981369876777876,12
