d_t,d_h,thres,nDT,timeHin,bias,LL,BIC,AIC
-0.6583748739212751,0.4933893343344533,0.6338527000838536,0.5073814556739309,-0.022106115240603685,0.3116834422007555,-0,22.13327672468362,12
