d_t,d_h,thres,nDT,timeHin,bias,LL,BIC,AIC
1.4523459672927856,1.131825862480911,2.268630460090935,0.5513184404639357,0.5625431574780627,0.37071544397622347,-0,20.979045368798882,12
