d_t,d_h,thres,nDT,timeHin,bias,LL,BIC,AIC
0.8643240472301841,0.11655628190360767,1.0701186772753162,0.43586283012549665,0.011728595931045083,-0.9184648297676135,-0,21.332088368936482,12
