d_t,d_h,thres,nDT,timeHin,bias,LL,BIC,AIC
1.9762524693792523,1.9565178976709048,2.816824492108605,0.7071456633407811,-0.002540921502401039,0.9972080256133651,3.342377587332801,24.351389049664242,18.684755174665604
