d_t,d_h,thres,nDT,timeHin,bias,LL,BIC,AIC
-1.968405547553267,1.32143949559836,1.0675166259104354,0.9999664289213285,-0.6618416103355481,-0.2057068857789797,9.807836535975103,40.41008848874856,31.615673071950205
