d_t,d_h,thres,nDT,timeHin,bias,LL,BIC,AIC
0.7543369953616152,1.1824745475175862,0.7029596756380571,0.1901389952930986,0.25790095096454024,-0.3482143175788224,-0,19.548579228128894,12
