d_t,d_h,thres,nDT,timeHin,bias,LL,BIC,AIC
0.5357964832245178,1.5063594229176078,1.0535613203421237,0.06284275100645614,0.2953145098399944,-0.46937136771157384,-0,19.993227061051222,12
