d_t,d_h,thres,nDT,timeHin,bias,LL,BIC,AIC
-1.4642372584915913,-0.8174618823572825,1.1201105316531692,0.5357973540351205,0.7102647840667842,-0.8624308681890405,-0,18.812965295574898,12
