d_t,d_h,thres,nDT,timeHin,bias,LL,BIC,AIC
0.06271037638520824,1.7845902314800928,2.628927357263695,0.9926769149240462,0.9481544191971595,-0.21123200788768048,4.966336039310327,30.339856368593587,21.932672078620655
