d_t,d_h,thres,nDT,timeHin,bias,LL,BIC,AIC
0.5738778818505335,-0.5711252555920341,1.9747491504997015,0.9688222370413132,0.06671861833675959,-0.6019755826256714,-0,20.203774979918844,12
