d_t,d_h,thres,nDT,timeHin,bias,LL,BIC,AIC
-1.5232032132979618,-0.38882402473506633,1.5714873093034547,0.4611425086806573,-0.20967225963249803,0.6976836183310509,-0,20.407184289972932,12
