d_t,d_h,thres,nDT,timeHin,bias,LL,BIC,AIC
1.0546634326821929,1.8634504362500262,1.9359222725484888,0.9997773620131918,0.14323444697921334,-0.449743290927704,3.383501194419619,26.31558161696813,18.767002388839238
