d_t,d_h,thres,nDT,timeHin,bias,LL,BIC,AIC
1.9119181138968062,0.7849309611090296,2.4681037634418965,0.9980673245298659,-0.25554543460740553,-0.3582161347933297,3.530168203307391,28.56145003735144,19.06033640661478
