d_t,d_h,thres,nDT,timeHin,bias,LL,BIC,AIC
-1.2745515806600451,1.1035786772747502,0.8985159247427652,0.5852784772262463,0.46981703590634966,0.8088380951254305,-0,20.60392322691088,12
