d_t,d_h,thres,nDT,timeHin,bias,LL,BIC,AIC
1.5551581960171461,-0.4111934052803356,1.8825795414582653,0.38536250691222934,0.47488872423376527,-0.1609382634051144,-0,20.203774979918844,12
