d_t,d_h,thres,nDT,timeHin,bias,LL,BIC,AIC
-0.10582915485487765,1.8808668553041858,1.7991154674550573,0.7352804791787639,0.5545626257165407,-0.52326738031643,-0,19.775021196025975,12
