d_t,d_h,thres,nDT,timeHin,bias,LL,BIC,AIC
0.2843875430387086,0.9973913058638573,0.9272368350413063,0.5594383397265711,-0.4958903336559718,0.996970787469891,-0,18.812965295574898,12
