d_t,d_h,thres,nDT,timeHin,bias,LL,BIC,AIC
-0.047222934303357444,-1.7934407508000731,1.366428384003969,0.6064372727973386,0.5867787927805816,0.2708308412693441,-0,21.332088368936482,12
