d_t,d_h,thres,nDT,timeHin,bias,LL,BIC,AIC
-1.9656417147718015,-0.4921104940110729,2.036356181148647,0.9974479331946712,-0.1571538354601913,0.27367081099664303,3.407853735243776,27.419630697398432,18.815707470487553
