d_t,d_h,thres,nDT,timeHin,bias,LL,BIC,AIC
-1.9128495131511796,-0.40436534003291147,2.32211513503533,0.9963966749037625,-0.5080985036272094,0.195671686065005,4.236881986120135,25.47304403657757,20.47376397224027
