d_t,d_h,thres,nDT,timeHin,bias,LL,BIC,AIC
-1.9819317569941788,-1.943040148940084,2.126916053908077,0.8788461147192619,0.0030201112917903087,-0.999192520159956,3.3439128184745037,24.030056184325993,18.687825636949007
