d_t,d_h,thres,nDT,timeHin,bias,LL,BIC,AIC
0.05583618892600026,-0.4851532168593279,1.2339542359113693,0.9965305293002166,0.9884846636359097,-0.21476896907796514,7.285977644691651,35.17587851629418,26.571955289383304
