d_t,d_h,thres,nDT,timeHin,bias,LL,BIC,AIC
-1.8656283321184408,-0.06302627506561011,1.1968887687523941,0.9939301200938478,-0.7624475961281414,0.18040738872167925,4.686445993286622,30.351937355372126,21.372891986573244
