d_t,d_h,thres,nDT,timeHin,bias,LL,BIC,AIC
-1.7670967187732458,-0.2641059427834257,1.5549290522933006,0.10811924624228947,-0.5451876688907966,-0.4821333740116569,-0,21.665507475865347,12
