d_t,d_h,thres,nDT,timeHin,bias,LL,BIC,AIC
1.9116566120245886,-0.022911240446195524,1.8522934161197606,0.9905227881565798,-0.9762114272452891,-0.16752713282257317,5.502585964172054,32.83068888670242,23.005171928344108
