d_t,d_h,thres,nDT,timeHin,bias,LL,BIC,AIC
1.7470538995307694,1.9785160669447641,1.6299494531890333,0.7497654516548335,0.007870730688138608,0.9939626048964938,3.3409216888146327,28.013931746565746,18.681843377629264
