d_t,d_h,thres,nDT,timeHin,bias,LL,BIC,AIC
1.0902488684794502,1.9773323071738969,2.8194853296592175,0.773582817233041,-0.0025611035884079425,0.9857168940108655,3.342170046692304,28.01642846232109,18.68434009338461
