d_t,d_h,thres,nDT,timeHin,bias,LL,BIC,AIC
-0.18709776530557398,1.911140726632412,1.226415879955101,0.6831703138868197,0.3997277026064694,0.022951600600600836,-0,20.979045368798882,12
