d_t,d_h,thres,nDT,timeHin,bias,LL,BIC,AIC
-1.4765034276406734,-1.8799529638129262,2.6480439540662886,0.9999868449654147,0.19852942500318266,0.4260652370556304,3.584077412873359,29.301431550430337,19.16815482574672
