d_t,d_h,thres,nDT,timeHin,bias,LL,BIC,AIC
1.5253298215813889,-1.1889062866340503,1.5637383693829179,0.39246599148696415,-0.9406479839235544,-0.278887499589473,-0,20.203774979918844,12
