d_t,d_h,thres,nDT,timeHin,bias,LL,BIC,AIC
0.38448472755970964,1.9943886958062649,2.050915658165643,0.999564276665196,0.19913568408740734,-0.33703780505739367,3.4640475864424145,25.195229799225366,18.92809517288483
