d_t,d_h,thres,nDT,timeHin,bias,LL,BIC,AIC
-1.3093053055927157,-0.26067796811597355,1.2810273248266917,0.30282979213604516,0.2953759109524596,0.8844380081889175,-0,22.567200694161375,12
