d_t,d_h,thres,nDT,timeHin,bias,LL,BIC,AIC
1.992078432974562,1.6497777105248712,1.4980880169364652,0.813818098517285,0.003559540741065067,0.9982843372891265,3.340824295634864,24.948783217610266,18.681648591269727
