d_t,d_h,thres,nDT,timeHin,bias,LL,BIC,AIC
1.0525194565575315,-0.5687164774379945,2.0502355022490932,0.9323894969761618,-0.07832430753708641,-0.05486913498106727,-0,22.13327672468362,12
