d_t,d_h,thres,nDT,timeHin,bias,LL,BIC,AIC
-0.27472180441607696,0.0019955820454127388,0.8466252386569977,0.9781095209052255,-0.6044589455895656,-0.10778450713205455,7.723482973381853,38.41881432569828,27.446965946763704
