d_t,d_h,thres,nDT,timeHin,bias,LL,BIC,AIC
-0.013979617667305912,-1.5479113695114044,1.5525084333759427,0.9946003168685633,0.977984962053597,0.029157874373757636,5.482885471708959,33.93761932235249,22.965770943417915
