d_t,d_h,thres,nDT,timeHin,bias,LL,BIC,AIC
-0.5260860314592719,-1.4864756648047468,1.3914887858433658,0.939381842345465,-0.9112277970662921,-0.9846630627289414,-0,22.705137803509565,12
