d_t,d_h,thres,nDT,timeHin,bias,LL,BIC,AIC
0.20102224478340758,1.5169458222184617,2.9311279993504287,0.20170923363122756,-0.06788364984095097,-0.5299206539093866,-0,13.183347464017316,12
