d_t,d_h,thres,nDT,timeHin,bias,LL,BIC,AIC
-1.2269167715408453,-0.2861562272453291,2.0551640802928706,0.8120493410631717,0.19983159378170967,0.7203711336478591,-0,12.476649250079014,12
