d_t,d_h,thres,nDT,timeHin,bias,LL,BIC,AIC
-1.99844217336501,-1.918694894945414,0.6786597713828086,0.7907112277359669,0.007938737220133819,-0.999680017290723,3.3573407264329007,28.996113853091646,18.7146814528658
