d_t,d_h,thres,nDT,timeHin,bias,LL,BIC,AIC
-1.99427557215517,-1.9024547516711923,1.5328690709781931,0.8376905473497186,0.0033610301834995924,-0.9965105239709938,3.357780238043186,28.99699287631222,18.715560476086374
