d_t,d_h,thres,nDT,timeHin,bias,LL,BIC,AIC
1.2188961405518297,0.20941349097098805,2.6330439201866613,0.9331303889407022,-0.3957178081378457,0.9988866223039436,-0,21.825516958358314,12
