d_t,d_h,thres,nDT,timeHin,bias,LL,BIC,AIC
0.46451700089690784,-1.9992380567065715,2.3871587408424912,0.9968563594038512,0.46759412286772023,-0.30617175235674976,14.245930615936668,48.89904552184627,40.49186123187334
