d_t,d_h,thres,nDT,timeHin,bias,LL,BIC,AIC
1.2310027331113815,-1.0765695442097345,2.070177210241292,0.7295082218005213,-0.41630089910151136,-0.44442804623395205,-0,21.981369876777876,12
