d_t,d_h,thres,nDT,timeHin,bias,LL,BIC,AIC
0.16970563378128675,-1.874197885047298,1.5979845833033324,0.9990536705548908,0.8700090479165317,-0.1648490828937344,11.58297282198675,43.57312993394643,35.1659456439735
