d_t,d_h,thres,nDT,timeHin,bias,LL,BIC,AIC
-0.9017003098992797,-1.5031707919999717,0.7519590502604842,0.9362318498925205,0.49355885843142816,0.6074343941023784,-0,19.313254949209202,12
