d_t,d_h,thres,nDT,timeHin,bias,LL,BIC,AIC
-1.9959487087680257,-1.9686011397746828,1.2705310093027427,0.9998305417214268,-0.12140146460375831,0.4162968265382449,3.3990127890905066,25.86634856026869,18.79802557818101
