d_t,d_h,thres,nDT,timeHin,bias,LL,BIC,AIC
1.1856495892780605,0.14475514044456073,1.5940175367256517,0.01732579123645571,-0.9859892623499036,0.13848132593557239,-0,19.313254949209202,12
