d_t,d_h,thres,nDT,timeHin,bias,LL,BIC,AIC
-1.7854390178686967,-1.8356323423391494,2.521858679246995,0.9986274356028002,0.1415378170262708,0.5166928004990881,3.4182427053440856,25.90480839277585,18.83648541068817
