d_t,d_h,thres,nDT,timeHin,bias,LL,BIC,AIC
-1.718050392192056,-0.14263928579322838,1.757969113840966,0.9988538458386713,-0.9973750566784694,0.07686673855691445,5.2780361023345845,32.381589163027485,22.55607220466917
