d_t,d_h,thres,nDT,timeHin,bias,LL,BIC,AIC
1.959290332196848,0.04856414943933483,1.889022375270724,0.99676591998161,-0.8578271316719477,0.004534909395331636,4.926486538482794,30.26015736693852,21.85297307696559
