d_t,d_h,thres,nDT,timeHin,bias,LL,BIC,AIC
1.0721970587307004,1.8542945284156531,2.097258674214821,0.9996238006175644,0.22687346722839846,-0.4923340388386143,11.064552394844682,43.630218420426026,34.129104789689364
