d_t,d_h,thres,nDT,timeHin,bias,LL,BIC,AIC
-0.2793800029291429,0.7619775721099729,1.1760262458430626,0.4961076463227872,0.6372446446283871,0.9339920338243246,-0,21.50111363073666,12
