d_t,d_h,thres,nDT,timeHin,bias,LL,BIC,AIC
-0.5696774562820792,1.999758182093501,2.496088754177395,0.08953277101694257,0.8854907434433699,-0.3860247319081549,-0,17.974393641323946,12
