d_t,d_h,thres,nDT,timeHin,bias,LL,BIC,AIC
1.7952949231717663,0.05990863584980649,0.7880772046744826,0.9979015870408088,-0.84225145685806,0.06346334819695487,4.854563653023946,29.022382255257092,21.70912730604789
