d_t,d_h,thres,nDT,timeHin,bias,LL,BIC,AIC
-0.1192668117028061,1.9178735351605345,0.9760574362447775,0.9978614814459291,0.6969221025295557,0.20101977861175702,10.047035887537337,37.76070565007332,32.094071775074674
