d_t,d_h,thres,nDT,timeHin,bias,LL,BIC,AIC
0.6938576111570001,-0.5405535791069269,1.2787108325713388,0.5324543313424852,0.883397257886827,-0.05359875266392389,-0,20.979045368798882,12
