d_t,d_h,thres,nDT,timeHin,bias,LL,BIC,AIC
-1.9939362050676697,-1.9656057683542731,2.9036776617970905,0.999196196263809,0.03264923948508036,-0.052945110716121666,3.7918824792917354,25.558158599907415,19.583764958583473
