d_t,d_h,thres,nDT,timeHin,bias,LL,BIC,AIC
1.9837753060157897,1.5621916532942066,1.3486767058527398,0.9992925459125259,-0.25388929082518197,-0.18970922288560899,3.559227762850161,29.544473235400535,19.118455525700323
