d_t,d_h,thres,nDT,timeHin,bias,LL,BIC,AIC
0.17521888693582138,-1.4830148488921338,1.221275446803615,0.6120987244655922,0.9494121870957315,0.08091329961922311,-0,21.332088368936482,12
