d_t,d_h,thres,nDT,timeHin,bias,LL,BIC,AIC
-1.1060634097084403,-0.11870671901851892,2.5948903741096805,0.4740926508582197,-0.1738436797777403,-0.3680843121473511,-0,20.79441541679836,12
