d_t,d_h,thres,nDT,timeHin,bias,LL,BIC,AIC
-1.457502241449737,0.8236893778666854,2.038547908997735,0.8401146632297085,0.08036372112110257,-0.4389504250138998,-0,17.66663387499864,12
