d_t,d_h,thres,nDT,timeHin,bias,LL,BIC,AIC
-1.990858246065894,-1.9809408547555212,1.416109982900306,0.9306141720763391,-0.0016315894188053668,-0.9995211951772472,3.341209233594955,27.089602757162844,18.682418467189912
