d_t,d_h,thres,nDT,timeHin,bias,LL,BIC,AIC
-0.37211935017393993,1.169432146474719,1.4287845300478252,0.030329306759160013,0.8863370465114713,0.4727373205958012,-0,20.979045368798882,12
