d_t,d_h,thres,nDT,timeHin,bias,LL,BIC,AIC
1.9440107588133897,1.873639726920474,2.7173450330349587,0.8933596824404436,0.006764807155895086,0.9965498131855687,3.3421881145830765,26.677603290217377,18.684376229166155
