d_t,d_h,thres,nDT,timeHin,bias,LL,BIC,AIC
-1.4715214325115085,0.920920574013851,2.863768431172935,0.41373111444776706,0.0743692718852571,-0.5249098930507898,-0,19.313254949209202,12
