d_t,d_h,thres,nDT,timeHin,bias,LL,BIC,AIC
0.4131692141024481,-0.3785857940092683,1.6855881574739073,0.23798401708122072,-0.5653421739116311,-0.11162054556853906,-0,19.313254949209202,12
