d_t,d_h,thres,nDT,timeHin,bias,LL,BIC,AIC
0.1210401250875669,1.4052516425042405,1.6286298454579646,0.1544721220829524,-0.30480994191020727,0.8005335145580421,-0,10.75055681536833,12
