d_t,d_h,thres,nDT,timeHin,bias,LL,BIC,AIC
1.9266530867644787,-0.31525010290963884,1.9214800819055102,0.9989305697473532,-0.7567468702584389,0.208325219239569,10.380704328718615,41.16859294741016,32.76140865743723
