d_t,d_h,thres,nDT,timeHin,bias,LL,BIC,AIC
1.1794804358806823,-1.3058463353663683,2.0669914314983178,0.3980135771745633,-0.016325231288768616,0.8393926378339529,-0,20.407184289972932,12
