d_t,d_h,thres,nDT,timeHin,bias,LL,BIC,AIC
1.955870215831671,-1.2780940249430717,0.6576970372179616,0.9992357353642018,-0.3283311996217872,0.4587011287030106,8.197134032712029,36.80145235539699,28.394268065424058
