d_t,d_h,thres,nDT,timeHin,bias,LL,BIC,AIC
0.9581782591310701,0.3305183992399331,2.2576954695294518,0.20284018335119575,0.7337759969888475,0.6934984604686895,-0,20.60392322691088,12
