d_t,d_h,thres,nDT,timeHin,bias,LL,BIC,AIC
1.8619088856407384,1.15031514465979,1.1484711639583112,0.6653650466134936,-0.4286179913643493,-0.36021729844355965,7.653294340957981,36.46475182961293,27.30658868191596
