d_t,d_h,thres,nDT,timeHin,bias,LL,BIC,AIC
-1.920441525565359,0.6897276136730601,1.9202682471742967,0.9981330534920995,-0.4731067431898316,-0.3839655814150618,8.153783698843258,37.46573054538348,28.307567397686515
