d_t,d_h,thres,nDT,timeHin,bias,LL,BIC,AIC
9.056931623097376e-4,1.799601028831696,1.6517313835269274,0.9991520055458637,0.8526357068192603,0.06561212109621868,4.80315689469738,30.40072920619312,21.60631378939476
