d_t,d_h,thres,nDT,timeHin,bias,LL,BIC,AIC
1.3806023772860772,-0.8640283735616627,1.4996777929071394,0.393649989173282,0.9582745155127386,0.01842626915380402,-0,20.60392322691088,12
