d_t,d_h,thres,nDT,timeHin,bias,LL,BIC,AIC
-1.0889438494649812,-0.7481203461447608,0.6348341248549998,0.9671369229316605,-0.2147488822878849,0.6798599376343191,-0,20.203774979918844,12
