d_t,d_h,thres,nDT,timeHin,bias,LL,BIC,AIC
-1.8331634802743793,-1.0219321735203266,2.3636534810872054,0.03022834705386048,-0.32519499923507955,-0.4512288216178274,-0,21.332088368936482,12
