d_t,d_h,thres,nDT,timeHin,bias,LL,BIC,AIC
-1.94800677775278,-0.5517513609308469,1.2111015669646932,0.9960018383104224,-0.35273263787625825,0.1026303187032908,3.8156523694057856,29.612674615589448,19.631304738811572
