d_t,d_h,thres,nDT,timeHin,bias,LL,BIC,AIC
-0.40081149339675903,-0.5460250312462449,1.0261711974658325,0.17190260187024253,0.7727631438834082,-0.3984306249102173,-0,19.313254949209202,12
