d_t,d_h,thres,nDT,timeHin,bias,LL,BIC,AIC
-0.3484704424293049,0.9916986233637501,2.669882539895223,0.7743511627197047,0.3531232388406328,0.8161723610375622,-0,19.313254949209202,12
