d_t,d_h,thres,nDT,timeHin,bias,LL,BIC,AIC
-0.18233790537741423,-1.0240305014156519,0.6434026673789011,0.24289856117810207,0.46004359183522453,0.08166714004685915,-0,20.979045368798882,12
