d_t,d_h,thres,nDT,timeHin,bias,LL,BIC,AIC
1.1946822618956676,0.13487152178979334,2.6144186645501297,0.24820733054541055,-0.35030041029676795,-0.1933453606442706,-0,22.281432400225846,12
