d_t,d_h,thres,nDT,timeHin,bias,LL,BIC,AIC
0.4006761215313335,-0.36146225288917266,1.8332707651421878,0.7143560292897746,0.47706964349983383,-0.30233926277563367,-0,21.981369876777876,12
