d_t,d_h,thres,nDT,timeHin,bias,LL,BIC,AIC
0.5559174581854409,-0.40554511091656137,2.501693196968393,0.9108775469430466,0.35864800818764575,0.6606419069172923,-0,16.24830120661326,12
