d_t,d_h,thres,nDT,timeHin,bias,LL,BIC,AIC
0.23807910065311433,-0.47274125274270773,1.2056078862144894,0.45236545952269813,0.25205885222414287,0.8275090193589606,-0,16.635532333438686,12
