d_t,d_h,thres,nDT,timeHin,bias,LL,BIC,AIC
1.566454455256462,0.021795675538211157,1.890780203910218,0.6809429763892086,-0.02402317151427269,-0.17339094303318603,-0,19.548579228128894,12
