d_t,d_h,thres,nDT,timeHin,bias,LL,BIC,AIC
-0.6509571661045739,-0.8384344008656733,1.1171186663210393,0.11608599368482828,-0.8740766769484047,0.9645178378559649,-0,15.83434397769155,12
