d_t,d_h,thres,nDT,timeHin,bias,LL,BIC,AIC
-1.7191241240074708,1.8903111029317483,1.0833033077736984,0.9968478154409286,-0.012916287678308875,-0.057425723547247204,10.198229232855464,36.644759672324184,32.39645846571093
