d_t,d_h,thres,nDT,timeHin,bias,LL,BIC,AIC
0.41086884914275046,-0.8787684198721042,2.8572542155009044,0.3766582700214041,-0.732706718857128,0.05501962398677035,-0,15.83434397769155,12
