d_t,d_h,thres,nDT,timeHin,bias,LL,BIC,AIC
-1.9795353624025633,-0.24157561936118294,1.7310445859989576,0.9980640639686152,-0.20297910967771748,0.11397905829711158,3.5365417371953707,23.321384681004,19.073083474390742
