d_t,d_h,thres,nDT,timeHin,bias,LL,BIC,AIC
-1.0535892985264594,0.3788888456240468,1.1042870968835516,0.6085253010387532,-0.1953034606607731,0.32796262133842385,-0,13.815510557964275,12
