d_t,d_h,thres,nDT,timeHin,bias,LL,BIC,AIC
-1.8722952852470207,-1.9796177493408322,2.22781111203156,0.5902689685506664,-0.0012318608764366745,-0.998691124522728,3.3401755553917543,28.961783511009354,18.68035111078351
