d_t,d_h,thres,nDT,timeHin,bias,LL,BIC,AIC
0.43210511616290115,-1.5056027962579592,1.0726587179415543,0.5690690690170562,0.07566309251011583,-0.7985219119896645,-0,22.13327672468362,12
