d_t,d_h,thres,nDT,timeHin,bias,LL,BIC,AIC
1.9664343087215654,1.9934370836254887,1.451085014641285,0.9560230461042603,-0.2266673190337945,-0.19372065058081253,7.032875317794639,34.66967386250016,26.06575063558928
