d_t,d_h,thres,nDT,timeHin,bias,LL,BIC,AIC
1.9961954459075086,1.6899174833408361,2.858562213014433,0.9125422194181662,-0.35242579216633113,-0.39921421822343695,7.3023818852741655,33.15101849069823,26.60476377054833
