d_t,d_h,thres,nDT,timeHin,bias,LL,BIC,AIC
1.8652547048829813,-0.14898987216697832,1.75573254642573,0.9999190425767976,-0.2799178613512746,0.19362099602666535,7.6088527605336775,33.76396024121725,27.217705521067355
