d_t,d_h,thres,nDT,timeHin,bias,LL,BIC,AIC
1.7838976704384444,-1.9789067760471424,1.4568594222888351,0.7957206159874274,-0.03133051123354147,0.9040850815379717,7.6504501322792855,35.90482349146945,27.30090026455857
