d_t,d_h,thres,nDT,timeHin,bias,LL,BIC,AIC
-1.5386489859807562,1.1652806387895343,2.384486372243517,0.6488470104602647,0.1352293858218762,-0.37164575246141696,-0,19.548579228128894,12
