d_t,d_h,thres,nDT,timeHin,bias,LL,BIC,AIC
1.175888306370476,1.6518633048981428,1.0903439671258575,0.5857082733006663,0.042572012171149254,-0.7398889083089031,-0,19.993227061051222,12
