d_t,d_h,thres,nDT,timeHin,bias,LL,BIC,AIC
0.8183857865434767,1.7282150061801076,2.746392583101506,0.5096120081537132,0.2681463837600846,-0.0499171312470561,-0,22.281432400225846,12
