d_t,d_h,thres,nDT,timeHin,bias,LL,BIC,AIC
1.9828224619850516,1.8271991279209256,2.8739839822053908,0.9973951513192798,-0.2600294792052308,-0.19390254926025233,3.650690524218431,29.126898006795177,19.301381048436863
