d_t,d_h,thres,nDT,timeHin,bias,LL,BIC,AIC
1.2027800390447347,-0.9427835384249045,2.850785773749335,0.8487230950227427,0.45228819581550733,-0.3752124416308845,-0,22.13327672468362,12
