d_t,d_h,thres,nDT,timeHin,bias,LL,BIC,AIC
0.047970402985811234,1.3249456724303443,0.885362006797319,0.5947535076123823,0.865362823518734,0.502155998386735,-0,13.183347464017316,12
