d_t,d_h,thres,nDT,timeHin,bias,LL,BIC,AIC
-1.6510820515114069,0.38237600224218105,2.243256408261905,0.30668183643680713,-0.5283290463856978,-0.01712163630872965,-0,16.635532333438686,12
