d_t,d_h,thres,nDT,timeHin,bias,LL,BIC,AIC
1.9590499970183968,1.164787404224652,1.6300706555556173,0.9987946217729117,-0.20050786339738785,-0.3224307755225297,3.528813611176842,28.72313469821903,19.057627222353684
