d_t,d_h,thres,nDT,timeHin,bias,LL,BIC,AIC
0.7708368640108116,-1.9588684292746887,1.2534719556002138,0.8381129519706639,-0.19973938730594382,0.2949766329052116,10.769978195067237,43.82138879036032,33.53995639013448
