d_t,d_h,thres,nDT,timeHin,bias,LL,BIC,AIC
0.6718215650539899,0.8928141392354367,1.2274990482926567,0.29693777561955215,-0.5945485139210579,0.17799995452256867,-0,20.60392322691088,12
