d_t,d_h,thres,nDT,timeHin,bias,LL,BIC,AIC
0.9814178947148202,-0.09873745819927537,1.1579412639141085,0.4173864260827133,-0.9916487731302699,-0.543792238458991,-0,20.979045368798882,12
