d_t,d_h,thres,nDT,timeHin,bias,LL,BIC,AIC
1.9914528049227422,1.9814571583980984,1.5924915418474772,0.9995589304509848,-0.005321347989614681,0.29448929863651135,3.373809195929955,26.296197619988803,18.74761839185991
