d_t,d_h,thres,nDT,timeHin,bias,LL,BIC,AIC
1.9515809988363055,1.0784424668962784,1.451758992169565,0.9988714281257354,-0.32082608723852996,-0.15433843674680728,3.7939860124514064,27.581199085954033,19.58797202490281
