d_t,d_h,thres,nDT,timeHin,bias,LL,BIC,AIC
-1.3010604932275234,-1.3707978158177352,2.8885652823373675,0.6819931609170043,0.839984188176134,-0.7605965311642908,-0,22.705137803509565,12
