d_t,d_h,thres,nDT,timeHin,bias,LL,BIC,AIC
1.5491928802286123,-0.39225446899384353,1.8289758590663499,0.2206919084556016,0.8135591099244187,-0.7082345286437056,-0,20.407184289972932,12
