d_t,d_h,thres,nDT,timeHin,bias,LL,BIC,AIC
1.9946897382641406,1.8798752505159397,2.980619681944853,0.6969114909344852,-0.003996031985539296,0.9981546332319471,3.341369186486875,26.457759568999727,18.682738372973752
