d_t,d_h,thres,nDT,timeHin,bias,LL,BIC,AIC
1.569969643316261,0.8374045653177318,2.199527035401997,0.44845785881979966,-0.638761133504362,-0.8832328018282635,-0,18.546254720149896,12
