d_t,d_h,thres,nDT,timeHin,bias,LL,BIC,AIC
-0.03230554015126065,0.39322379307521116,1.5921002812334208,0.9897386576321331,0.4083918579216183,0.11059546505113027,12.691195245887634,47.663822892001114,37.38239049177527
