d_t,d_h,thres,nDT,timeHin,bias,LL,BIC,AIC
1.2768678517916483,1.7555357404053211,1.852058044859008,0.6822632107767277,-0.9917553928680718,0.12163783475143555,-0,18.26713462634054,12
