d_t,d_h,thres,nDT,timeHin,bias,LL,BIC,AIC
-0.12923312395648678,0.7121756893303415,2.123822885379195,0.5283322033560462,0.9844398858274921,-0.5632126854132189,-0,17.66663387499864,12
