d_t,d_h,thres,nDT,timeHin,bias,LL,BIC,AIC
1.97541441455073,0.8448948215013892,0.6920290977760717,0.9993853697038393,-0.4491660389748207,-0.20833880194334092,4.130374013810675,27.574002976830553,20.26074802762135
