d_t,d_h,thres,nDT,timeHin,bias,LL,BIC,AIC
-1.8537858608010274,0.013004229925788341,2.318443086046712,0.8108129498536414,-0.44958132811875007,-0.18125555338338017,-0,20.203774979918844,12
