d_t,d_h,thres,nDT,timeHin,bias,LL,BIC,AIC
-0.7020494677126408,0.8150072603992773,1.0784653700725637,0.8815762865809644,-0.6633709690071214,0.2726806530453668,-0,22.13327672468362,12
