d_t,d_h,thres,nDT,timeHin,bias,LL,BIC,AIC
-0.09465739286795605,-0.9424974820346225,1.6572853743127247,0.8878079047437892,-0.7571897921708464,-0.3964632679130643,-0,22.13327672468362,12
