d_t,d_h,thres,nDT,timeHin,bias,LL,BIC,AIC
1.7773454891860743,-0.6983075458556414,1.213016315389004,0.1275749204314151,-0.0789810400700412,0.43262825205316646,-0,18.812965295574898,12
