d_t,d_h,thres,nDT,timeHin,bias,LL,BIC,AIC
-1.9739939671707167,0.08708997040643313,2.5302649814284823,0.6686684583779424,0.14403355499975484,-0.29281872790306807,-0,18.546254720149896,12
