d_t,d_h,thres,nDT,timeHin,bias,LL,BIC,AIC
1.6595693536831972,0.0024505672020795344,2.0896011924094497,0.07488644096319125,0.682575062986229,0.832212666213201,-0,21.981369876777876,12
