d_t,d_h,thres,nDT,timeHin,bias,LL,BIC,AIC
-1.5731361489601765,-1.9270964775377253,2.494307764443488,0.5547911972735198,-0.00774323576129278,-0.9351951651798092,-0,21.50111363073666,12
