d_t,d_h,thres,nDT,timeHin,bias,LL,BIC,AIC
0.2257020665382683,1.1492566305482612,1.596811591760728,0.42168812612770123,0.7854848474339433,0.5542695145525668,-0,20.407184289972932,12
