d_t,d_h,thres,nDT,timeHin,bias,LL,BIC,AIC
1.8702527683461165,1.4904753520828515,2.5669383164314903,0.8549551349662312,-0.8594283622029399,-0.49908706070875386,-0,22.13327672468362,12
