d_t,d_h,thres,nDT,timeHin,bias,LL,BIC,AIC
0.03040673969363228,1.2053224872517188,1.459846795484889,0.9975660469058754,0.9985565871817342,-0.09854363858577102,5.448225135778307,33.02972699624023,22.896450271556613
