d_t,d_h,thres,nDT,timeHin,bias,LL,BIC,AIC
-0.5106248315314521,0.21647331174410422,1.9987980607085756,0.58180941400351,0.09830742232351464,0.04987614795535844,-0,21.332088368936482,12
