d_t,d_h,thres,nDT,timeHin,bias,LL,BIC,AIC
0.21946782134683257,1.9670503006015452,1.6717465268525857,0.9986236547954177,0.2983585268017252,-0.12604876231957562,3.643328130489246,29.26802613775637,19.286656260978493
