d_t,d_h,thres,nDT,timeHin,bias,LL,BIC,AIC
1.9530628266525796,0.32984719721968536,0.6951190089812478,0.9990319405450828,-0.27572633223712084,-0.19879493476258814,3.680802209013671,28.519767565724308,19.36160441802734
