d_t,d_h,thres,nDT,timeHin,bias,LL,BIC,AIC
1.2822985565293128,1.182553677786487,0.736689586257532,0.5166070824986332,-0.12059137299049359,-0.11768318437104344,-0,16.9992800643373,12
