d_t,d_h,thres,nDT,timeHin,bias,LL,BIC,AIC
-0.3335559494323319,0.5104332511431493,2.0499931856647557,0.5049844264898725,-0.4943703077486912,0.5282165207032308,-0,16.635532333438686,12
