d_t,d_h,thres,nDT,timeHin,bias,LL,BIC,AIC
1.9220320631110464,0.05968180494909235,2.8456328349421165,0.9969140322438395,-0.48647907393967915,-0.005512687916945491,4.157274326508872,29.815662283754406,20.314548653017745
