d_t,d_h,thres,nDT,timeHin,bias,LL,BIC,AIC
-1.9566173691933446,-1.9716175923082573,2.005116294754173,0.6970119837452595,7.437482370659942e-4,-0.9995764512728882,3.341888860163582,26.677004781378386,18.683777720327164
