d_t,d_h,thres,nDT,timeHin,bias,LL,BIC,AIC
-1.9836637854852264,-1.9164249469124497,1.4709898032564284,0.8031828308417097,-0.0031659643275103325,-0.9986532364676711,3.341957064673453,26.677141190398128,18.683914129346906
