d_t,d_h,thres,nDT,timeHin,bias,LL,BIC,AIC
-1.9085741639137268,-1.4543627118322013,2.3883882823875,0.9979439038360405,-0.24684415644933863,0.17564279402365518,3.585799224014045,30.011573386650007,19.17159844802809
