d_t,d_h,thres,nDT,timeHin,bias,LL,BIC,AIC
-1.9177312988657174,-0.28117176998483207,0.9261507742656736,0.9998595882009147,-0.8631738023926638,0.05687254711475473,4.8458559194696065,32.39684964244878,21.691711838939213
