d_t,d_h,thres,nDT,timeHin,bias,LL,BIC,AIC
-0.6780922723989831,-1.4268237948417664,2.3579235061791635,0.892812840177212,0.6153303454344574,-0.6292051044925442,-0,22.567200694161375,12
