d_t,d_h,thres,nDT,timeHin,bias,LL,BIC,AIC
-0.994317466524562,-0.18209107934086854,2.3731308623883915,0.5711792772459808,0.16977118182900874,0.4278868567198515,-0,22.567200694161375,12
