d_t,d_h,thres,nDT,timeHin,bias,LL,BIC,AIC
-0.08879981980763378,-1.7512181258401394,2.9353897673533496,0.9959857727731497,0.9649688348199443,0.1297740106236913,4.975605289014898,29.264465527238997,21.951210578029794
