d_t,d_h,thres,nDT,timeHin,bias,LL,BIC,AIC
-0.021720299795527476,-1.7851814519234006,2.7620510756153953,0.9985888813814249,0.6754384461537002,-0.010438093209254706,4.394086056078092,28.563193308182157,20.788172112156182
