d_t,d_h,thres,nDT,timeHin,bias,LL,BIC,AIC
-0.9378777478136902,-0.6866285641111194,0.9243549457316291,0.46572682118074116,-0.292416927870363,0.7692488097557945,-0,21.665507475865347,12
