d_t,d_h,thres,nDT,timeHin,bias,LL,BIC,AIC
1.9909620653226947,-0.7082725278164511,2.6177239064001467,0.9993196425369092,-0.34640611762289647,0.12466461323939998,8.175666913694231,39.578539892835806,28.351333827388462
