d_t,d_h,thres,nDT,timeHin,bias,LL,BIC,AIC
0.3810025164082209,1.9117658389144094,1.405665888683949,0.9977714184162765,0.4913012433402768,-0.1635794581757038,4.375190441656988,32.57213236462671,20.750380883313976
