d_t,d_h,thres,nDT,timeHin,bias,LL,BIC,AIC
-0.799305259694568,-0.6317453104239248,1.3055871163073574,0.4989297717153341,0.4396230932325125,-0.28409550295734876,-0,21.981369876777876,12
