d_t,d_h,thres,nDT,timeHin,bias,LL,BIC,AIC
-1.1477330627168874,-1.0350890681286042,1.6288690308385676,0.42345618892971765,-0.7075229353200888,-0.9559391477040682,-0,21.981369876777876,12
