d_t,d_h,thres,nDT,timeHin,bias,LL,BIC,AIC
-1.660013324175912,-1.0823921291157603,1.8419129524222613,0.23434962093492873,0.8100894005037844,-0.03351310707533378,-0,21.981369876777876,12
