d_t,d_h,thres,nDT,timeHin,bias,LL,BIC,AIC
0.058153326451874585,-1.5978274033387307,0.6942819999530911,0.9903986072161102,0.7043628804385662,-0.3307765822594096,-0,21.981369876777876,12
