d_t,d_h,thres,nDT,timeHin,bias,LL,BIC,AIC
0.19199502728597828,0.266007557848398,2.7806766937281786,0.4223725433468142,-0.7352950445593538,-0.5900640581095099,-0,21.981369876777876,12
