d_t,d_h,thres,nDT,timeHin,bias,LL,BIC,AIC
0.858522569462061,0.8091802811388651,2.3539734268561006,0.32550526603684815,-0.3852824387140572,0.6851456972886336,-0,19.993227061051222,12
