d_t,d_h,thres,nDT,timeHin,bias,LL,BIC,AIC
-0.24381633941084146,1.3330075684934855,1.9538634037299458,0.5172521424121711,-0.7886712743563822,0.1950972853683067,-0,22.281432400225846,12
