d_t,d_h,thres,nDT,timeHin,bias,LL,BIC,AIC
-1.99963863746647,-1.9593979026943835,1.5476117516720986,0.983616081945141,0.006554713915460248,-0.9977273569712202,3.3409601351652944,28.963352670556436,18.68192027033059
