d_t,d_h,thres,nDT,timeHin,bias,LL,BIC,AIC
1.4977319812666325,-1.0688522200603614,2.5751353497869056,0.26877271346112297,0.2736695381269465,0.9480189268072137,-0,19.548579228128894,12
