d_t,d_h,thres,nDT,timeHin,bias,LL,BIC,AIC
-1.9992500042802739,-1.9625801299020962,2.0463081167724004,0.9999961285081195,0.032294018501121693,0.18503899229088444,3.3516700951845855,29.408477993878737,18.703340190369172
