d_t,d_h,thres,nDT,timeHin,bias,LL,BIC,AIC
1.1723522771154666,0.7733990470750431,0.8892064003273845,0.645810985372579,-0.405925641334673,0.25489844887544605,-0,20.979045368798882,12
