d_t,d_h,thres,nDT,timeHin,bias,LL,BIC,AIC
0.03046129627187103,1.90869012568146,1.4805032973987293,0.99195137960256,0.6037497176070571,-0.16388503360575007,4.30857931377992,28.820933607478686,20.61715862755984
