d_t,d_h,thres,nDT,timeHin,bias,LL,BIC,AIC
-1.7809782674067627,1.3951688020458821,1.521922610007403,0.3806233414644731,0.13325404055751333,-0.015774939212144568,-0,19.993227061051222,12
