d_t,d_h,thres,nDT,timeHin,bias,LL,BIC,AIC
-1.5077457240002101,1.0948142558608374,2.9604714605884572,0.5407757075914368,0.7432266037462602,-0.42979276725311155,-0,19.548579228128894,12
