d_t,d_h,thres,nDT,timeHin,bias,LL,BIC,AIC
0.09034799817524727,1.7949864198652454,0.9181097481061924,0.9995137999231515,0.6272093379035879,-0.0652790085162897,4.2789971622840834,29.53703969336705,20.557994324568167
