d_t,d_h,thres,nDT,timeHin,bias,LL,BIC,AIC
0.28999705006422055,-0.8610691748426342,2.6108150398166283,0.34731914535395353,-0.2292862894591589,0.7436059427272166,-0,17.66663387499864,12
