d_t,d_h,thres,nDT,timeHin,bias,LL,BIC,AIC
1.7421002949251556,-0.5574249820783734,1.6531250031211224,0.8345997924633078,-0.03690940482901717,0.2937469419889769,-0,22.13327672468362,12
