d_t,d_h,thres,nDT,timeHin,bias,LL,BIC,AIC
-1.1544500453717397,-0.23379088044103036,1.0264338489147524,0.5437630702009629,0.29018839122727513,0.3390062752817822,-0,17.342230547376985,12
