d_t,d_h,thres,nDT,timeHin,bias,LL,BIC,AIC
-0.09642198588699102,-0.5349788903003843,2.8829181538894773,0.4963671729227806,0.9790830574929714,0.7619126198353795,-0,21.158163147696968,12
