d_t,d_h,thres,nDT,timeHin,bias,LL,BIC,AIC
0.7001943574644292,1.9943702463377626,2.149610301418848,0.9995148187443348,0.2768688330349496,-0.24811785938841416,3.569058714971426,28.29628057763982,19.138117429942852
