d_t,d_h,thres,nDT,timeHin,bias,LL,BIC,AIC
-1.9451616607944548,-0.12275466498624324,1.8363198347235055,0.9985238597106518,-0.6277062364243725,0.06260431415988513,4.300762850508979,30.427042659376273,20.60152570101796
