d_t,d_h,thres,nDT,timeHin,bias,LL,BIC,AIC
-1.9712385432532873,-0.64677198144903,1.9677223270337938,0.9981811462648099,-0.47352834145839695,0.06891708048053981,4.014579228472783,30.010528333723443,20.029158456945567
