d_t,d_h,thres,nDT,timeHin,bias,LL,BIC,AIC
-0.6820896221505452,-0.6356106750258567,0.9798246117308735,0.5222620375976257,0.7702174584484653,-0.6499603141373271,-0,18.546254720149896,12
