d_t,d_h,thres,nDT,timeHin,bias,LL,BIC,AIC
-1.9870140345968839,-1.9834716041110285,2.8166970900306705,0.9992114892339371,-0.058393876399531655,-0.1754817429486745,3.4559311360046077,28.577369747874563,18.911862272009216
