d_t,d_h,thres,nDT,timeHin,bias,LL,BIC,AIC
-1.6077562154514027,-0.28103714474329644,2.8508775972492293,0.530060620258618,-0.48271734274890293,-0.9719565521704903,-0,19.068322982087675,12
