d_t,d_h,thres,nDT,timeHin,bias,LL,BIC,AIC
-0.796821096309386,-1.2889240572826575,2.395925878174603,0.9820505927903578,0.21762243821420024,-0.42179850675165653,-0,21.50111363073666,12
