d_t,d_h,thres,nDT,timeHin,bias,LL,BIC,AIC
-0.32138076138652083,-0.12096214531146071,2.2157827719496437,0.6371489319164276,-0.09861787477495354,0.8843904892041426,-0,19.068322982087675,12
