d_t,d_h,thres,nDT,timeHin,bias,LL,BIC,AIC
0.20576140737676707,1.286324028043991,1.512797245569527,0.5715521539006528,0.14395337069282205,-0.6707517927815098,-0,18.546254720149896,12
