d_t,d_h,thres,nDT,timeHin,bias,LL,BIC,AIC
-0.7170449038770516,-0.15608715554124863,2.549317988622064,0.6955535546998561,-0.5746299969032407,-0.1082604294642806,-0,19.313254949209202,12
