d_t,d_h,thres,nDT,timeHin,bias,LL,BIC,AIC
-1.9261065982282162,-0.1383258264035765,2.807027950217045,0.9957890758599481,-0.5799129107370937,0.1848268857000116,9.167084668002353,39.66625770494119,30.334169336004706
