d_t,d_h,thres,nDT,timeHin,bias,LL,BIC,AIC
0.5977675134497746,1.9817774864108957,2.000138887949288,0.9144453007487744,0.5059640246665201,0.22477347341220935,8.754119595034066,39.00935282080479,29.50823919006813
