d_t,d_h,thres,nDT,timeHin,bias,LL,BIC,AIC
0.3643338417435844,1.981404946109982,1.6899555852962176,0.9968283475665904,0.2630687391892057,-0.26575097402227343,3.5909635234836927,26.495181996176587,19.181927046967385
