d_t,d_h,thres,nDT,timeHin,bias,LL,BIC,AIC
-0.28460722238079456,-1.948556893075009,2.150318081644077,0.999837878294641,0.4194141723295891,0.17279569058889502,7.908530297700359,37.31817422613738,27.81706059540072
