d_t,d_h,thres,nDT,timeHin,bias,LL,BIC,AIC
-0.03144234066628865,0.4160921063014357,2.531542569943923,0.837395062842802,0.9832499207965203,0.07443293765911299,23.987985716271613,68.57989465945411,59.975971432543226
