d_t,d_h,thres,nDT,timeHin,bias,LL,BIC,AIC
0.09826490834667595,0.5646905222646457,0.8452627351507545,0.8413808857137337,-0.7625965745785971,0.17648632947738985,-0,18.26713462634054,12
