d_t,d_h,thres,nDT,timeHin,bias,LL,BIC,AIC
0.832819467168701,0.5755425053187158,2.7682949411038655,0.9666031193546951,0.6480725982953374,-0.13620749150735437,-0,18.26713462634054,12
