d_t,d_h,thres,nDT,timeHin,bias,LL,BIC,AIC
0.40110691741805715,1.9566851549161235,2.805226492741198,0.9890980382533132,0.30757311824709177,0.5312280287265272,-0,21.332088368936482,12
