d_t,d_h,thres,nDT,timeHin,bias,LL,BIC,AIC
-0.9800877885631313,1.9417851315811276,2.6596320366308306,0.7544523628638126,0.9405993295582125,-0.7308386503718793,-0,21.825516958358314,12
