d_t,d_h,thres,nDT,timeHin,bias,LL,BIC,AIC
0.8013896653428674,-1.0283329840749502,1.4827035179548222,0.7882341542753202,0.46077472483739257,0.25264947735599885,-0,20.60392322691088,12
