d_t,d_h,thres,nDT,timeHin,bias,LL,BIC,AIC
-0.698056720935519,1.5597309288362464,1.5445107784823602,0.40541817756069354,0.7130544681506402,0.10044490415561447,-0,20.60392322691088,12
