d_t,d_h,thres,nDT,timeHin,bias,LL,BIC,AIC
-1.3540903218351914,-1.4322278951683871,1.7592868622048015,0.69853303228592,-0.34585519445349483,0.38368156904735284,-0,18.812965295574898,12
