d_t,d_h,thres,nDT,timeHin,bias,LL,BIC,AIC
1.8018117109313607,-0.23209745654121683,1.5822013521192093,0.16390203067081094,0.8076527730470382,-0.2780607300810516,-0,19.068322982087675,12
