d_t,d_h,thres,nDT,timeHin,bias,LL,BIC,AIC
-0.07018138282001019,0.612263536080718,2.845363276141865,0.9459954320403196,-0.27346002331574837,0.7184250722639263,-0,21.665507475865347,12
