d_t,d_h,thres,nDT,timeHin,bias,LL,BIC,AIC
1.9584153386901677,1.8893040594405979,1.8984183261573984,0.9729293409795399,0.005540935965154731,0.9976223972019134,3.3405041525611803,28.506525263480675,18.68100830512236
