d_t,d_h,thres,nDT,timeHin,bias,LL,BIC,AIC
1.9998425608911794,0.07513624962588035,2.28830467578537,0.9999820928776556,-0.3423799683689947,-0.031111054130988483,11.667541758726083,43.32831057850339,35.33508351745216
