d_t,d_h,thres,nDT,timeHin,bias,LL,BIC,AIC
1.86294176865116,0.10966674928100059,1.6544219984791861,0.996564218972211,-0.5777790576414626,-0.05300696075687873,13.539406381628027,46.85383395928203,39.07881276325605
