d_t,d_h,thres,nDT,timeHin,bias,LL,BIC,AIC
-1.4135948764160275,-1.6966101052558278,2.32828827380996,0.4339327848159046,-0.9754148218780756,-0.47632562248526383,-0,22.42601770970021,12
