d_t,d_h,thres,nDT,timeHin,bias,LL,BIC,AIC
-0.07634041085839272,-0.4586750031948641,1.422285945035396,0.14784420804689818,0.4268670551906597,-0.48003309293542495,-0,22.281432400225846,12
