d_t,d_h,thres,nDT,timeHin,bias,LL,BIC,AIC
1.7163132524680873,0.005500645532667714,1.6910108910318398,0.9987172145011289,-0.9974032161756247,0.003549769535105461,5.607908992007582,32.194863352814046,23.215817984015164
