d_t,d_h,thres,nDT,timeHin,bias,LL,BIC,AIC
0.8898329424336149,-0.794489787707606,0.9431001793539437,0.9950655381488127,-0.14204791288450355,0.5627883338138888,13.31991020068809,47.79798354907315,38.639820401376184
