d_t,d_h,thres,nDT,timeHin,bias,LL,BIC,AIC
-0.9863903494551778,-1.62094067086693,1.1570230638608336,0.7467250668210909,-0.17234019242337378,0.7537924093194306,-0,22.97184837893457,12
