d_t,d_h,thres,nDT,timeHin,bias,LL,BIC,AIC
1.2315860034782564,0.8039676006883383,1.6110470535233616,0.9847677597462487,0.10287769474420871,0.8122632121667266,-0,22.705137803509565,12
