d_t,d_h,thres,nDT,timeHin,bias,LL,BIC,AIC
0.6414999926163909,-1.9806607985324718,1.3009330054400545,0.9996120175230438,0.2995736203968524,-0.4061235623956621,8.926515424138763,37.6280520443035,29.853030848277527
