d_t,d_h,thres,nDT,timeHin,bias,LL,BIC,AIC
1.5036843749987565,-0.6540673543061668,1.6456477053313725,0.9986496129840786,-0.16354570133060747,0.388998240750661,8.441754961919536,39.30952763353928,28.88350992383907
