d_t,d_h,thres,nDT,timeHin,bias,LL,BIC,AIC
1.505381034912482,-1.6030225219673413,1.1453406875065715,0.9983111521244858,-0.1962152906421987,0.47847952853512354,8.75682788231536,39.93967347433093,29.51365576463072
