d_t,d_h,thres,nDT,timeHin,bias,LL,BIC,AIC
0.019240326057264192,-1.718125163350737,1.5779926985377424,0.9965656151907988,0.8202146220264923,0.11760935558391152,4.813091024652018,30.033366339276967,21.626182049304035
