d_t,d_h,thres,nDT,timeHin,bias,LL,BIC,AIC
-1.9691510062581519,-1.9210368363319978,2.958635600268403,0.8666627405032801,0.0065418339139219905,-0.9858032296753337,3.340708649051443,26.674644359154108,18.681417298102886
