d_t,d_h,thres,nDT,timeHin,bias,LL,BIC,AIC
1.536754744868471,0.00965242542767177,1.1215507719398057,0.9983519585795833,-0.9978723384720832,-0.15078372248321115,5.281306067695822,29.630935117479318,22.562612135391646
