d_t,d_h,thres,nDT,timeHin,bias,LL,BIC,AIC
-0.04307178855033911,-1.0231250608339906,1.809280403097373,0.7429356658595447,-0.6958475216430661,-0.9935056527900052,-0,21.665507475865347,12
