d_t,d_h,thres,nDT,timeHin,bias,LL,BIC,AIC
1.338342344796393,1.5634590387887402,1.5815985906747205,0.732308607270445,-0.12830775845803732,-0.12331722725539923,-0,21.665507475865347,12
