d_t,d_h,thres,nDT,timeHin,bias,LL,BIC,AIC
-0.638821846253218,-0.3939026650041342,2.5166191030264535,0.11184837677004551,-0.6944609626592848,-0.6095587996539579,-0,22.13327672468362,12
