d_t,d_h,thres,nDT,timeHin,bias,LL,BIC,AIC
-1.5714358435943723,0.7841430455446243,1.1534061234641075,0.9631611561393928,-0.3151355694091408,0.1255317673122751,-0,20.979045368798882,12
