d_t,d_h,thres,nDT,timeHin,bias,LL,BIC,AIC
-1.8413532290283932,-1.9971097651869059,2.04701385826221,0.8774872271192181,-0.09236538676678693,-0.46600434647007327,-0,21.158163147696968,12
