d_t,d_h,thres,nDT,timeHin,bias,LL,BIC,AIC
-1.2428726251180628,-1.818800217255187,1.7523074428697636,0.6788600744468186,0.2927620030767708,0.05076210526749492,-0,12.476649250079014,12
