d_t,d_h,thres,nDT,timeHin,bias,LL,BIC,AIC
-1.597006601212584,1.1948041754555683,2.284826032637634,0.3739765334339732,0.5871824892237782,-0.20158302445801324,-0,21.158163147696968,12
