d_t,d_h,thres,nDT,timeHin,bias,LL,BIC,AIC
1.922427643619295,1.3033147686100686,1.4626348746321303,0.24095585876045514,0.21259352149038038,-0.14701765684074752,-0,22.42601770970021,12
