d_t,d_h,thres,nDT,timeHin,bias,LL,BIC,AIC
-1.6060037733986974,0.29735290655918345,0.7966872878372668,0.7879203615477308,-0.12966470202265887,0.4466987594372487,-0,22.42601770970021,12
