d_t,d_h,thres,nDT,timeHin,bias,LL,BIC,AIC
-0.04255962378202206,-1.9610815715864427,1.7965123862028123,0.9991723370537495,0.5887182185430091,0.06805286105550387,4.490603672822878,27.248341971986296,20.981207345645757
