d_t,d_h,thres,nDT,timeHin,bias,LL,BIC,AIC
1.3994813692607757,1.9902274239814588,2.2768299091572817,0.37098264955105775,0.8068282843567431,-0.41193967554828725,-0,22.705137803509565,12
