d_t,d_h,thres,nDT,timeHin,bias,LL,BIC,AIC
0.7792642249805751,1.9865482165326085,1.8946587645584898,0.999342049702947,0.6000036504949036,-0.3144073709045326,8.2390278680848,37.63621888386657,28.4780557361696
