d_t,d_h,thres,nDT,timeHin,bias,LL,BIC,AIC
1.7558788619935513,-0.16228030171144125,0.697643067838454,0.08859207429386076,-0.6387481351387222,-0.2837077062577009,-0,21.158163147696968,12
