d_t,d_h,thres,nDT,timeHin,bias,LL,BIC,AIC
-1.9653681964888787,-1.9974621865329472,1.7491548257468879,0.9998114354007258,0.013198683293452803,0.3086168856364481,3.3555825379008803,24.9782997021423,18.71116507580176
