d_t,d_h,thres,nDT,timeHin,bias,LL,BIC,AIC
1.8707468754591399,-1.3064903863355988,2.2691787757095967,0.40537831597686835,0.21744993267128737,0.9898550776706007,-0,23.350921788663758,12
