d_t,d_h,thres,nDT,timeHin,bias,LL,BIC,AIC
-0.8202598492961132,-1.1863923119833641,1.5229209849957133,0.3053517930366946,0.5948354949292038,0.6487884004776227,-0,23.707462311488566,12
