d_t,d_h,thres,nDT,timeHin,bias,LL,BIC,AIC
1.2328347640543846,-0.5465877953887606,2.8158703515174466,0.6713513454971832,-0.0482457072206816,0.3392713372657986,13.56387500694592,48.6288636446285,39.12775001389184
