d_t,d_h,thres,nDT,timeHin,bias,LL,BIC,AIC
1.5941460357043518,1.8881749340735343,2.95082475624013,0.44193389068706357,-0.1654852586276354,-0.20514260882633772,-0,15.83434397769155,12
