d_t,d_h,thres,nDT,timeHin,bias,LL,BIC,AIC
0.3864470955851376,-0.9480497931037926,0.766265605238922,0.6893889058008628,0.696572196479849,-0.32258625391931617,-0,15.389696144769221,12
