d_t,d_h,thres,nDT,timeHin,bias,LL,BIC,AIC
-1.9091275382528534,0.06974062507029233,2.2347020517053684,0.7774560445640236,0.7272013918927622,-0.08253305918694068,-0,21.158163147696968,12
