d_t,d_h,thres,nDT,timeHin,bias,LL,BIC,AIC
-1.7726719845086336,1.401780609972775,1.3381280747887734,0.6361969843568129,-0.4610372932517474,-0.6772010082657882,-0,21.981369876777876,12
