d_t,d_h,thres,nDT,timeHin,bias,LL,BIC,AIC
1.5531800742040933,1.1916939761178007,1.6545869427416358,0.3216055901839592,-0.8359891520865648,0.0738737956516526,-0,22.567200694161375,12
