d_t,d_h,thres,nDT,timeHin,bias,LL,BIC,AIC
-1.8766362897006021,-0.3390083802036507,2.07749792670084,0.265594524733117,0.5298525040067172,0.3997493255581424,-0,20.79441541679836,12
