d_t,d_h,thres,nDT,timeHin,bias,LL,BIC,AIC
1.991266168774826,1.9860162368188867,1.5163385774883225,0.9942170592694363,-0.0037026945683716456,0.9989064855166226,3.3410026330175238,24.949139892375587,18.68200526603505
