d_t,d_h,thres,nDT,timeHin,bias,LL,BIC,AIC
-0.8403439507487429,-1.987116703608644,1.3012735174774746,0.996857996002115,0.09683539253087518,0.4404728856373659,3.358031816585339,23.351595966609363,18.716063633170677
