d_t,d_h,thres,nDT,timeHin,bias,LL,BIC,AIC
-1.9717771876298649,-1.5190192381877283,1.3150562937700636,0.8803273943369276,0.29574558724939104,0.08655900366661884,-0,16.635532333438686,12
