d_t,d_h,thres,nDT,timeHin,bias,LL,BIC,AIC
0.19353407947805534,-1.2451733635282891,1.8710246596539484,0.9148099794815757,0.36257782438769937,0.930316261947155,-0,21.50111363073666,12
