d_t,d_h,thres,nDT,timeHin,bias,LL,BIC,AIC
0.8708509613338146,1.172944872564162,2.600362906223769,0.7717035822360756,-0.5445628890953191,0.9466117275878787,-0,21.50111363073666,12
