d_t,d_h,thres,nDT,timeHin,bias,LL,BIC,AIC
-0.7361267525702715,-1.0850403057411313,1.5886290890188135,0.27701322036846415,-0.8722902680805527,-0.31502683661879405,-0,22.42601770970021,12
