d_t,d_h,thres,nDT,timeHin,bias,LL,BIC,AIC
-1.9760742352320868,-1.96564993766358,2.658579232916236,0.9731416693327748,6.05111513091507e-4,-0.9827553387843279,3.3398297728496815,28.81293627038298,18.679659545699362
