d_t,d_h,thres,nDT,timeHin,bias,LL,BIC,AIC
-1.9509350666401986,-0.2446347277611497,1.7294634070247412,0.999649421132814,-0.2318829125724733,0.21885836416779844,3.4848746880025807,29.10302610068878,18.96974937600516
