d_t,d_h,thres,nDT,timeHin,bias,LL,BIC,AIC
-1.0435474496334791,0.4610642685181521,2.0608375313619187,0.3487592823584416,0.9591711857434579,0.38072432903572917,-0,18.546254720149896,12
