d_t,d_h,thres,nDT,timeHin,bias,LL,BIC,AIC
-1.8947648847326086,-1.9890236392384857,2.7499161427921783,0.9999942825266417,0.00556736151767563,-0.9973655905391512,3.342078137175583,28.817432999034786,18.684156274351167
