d_t,d_h,thres,nDT,timeHin,bias,LL,BIC,AIC
-1.8522189284664514,1.6833907841522058,1.0799125818440043,0.5638460257621676,-0.049096673808505964,0.3354160339061033,-0,20.60392322691088,12
