d_t,d_h,thres,nDT,timeHin,bias,LL,BIC,AIC
-1.345057830156022,0.5676116037113399,2.4572828623354432,0.9013002010807395,0.07405828638002276,-0.8029493676376223,-0,20.60392322691088,12
