d_t,d_h,thres,nDT,timeHin,bias,LL,BIC,AIC
-0.5951196884078296,1.0289758043459512,1.4652643103152512,0.12627004656475038,-0.7719906279540855,-0.7085936078801751,-0,20.60392322691088,12
