d_t,d_h,thres,nDT,timeHin,bias,LL,BIC,AIC
1.7413034619400949,-0.49407741706112923,0.6500393752008677,0.7930879322267065,-0.7562537505291402,0.043802650179713964,-0,19.548579228128894,12
