d_t,d_h,thres,nDT,timeHin,bias,LL,BIC,AIC
0.33486075010482963,0.6784585003848194,1.1186651911092969,0.6889170879161257,0.8867529231712679,-0.35473257830949745,-0,16.9992800643373,12
