d_t,d_h,thres,nDT,timeHin,bias,LL,BIC,AIC
0.008734242166547168,1.815958717482838,0.6955924216657876,0.9970356006478458,0.6453647292631988,0.033697134911434196,4.369003587457243,28.731234235965708,20.738007174914486
