d_t,d_h,thres,nDT,timeHin,bias,LL,BIC,AIC
1.981278406019658,1.9760295944065496,1.8201136898830748,0.9975028331198239,-0.03572894570171847,-0.34353813438687075,3.3621252505184924,21.633690399764987,18.724250501036984
