d_t,d_h,thres,nDT,timeHin,bias,LL,BIC,AIC
1.9804875116016345,1.9540594925855628,1.9375580360682232,0.9995182166390725,0.005116815435003418,0.6443628082051873,3.347659219190469,21.08269007517116,18.695318438380937
