d_t,d_h,thres,nDT,timeHin,bias,LL,BIC,AIC
-0.12582882305037688,-1.9240962483856086,0.9425080137396615,0.9942212767213305,0.5738035515361367,0.003984484535888885,4.201782576564627,28.810749443102186,20.403565153129254
