d_t,d_h,thres,nDT,timeHin,bias,LL,BIC,AIC
1.792375362149872,1.9717967805603926,2.1083010407164693,0.9306245209685002,-0.007946669264153366,0.9998752856804107,3.341257245626443,27.286437718163764,18.682514491252885
