d_t,d_h,thres,nDT,timeHin,bias,LL,BIC,AIC
0.0599481907989905,1.70706633661305,2.0833162150929105,0.9982375651356736,0.6874056304783038,-0.13434233354715136,4.428939740479449,29.06165446087774,20.8578794809589
