d_t,d_h,thres,nDT,timeHin,bias,LL,BIC,AIC
1.9106253071798232,0.029415596247479192,0.8647627268483951,0.9981226872009742,-0.7871593273742984,-0.0704605551011595,4.866775203006168,31.065638774948816,21.733550406012334
