d_t,d_h,thres,nDT,timeHin,bias,LL,BIC,AIC
1.9792460558291192,-0.03743071103186779,1.92240279067257,0.9989529053192289,-0.5380937199244732,0.11215783144010463,4.1936248903051245,30.520526505293866,20.387249780610247
