d_t,d_h,thres,nDT,timeHin,bias,LL,BIC,AIC
0.03226748183429379,1.9310365061367993,1.364511971299607,0.9947217478005372,0.5560566575404503,-0.15182035358007456,4.208204683394617,30.54968609147285,20.41640936678923
