d_t,d_h,thres,nDT,timeHin,bias,LL,BIC,AIC
-0.2303844802124546,-0.31500870697764793,1.781972029453029,0.9805709559973178,0.8543545450083911,0.8293978805042722,-0,16.9992800643373,12
