d_t,d_h,thres,nDT,timeHin,bias,LL,BIC,AIC
0.14941986804509672,-0.695960165001452,0.7334439651235999,0.5584005037258776,0.9606031441471274,-0.9093052893844129,-0,16.9992800643373,12
