d_t,d_h,thres,nDT,timeHin,bias,LL,BIC,AIC
-0.9933677462319164,-1.4416499835553274,1.6162722155872817,0.025224849318415177,-0.5117980133381534,-0.3383161586657969,-0,23.227206065447348,12
