d_t,d_h,thres,nDT,timeHin,bias,LL,BIC,AIC
-0.4142530931682028,0.3409822146431841,1.4126818019896745,0.9998317041717147,-0.9848980521001214,0.07789043208457087,6.242640009671396,33.089203246253675,24.48528001934279
