d_t,d_h,thres,nDT,timeHin,bias,LL,BIC,AIC
-1.7425006073689933,0.8925267501407237,2.034856798531003,0.8955646099551302,-0.07040257288351731,-0.5517333536320614,-0,21.158163147696968,12
