d_t,d_h,thres,nDT,timeHin,bias,LL,BIC,AIC
-1.8211736119208521,-0.2912685174533995,1.5094447553157806,0.9908386861138413,-0.6486751231901441,0.017907712409250626,4.375879977873083,29.1589442457191,20.751759955746166
