d_t,d_h,thres,nDT,timeHin,bias,LL,BIC,AIC
0.11310589603667723,-0.490534060530176,1.7033677289262412,0.7732522377036893,0.2488678166446481,0.5747233774387388,-0,21.665507475865347,12
