d_t,d_h,thres,nDT,timeHin,bias,LL,BIC,AIC
0.893647403840448,-1.4104558386229398,0.7335056511685254,0.9961631498483996,-0.0987968437402989,0.0030781188281532312,13.353435603956488,43.34240354135166,38.706871207912975
