d_t,d_h,thres,nDT,timeHin,bias,LL,BIC,AIC
1.7014285363633124,1.2411740993340885,0.8762778225433479,0.9992632262438249,-0.6360819758936279,-0.28380191216722606,8.655162108790636,33.94585655101996,29.31032421758127
