d_t,d_h,thres,nDT,timeHin,bias,LL,BIC,AIC
-0.8020746009168156,0.6245863573952175,0.7232413318008186,0.9972827434661098,-0.9137085226522785,-0.027173310930292842,-0,16.635532333438686,12
