d_t,d_h,thres,nDT,timeHin,bias,LL,BIC,AIC
-1.6499661865679505,-0.47669664619671004,2.326184807870672,0.3425231752197685,0.018084255907639596,-0.5264629285481706,-0,19.548579228128894,12
