d_t,d_h,thres,nDT,timeHin,bias,LL,BIC,AIC
-0.9683771825341594,-0.889136533319201,2.8800728933885695,0.9326326043964835,0.3882814387625103,-0.08051335338052062,-0,19.548579228128894,12
