d_t,d_h,thres,nDT,timeHin,bias,LL,BIC,AIC
-0.770918288090918,1.0289003290235996,1.5027093170864207,0.40411413142713537,-0.7577285601535744,0.90633601640368,-0,16.635532333438686,12
