d_t,d_h,thres,nDT,timeHin,bias,LL,BIC,AIC
-1.3545118174489568,-0.48991554975509644,1.864180672036214,0.6286990786322575,-0.6852893074974418,-0.49731011063635244,-0,19.993227061051222,12
