d_t,d_h,thres,nDT,timeHin,bias,LL,BIC,AIC
1.6805885428541139,-0.5947348025206936,1.9452912339940667,0.5789616592787207,-0.23734720923011265,0.14685017708688974,-0,19.993227061051222,12
