d_t,d_h,thres,nDT,timeHin,bias,LL,BIC,AIC
-1.1088746702298522,0.1794941322878003,1.9650805575773118,0.10254876429680737,0.914288586226951,0.03718984624781263,-0,22.281432400225846,12
