d_t,d_h,thres,nDT,timeHin,bias,LL,BIC,AIC
-0.14340405217356755,-0.3740885015577078,1.1880516456679489,0.5180397265973246,-0.08907720306888223,-0.9221737566404045,-0,22.13327672468362,12
