d_t,d_h,thres,nDT,timeHin,bias,LL,BIC,AIC
-1.4654147639870647,0.01963607927156813,2.3036853315308687,0.8517062230974434,-0.9530661436729133,-0.3243965913954784,-0,15.389696144769221,12
