d_t,d_h,thres,nDT,timeHin,bias,LL,BIC,AIC
-0.5902930921667354,-0.4515274250879884,1.8194751234725115,0.7137956608068192,0.20903299424749489,-0.8275997198877711,-0,16.635532333438686,12
