d_t,d_h,thres,nDT,timeHin,bias,LL,BIC,AIC
0.6770972921070244,1.8755514514720086,1.7260862597694406,0.8763136733088956,-0.12786982953548431,0.5457983944156026,-0,16.24830120661326,12
