d_t,d_h,thres,nDT,timeHin,bias,LL,BIC,AIC
-1.3223662252277177,0.15900788762815,1.0669222660550837,0.669980078705659,-0.18379188608378172,-0.6154559776186943,-0,21.825516958358314,12
