d_t,d_h,thres,nDT,timeHin,bias,LL,BIC,AIC
-0.9491593281052099,1.1918911069781655,0.9847253445535897,0.8955477416555916,-0.4671656436826701,-0.7357241021227726,-0,20.203774979918844,12
