d_t,d_h,thres,nDT,timeHin,bias,LL,BIC,AIC
-1.6320275831967592,0.4170487559209569,2.06175635587424,0.15019975357836762,-0.06238772473582771,-0.9698934289626777,-0,21.981369876777876,12
