d_t,d_h,thres,nDT,timeHin,bias,LL,BIC,AIC
-1.211444381647099,-0.7137753946371903,2.417574664949962,0.024884978397749363,0.8161414788106399,0.20574537277759353,-0,21.825516958358314,12
