d_t,d_h,thres,nDT,timeHin,bias,LL,BIC,AIC
-1.3778509140791464,1.7216130511653183,2.988613916793243,0.984289436095376,-0.4042587298899889,0.3314609244573853,-0,21.825516958358314,12
