d_t,d_h,thres,nDT,timeHin,bias,LL,BIC,AIC
0.7197843379467308,1.0275748199146175,2.6915890966513327,0.36356326547069273,0.33785058026697723,-0.8758293526687829,-0,22.281432400225846,12
