d_t,d_h,thres,nDT,timeHin,bias,LL,BIC,AIC
-0.5230867704376578,0.32410522382588614,0.9673281932480153,0.46831348926432037,0.2549681518678996,-0.6163251160566914,-0,22.281432400225846,12
