d_t,d_h,thres,nDT,timeHin,bias,LL,BIC,AIC
1.9946770558526175,1.0151009650594558,2.7681721223518254,0.994622570064332,-0.9703271841688722,-0.37237828390794664,9.456782244463515,40.57907196479238,30.91356448892703
