d_t,d_h,thres,nDT,timeHin,bias,LL,BIC,AIC
0.9138694534998557,-0.5208123114934343,1.9484055954962969,0.2947456484730355,0.6871580885124567,-0.6304165236651897,-0,13.183347464017316,12
