d_t,d_h,thres,nDT,timeHin,bias,LL,BIC,AIC
0.1269529028968388,-0.5584741863024811,0.9340982470661401,0.8215224733131479,0.47165239369496703,-0.8380365849822842,-0,13.183347464017316,12
