d_t,d_h,thres,nDT,timeHin,bias,LL,BIC,AIC
-1.224005864188075,-0.05470809360554485,0.7795785795485068,0.9643553264791006,-0.8866737137533658,0.07967711831200097,-0,22.42601770970021,12
