d_t,d_h,thres,nDT,timeHin,bias,LL,BIC,AIC
-0.0213270019043304,-1.612650884609627,2.5471306597541563,0.9975824213660697,0.6798867637318378,-0.06485769033776789,4.461104861151289,30.74772668066089,20.922209722302576
