d_t,d_h,thres,nDT,timeHin,bias,LL,BIC,AIC
0.6850884913586297,1.1826341534305753,1.0528759328630097,0.7521499581161257,0.15094016833391066,0.12328080832958221,-0,21.332088368936482,12
