d_t,d_h,thres,nDT,timeHin,bias,LL,BIC,AIC
1.9917090804196211,1.9646719053509634,2.2518098344379087,0.9990570011035735,-0.0912504848622409,-0.22052220615074505,3.373967260225368,27.72697988924962,18.747934520450734
