d_t,d_h,thres,nDT,timeHin,bias,LL,BIC,AIC
0.8220169907783853,-0.03760389966043946,2.820332293161346,0.9992118323306347,-0.9935297425495003,-0.0699881986557842,5.7639023073077045,32.50684998341429,23.52780461461541
