d_t,d_h,thres,nDT,timeHin,bias,LL,BIC,AIC
-0.85212572657249,-0.46838714290616157,1.6128087754049107,0.9144893518660444,0.7095851537714865,0.021109276672000465,-0,21.50111363073666,12
