d_t,d_h,thres,nDT,timeHin,bias,LL,BIC,AIC
0.20219925272243977,-0.7777228076010942,1.4529527414667749,0.4333531927131116,0.511750329497247,0.6651214495061313,-0,21.50111363073666,12
