d_t,d_h,thres,nDT,timeHin,bias,LL,BIC,AIC
0.03764167598608387,-0.14690813384150828,1.782975305687128,0.9765842621496782,0.7767685547048858,-0.02761884940371659,17.620837021125944,57.6676917519521,47.24167404225189
