d_t,d_h,thres,nDT,timeHin,bias,LL,BIC,AIC
-1.9752059107462134,-1.9564316145424936,0.7878734128028336,0.9624554840272634,-0.0022667100710043572,-0.9985033777847396,3.340199239274021,28.012486847484524,18.680398478548042
