d_t,d_h,thres,nDT,timeHin,bias,LL,BIC,AIC
-1.980166231711969,-1.9950352135137042,2.112056953576584,0.9966263920201333,-0.020531811904333654,0.05168395051606592,3.3456970515971687,29.396531906703903,18.691394103194337
