d_t,d_h,thres,nDT,timeHin,bias,LL,BIC,AIC
-1.1721893384870168,-0.0776190150998467,0.7573032009021154,0.9061878616590984,-0.13833514728534535,-0.46796142363252907,-0,9.656627474604601,12
