d_t,d_h,thres,nDT,timeHin,bias,LL,BIC,AIC
0.4817208094920198,0.625447487576483,1.7278843418558114,0.028431975967043985,-0.02693565847981194,0.02310129523229787,-0,9.656627474604601,12
