d_t,d_h,thres,nDT,timeHin,bias,LL,BIC,AIC
1.989954818509061,1.8327829461452132,1.9474207743088925,0.9994176730705857,0.016547064655162445,-0.1912409471706646,3.358568254225654,28.382643984316655,18.717136508451308
