d_t,d_h,thres,nDT,timeHin,bias,LL,BIC,AIC
1.9371104937365804,1.1842550751932035,2.3270266319855692,0.999689015824929,-0.6217585798696178,-0.3539866769455309,8.27656461043955,38.21863669674445,28.5531292208791
