d_t,d_h,thres,nDT,timeHin,bias,LL,BIC,AIC
0.6107567716889427,1.3920665137614194,0.6764114379505362,0.6018190889990801,0.269373280336539,-0.004183720201589081,-0,19.993227061051222,12
