d_t,d_h,thres,nDT,timeHin,bias,LL,BIC,AIC
-1.381239678510519,1.26350624486804,1.1071178612838652,0.5058818673162916,0.19258793588844586,-0.39607699504449784,-0,20.60392322691088,12
