d_t,d_h,thres,nDT,timeHin,bias,LL,BIC,AIC
0.8693243837608509,1.207960605621338,1.6087390981611212,0.6357224188340351,-0.6997408619346447,0.08682414263638674,-0,20.60392322691088,12
