d_t,d_h,thres,nDT,timeHin,bias,LL,BIC,AIC
0.9958174511261724,1.7154504222727869,0.866874790218945,0.9182178056368537,-0.5379721949600319,0.8000987716950476,-0,21.665507475865347,12
