d_t,d_h,thres,nDT,timeHin,bias,LL,BIC,AIC
1.5074705415461747,0.09685799204532158,2.8343132827430964,0.8117300981737218,-0.569898409768939,-0.07981119410288517,-0,21.981369876777876,12
