d_t,d_h,thres,nDT,timeHin,bias,LL,BIC,AIC
-1.8252734628741805,-1.341839801341138,2.6446794741156223,0.9749187409374886,-0.28741085482761264,-0.5132875159087158,-0,22.97184837893457,12
