d_t,d_h,thres,nDT,timeHin,bias,LL,BIC,AIC
-0.26273123884425387,-1.064393024891615,2.880312685954784,0.35690671323292533,0.9479466853663325,-0.41585355624374076,-0,21.332088368936482,12
