d_t,d_h,thres,nDT,timeHin,bias,LL,BIC,AIC
-1.3010508186625294,1.539855617614462,2.096350806770195,0.8061482374055224,0.6696821748357723,0.2182076259799757,-0,22.281432400225846,12
