d_t,d_h,thres,nDT,timeHin,bias,LL,BIC,AIC
0.7090988298878074,1.5933098926904108,1.8742860016164795,0.13852217602403277,0.8680154266767204,0.36622237553820014,-0,22.281432400225846,12
