d_t,d_h,thres,nDT,timeHin,bias,LL,BIC,AIC
0.3617423445630351,-0.15008288156772842,1.2807485271897905,0.670124291094271,0.4025857298941766,0.23112720488545838,-0,20.203774979918844,12
