d_t,d_h,thres,nDT,timeHin,bias,LL,BIC,AIC
0.3738387821456095,1.1058817999594028,2.2079254791140555,0.11966015163808436,-0.3505132257985178,-1.770162132079811e-4,-0,19.993227061051222,12
