d_t,d_h,thres,nDT,timeHin,bias,LL,BIC,AIC
0.3492596993704199,-1.5104941952996656,1.9674175099965807,0.14505318382950297,-0.3830928037969289,0.717960714943928,-0,21.825516958358314,12
