d_t,d_h,thres,nDT,timeHin,bias,LL,BIC,AIC
-0.8407259100605126,0.42111572412464193,1.9673758371525256,0.9640711917702726,0.0869533735327423,0.8317507654428482,-0,16.635532333438686,12
