d_t,d_h,thres,nDT,timeHin,bias,LL,BIC,AIC
-0.01558144086150745,-1.9580746218364256,1.9114571000371643,0.9962462542527091,0.9381379446014763,-0.060713474649252364,4.995018160042919,29.98326338113706,21.99003632008584
