d_t,d_h,thres,nDT,timeHin,bias,LL,BIC,AIC
-1.8437702573010941,-1.8762467378453545,2.184119373131905,0.952386545563684,-0.0016568260832293402,-0.9995490087332061,3.340659171316594,25.99457329184239,18.681318342633187
