d_t,d_h,thres,nDT,timeHin,bias,LL,BIC,AIC
0.61283439339196355,1.058899289268525,1.8908970935388911,0.027066190897021447,0.8208937296856844,0.6132097369531806,-0,18.26713462634054,12
