d_t,d_h,thres,nDT,timeHin,bias,LL,BIC,AIC
0.49539109789841884,-0.9928962405486084,0.6760601287464651,0.08439535250892126,-0.08913920015600103,0.7895235794300313,-0,18.26713462634054,12
