d_t,d_h,thres,nDT,timeHin,bias,LL,BIC,AIC
0.18896496177944222,0.9791787909343839,2.3696668183431027,0.6503824558377524,0.7187013211301162,0.016058681532740593,-0,16.635532333438686,12
