d_t,d_h,thres,nDT,timeHin,bias,LL,BIC,AIC
-1.8607249708897946,-0.479276511703298,1.878994351907125,0.9988548210402205,-0.5689077737658546,0.23924043442594578,8.800784836438073,38.58061504167503,29.601569672876145
