d_t,d_h,thres,nDT,timeHin,bias,LL,BIC,AIC
-0.5260507514327366,-0.8081705783242636,2.89158791732043,0.07805331296054652,0.5821043759856809,0.33796795163061055,-0,8.317766166719343,12
