d_t,d_h,thres,nDT,timeHin,bias,LL,BIC,AIC
-0.8482922654833287,-1.09215299534722,2.087028108537197,0.7518900770819296,0.3932412669699532,0.19078289970487364,-0,20.979045368798882,12
