d_t,d_h,thres,nDT,timeHin,bias,LL,BIC,AIC
1.6243021258531187,0.728362826514605,1.2258269631185734,0.7768497880354666,-0.6279641948640347,-0.07840939158852414,8.693366059329154,39.81274982835852,29.38673211865831
