d_t,d_h,thres,nDT,timeHin,bias,LL,BIC,AIC
0.27043612115085125,-0.9982597893103957,2.886528059653938,0.4563726064161196,-0.2706194196279582,0.3591031288677743,-0,20.979045368798882,12
