d_t,d_h,thres,nDT,timeHin,bias,LL,BIC,AIC
-1.5223713795176623,1.9463223068979028,1.4444284840728168,0.9974181817716888,-0.06486660737806324,-0.15304302586612048,9.232619239013452,41.032439172188276,30.465238478026905
