d_t,d_h,thres,nDT,timeHin,bias,LL,BIC,AIC
-0.9279311397546637,1.5501612648367882,1.4265569192454284,0.056038215694307,0.4983388726725148,0.2759081977419555,-0,23.227206065447348,12
