d_t,d_h,thres,nDT,timeHin,bias,LL,BIC,AIC
-1.0976246319291172,1.0821414850652218,0.8669654620889005,0.5011681026383303,0.9372436150798398,-0.6717378865375837,-0,23.10088561026035,12
