d_t,d_h,thres,nDT,timeHin,bias,LL,BIC,AIC
-0.10378429159407432,1.0395795286085796,2.341969574597498,0.8457767322023464,0.9524989472257219,-0.3637766952429528,-0,12.476649250079014,12
