d_t,d_h,thres,nDT,timeHin,bias,LL,BIC,AIC
0.3704787286057447,1.4825902669810678,2.636646421841643,0.9190773022868636,0.03648540796712041,-0.7745400744118601,-0,21.981369876777876,12
