d_t,d_h,thres,nDT,timeHin,bias,LL,BIC,AIC
1.9501572473068256,1.9751577087532268,1.9124755105140163,0.6754703840075575,0.004693966234730913,0.9897872600940626,3.341685764114625,27.66241689702813,18.68337152822925
