d_t,d_h,thres,nDT,timeHin,bias,LL,BIC,AIC
1.2083772784098983,-0.015528637043520588,1.8579488061041145,0.7094313935612706,-0.23375693570526734,0.871738761624397,-0,20.60392322691088,12
