d_t,d_h,thres,nDT,timeHin,bias,LL,BIC,AIC
1.7914058821531944,0.3826823974492627,1.2113419342786074,0.9991808941185395,-0.26996604744338804,-0.27051663967870915,3.6010871165926552,29.33545095786893,19.20217423318531
