d_t,d_h,thres,nDT,timeHin,bias,LL,BIC,AIC
-0.02339739054422918,-1.4089151664183315,2.6293821036815643,0.3259630490746349,-0.3131613261066377,-0.5402183890939082,-0,17.342230547376985,12
