d_t,d_h,thres,nDT,timeHin,bias,LL,BIC,AIC
-1.8603798802942038,-1.988496916333886,2.040733621805131,0.8863976023182925,9.010537919469236e-4,-0.9841730655336894,3.3416122581150143,28.184338146966688,18.683224516230027
