d_t,d_h,thres,nDT,timeHin,bias,LL,BIC,AIC
1.8556907962148528,-0.4538235698237577,2.2308213716448586,0.9464858702778792,-0.4145377643993851,0.9604375476575712,12.61623966418707,47.057996286732454,37.23247932837414
