d_t,d_h,thres,nDT,timeHin,bias,LL,BIC,AIC
1.660468471475085,0.8024692214247217,1.3556285499223428,0.21309124451109726,0.3551067573042882,0.30476796764480507,-0,21.665507475865347,12
