d_t,d_h,thres,nDT,timeHin,bias,LL,BIC,AIC
1.9656470061018927,1.9657027484140552,1.3329948893763006,0.8935553189240444,-0.3586778653316564,-0.2805577992366659,11.790473473171456,45.406463904701226,35.58094694634291
