d_t,d_h,thres,nDT,timeHin,bias,LL,BIC,AIC
0.5249986417379051,-0.7649786791262294,2.2766401022672653,0.7991167803879058,-0.3114055174585968,-0.8967681477317231,-0,21.825516958358314,12
