d_t,d_h,thres,nDT,timeHin,bias,LL,BIC,AIC
-1.556252065963743,0.7390727070032532,2.4668356247081866,0.025139605801086873,0.27571554863581205,0.4060865735738548,-0,21.50111363073666,12
