d_t,d_h,thres,nDT,timeHin,bias,LL,BIC,AIC
0.1429016711190343,1.9801408812172545,2.4817610912543104,0.8900557803583404,-0.9256085918156292,-0.22002352427152577,-0,21.50111363073666,12
