d_t,d_h,thres,nDT,timeHin,bias,LL,BIC,AIC
-1.1764910516193754,-1.1432300293818116,1.5992296471819278,0.7053094286867417,-0.7096257801167667,0.4014142051511325,-0,19.548579228128894,12
