d_t,d_h,thres,nDT,timeHin,bias,LL,BIC,AIC
-0.008495904492970573,1.9695359767879794,1.681322426985551,0.9910656904700035,0.9005764086717147,0.0013151866025936376,4.954832690013578,31.24175374896364,21.909665380027157
