d_t,d_h,thres,nDT,timeHin,bias,LL,BIC,AIC
1.7580722858834927,-0.008723286256610452,1.8615701381103937,0.994801383862241,-0.581540803425014,-0.10136941816220897,4.313004592422274,30.12712281558121,20.62600918484455
