d_t,d_h,thres,nDT,timeHin,bias,LL,BIC,AIC
-1.9836446012335676,-1.9694804305752862,2.0159901092616472,0.901151972884937,-5.054773076020955e-4,-0.9850713450351678,3.341989164576919,29.251179023315213,18.683978329153838
