d_t,d_h,thres,nDT,timeHin,bias,LL,BIC,AIC
-1.5575904117661947,1.9909694509211717,1.9244975720124335,0.8898067480078379,-2.3099894756878347e-4,0.07608216003109104,7.841249949637213,34.99575484848363,27.682499899274426
