d_t,d_h,thres,nDT,timeHin,bias,LL,BIC,AIC
-0.16339266566044097,-1.7795241858713116,1.1636767629205924,0.9984037000738222,0.49140661020816256,0.07711499866639382,4.187020165439321,31.345888709813213,20.374040330878643
