d_t,d_h,thres,nDT,timeHin,bias,LL,BIC,AIC
0.0688351932913065,0.11914657322740121,2.2650525937969794,0.3930562326707877,0.12417896519172486,-0.030564054311851052,-0,22.42601770970021,12
