d_t,d_h,thres,nDT,timeHin,bias,LL,BIC,AIC
-1.133697239804036,0.5075957234948874,1.6347177140414715,0.4330804927740246,0.49098914628848433,0.4930541971475711,-0,22.97184837893457,12
