d_t,d_h,thres,nDT,timeHin,bias,LL,BIC,AIC
1.632572637006732,0.258178529759745,1.070524486173563,0.6528306400874027,0.2913691646195192,0.6947872219753799,-0,21.981369876777876,12
