d_t,d_h,thres,nDT,timeHin,bias,LL,BIC,AIC
-0.13557935653208328,1.2797631919384003,2.0554170954308835,0.18701202768280772,-0.9286719192750752,0.3541309064908373,-0,13.183347464017316,12
