d_t,d_h,thres,nDT,timeHin,bias,LL,BIC,AIC
-0.3502727597951889,-0.028161284911240925,2.2977296879557922,0.9992512368992902,0.13566791772385522,-0.044196123265938914,-0,17.974393641323946,12
