d_t,d_h,thres,nDT,timeHin,bias,LL,BIC,AIC
1.507169550296615,0.1284150214324642,0.858863310702145,0.7022164413728751,0.08052854372785043,0.7063807524535033,-0,17.66663387499864,12
