d_t,d_h,thres,nDT,timeHin,bias,LL,BIC,AIC
-0.7926458939612159,-1.7136478424072266,1.4728989187377055,0.5591656041105169,-0.8117312449133703,0.5642300010092849,-0,19.068322982087675,12
