d_t,d_h,thres,nDT,timeHin,bias,LL,BIC,AIC
1.7340456871315837,1.7363743069063653,2.9566984265786918,0.4223490552527188,0.3173205883166373,-0.36242902744561434,-0,18.812965295574898,12
