d_t,d_h,thres,nDT,timeHin,bias,LL,BIC,AIC
1.9821202491656278,1.9407191901716043,0.8948457904755046,0.6647544970545741,-3.586646994535418e-5,0.9900645964156563,3.3417275397839643,29.10947278926814,18.683455079567928
