d_t,d_h,thres,nDT,timeHin,bias,LL,BIC,AIC
0.03436605844647181,-0.8050285631590999,1.7795144679295276,0.9969725993289783,0.9933336946296409,0.09794582799750298,5.628336724169036,33.68269115803828,23.25667344833807
