d_t,d_h,thres,nDT,timeHin,bias,LL,BIC,AIC
1.4168883986827752,-0.8183910152418695,0.8636780491187301,0.38238496989967496,0.5865335377180481,-0.24532024282962084,-0,17.66663387499864,12
