d_t,d_h,thres,nDT,timeHin,bias,LL,BIC,AIC
0.16529598366469145,0.7908379296913615,2.6829893318033537,0.49839474922744553,-0.4899531554265824,-0.5807077638062379,-0,18.26713462634054,12
