d_t,d_h,thres,nDT,timeHin,bias,LL,BIC,AIC
-0.754386225409863,1.3345274571504078,1.4424736540764014,0.25983081161686983,-0.7834624922834337,-0.7038015058048686,-0,19.068322982087675,12
