d_t,d_h,thres,nDT,timeHin,bias,LL,BIC,AIC
0.9050496588909592,1.3853968488245363,2.928631716083818,0.35320961269508433,-0.2613284489565161,0.35607687125822834,-0,18.812965295574898,12
