d_t,d_h,thres,nDT,timeHin,bias,LL,BIC,AIC
-0.04884158970139252,-1.2774524921551347,2.8776984189051,0.15598469451342978,-0.6225016970863912,-0.595047508799659,-0,18.546254720149896,12
