d_t,d_h,thres,nDT,timeHin,bias,LL,BIC,AIC
-1.8356006349151344,-0.6424738093903964,2.200048498724227,0.18179445592686536,0.3463082704693079,0.31445169609726287,-0,18.546254720149896,12
