d_t,d_h,thres,nDT,timeHin,bias,LL,BIC,AIC
0.2079686317996119,1.8464471105608835,1.7212986745973256,0.9995676350538923,0.5177599826111835,-0.08982449514635701,4.135220055620521,30.55187251146689,20.270440111241044
