d_t,d_h,thres,nDT,timeHin,bias,LL,BIC,AIC
-0.33103172593360175,-1.3936968280545572,2.3704172818915867,0.4980200605542462,-0.6273989754967592,-0.7700273767113686,-0,20.979045368798882,12
