d_t,d_h,thres,nDT,timeHin,bias,LL,BIC,AIC
0.7767301771352834,0.08236960383786757,1.403829093011829,0.14444350830719918,0.8913887478512341,-0.2702997716532406,-0,22.839974938621918,12
