d_t,d_h,thres,nDT,timeHin,bias,LL,BIC,AIC
1.918869300560941,0.9632233660668135,2.677994747646153,0.2738817581576855,-0.4887038130334982,-0.7108429113019379,-0,22.839974938621918,12
