d_t,d_h,thres,nDT,timeHin,bias,LL,BIC,AIC
0.2238965455676981,-0.2243820826578058,2.142463405392445,0.6515358020506897,-0.8660447195577567,0.24261767488772804,-0,19.548579228128894,12
