d_t,d_h,thres,nDT,timeHin,bias,LL,BIC,AIC
-1.496968365807332,-0.9914130681374798,2.7620732094608336,0.7679537740675967,0.3526514623777196,-0.9278877779237055,-0,19.548579228128894,12
