d_t,d_h,thres,nDT,timeHin,bias,LL,BIC,AIC
1.5274912812913197,1.980046953842885,1.9329981457751255,0.9994592705093024,0.15888531533821276,-0.49270586038520886,3.430714925160436,27.840475219119753,18.86142985032087
