d_t,d_h,thres,nDT,timeHin,bias,LL,BIC,AIC
-1.073223146609962,-0.1792259360778632,1.9356738671563158,0.9640013689976922,0.1305465493351221,0.33958958750222246,-0,16.635532333438686,12
