d_t,d_h,thres,nDT,timeHin,bias,LL,BIC,AIC
-1.8767600357532501,-0.5072250170633197,2.0496270451694727,0.2947623762137088,-0.24135851004865982,0.7039980055854271,-0,18.26713462634054,12
