d_t,d_h,thres,nDT,timeHin,bias,LL,BIC,AIC
0.04876053851842854,1.7492410417644386,2.1221068968996404,0.9932787534948156,0.9930544593371451,-0.035081434817353235,5.20813528074177,31.395315930282422,22.41627056148354
