d_t,d_h,thres,nDT,timeHin,bias,LL,BIC,AIC
-1.4441484147418744,-0.573418563279931,2.937916854297573,0.19036014742857119,0.7512155249714851,0.6109727234189488,-0,16.635532333438686,12
