d_t,d_h,thres,nDT,timeHin,bias,LL,BIC,AIC
1.4876405935237556,0.4439760847017169,1.1191472578793764,0.6376644630672182,-0.690827321514278,0.2000149239471748,-0,19.993227061051222,12
