d_t,d_h,thres,nDT,timeHin,bias,LL,BIC,AIC
1.1021447340332364,0.9892000785880866,0.6036624356435114,0.6130775634245669,-0.128931040191418,-0.00986570585537394,-0,21.665507475865347,12
