d_t,d_h,thres,nDT,timeHin,bias,LL,BIC,AIC
1.3631220972165465,-1.1250635186480749,2.7838109184252,0.7488118256280376,-0.5841970611363649,-0.32354175684024855,-0,19.775021196025975,12
