d_t,d_h,thres,nDT,timeHin,bias,LL,BIC,AIC
-0.5137605470901835,1.76442245080279,1.3285181332346572,0.32638559328159317,-0.23924624542517345,-0.7835652420520409,-0,15.83434397769155,12
