d_t,d_h,thres,nDT,timeHin,bias,LL,BIC,AIC
0.6035333329490664,-1.5803910852953273,1.9084763199090955,0.16112834084080532,0.15235798830292901,-0.9323634603283621,-0,17.974393641323946,12
