d_t,d_h,thres,nDT,timeHin,bias,LL,BIC,AIC
1.9829360476350104,1.9726466989163145,1.6898526990786196,0.9994810174029275,0.12552154962726086,-0.5228745034916649,3.39170557308615,29.350611840333677,18.7834111461723
