d_t,d_h,thres,nDT,timeHin,bias,LL,BIC,AIC
1.9777455305311138,0.11470137644023183,2.617263945782309,0.9977632118389859,-0.4957261818663201,-0.12591710451514343,4.23291456549295,30.74726153121175,20.465829130985902
