d_t,d_h,thres,nDT,timeHin,bias,LL,BIC,AIC
1.9108455962321875,0.2557813768414935,0.879940753430128,0.9965985004097514,-0.5505549692441352,-0.08858283249400865,4.117919698789911,30.803040091741195,20.235839397579824
