d_t,d_h,thres,nDT,timeHin,bias,LL,BIC,AIC
-0.08643871251488426,1.2750712102593704,1.896933019523801,0.6423479104555316,0.1694093567908565,-0.6360904667526484,-0,16.635532333438686,12
