d_t,d_h,thres,nDT,timeHin,bias,LL,BIC,AIC
1.9991160774693122,1.9748843870415738,1.0596363816642904,0.9995944662944715,0.0016493664829616457,0.10141932357423808,3.3489112392663047,26.69104953958383,18.697822478532608
