d_t,d_h,thres,nDT,timeHin,bias,LL,BIC,AIC
0.2122817408536753,-0.14243218276377523,1.3699688158929346,0.990143043451216,-0.5594438223495183,0.11076081817126451,8.344996331057349,37.484408078913056,28.689992662114697
