d_t,d_h,thres,nDT,timeHin,bias,LL,BIC,AIC
0.6351435365534638,-0.19985297131463992,2.7555719945579766,0.7238787653023747,0.6574775594654343,0.43059702640067155,-0,21.332088368936482,12
