d_t,d_h,thres,nDT,timeHin,bias,LL,BIC,AIC
-0.1900765122845769,-0.8588923920064453,2.458380093911678,0.5130828670618495,0.49950500162402306,-0.48328130913245343,-0,21.158163147696968,12
