d_t,d_h,thres,nDT,timeHin,bias,LL,BIC,AIC
-1.1901490009132174,-1.6460841334019929,2.3535251612466928,0.08140300468225514,0.38505408345725595,0.24412237387150526,-0,20.203774979918844,12
