d_t,d_h,thres,nDT,timeHin,bias,LL,BIC,AIC
0.18524640426039696,-0.7680191345914169,1.1960788074562276,0.7576039436076853,0.8489705214515778,0.7411065180918903,-0,19.993227061051222,12
