d_t,d_h,thres,nDT,timeHin,bias,LL,BIC,AIC
1.2492962858383179,-1.6660031239297417,1.1073479752749935,0.9015263132563616,-0.012737176784232862,-0.21664034038597776,11.828512511841975,45.482541982042264,35.65702502368395
