d_t,d_h,thres,nDT,timeHin,bias,LL,BIC,AIC
1.4038616232086203,-0.6970784956535996,1.8392099285053956,0.3832376010347058,0.1864607334136963,0.9795493417280342,-0,14.387371636790224,12
