d_t,d_h,thres,nDT,timeHin,bias,LL,BIC,AIC
-0.058055035390377235,0.985768111422658,0.9562979782939182,0.6632728496859692,0.7586945414541083,0.12854994541179865,-0,14.387371636790224,12
