d_t,d_h,thres,nDT,timeHin,bias,LL,BIC,AIC
0.22701183333992958,1.183496706755387,1.1307203104733727,0.1362104425695725,0.7717538175726946,-0.22340649631875384,-0,19.775021196025975,12
