d_t,d_h,thres,nDT,timeHin,bias,LL,BIC,AIC
-1.3755828547151752,-0.06955523928474416,2.1962043663883506,0.021184893855852427,0.5555218482810077,-0.35053057439283486,-0,19.548579228128894,12
