d_t,d_h,thres,nDT,timeHin,bias,LL,BIC,AIC
0.10028108785769108,-0.19236096729040897,1.112969215657139,0.3536888493071602,0.27855289118339,-0.8510085014662699,-0,19.548579228128894,12
