d_t,d_h,thres,nDT,timeHin,bias,LL,BIC,AIC
0.2110589686781168,1.3884559570416801,2.579283564316004,0.17297148741268065,-0.377349771736735,-0.020616341738653232,-0,21.50111363073666,12
