d_t,d_h,thres,nDT,timeHin,bias,LL,BIC,AIC
1.3367381171965285,-1.2776283388635492,1.9866992427036165,0.4801104948435973,0.248513488098979,0.37337727846996976,-0,21.50111363073666,12
