d_t,d_h,thres,nDT,timeHin,bias,LL,BIC,AIC
-0.34705703652172437,-0.46112072944975846,2.3583832277220154,0.08220295447207246,0.26755540075686696,0.9236008669249713,-0,19.993227061051222,12
