d_t,d_h,thres,nDT,timeHin,bias,LL,BIC,AIC
1.6265778362403438,-1.7959946044295358,2.257585405865579,0.5104307618715085,0.008256173808548956,0.2714060862347466,-0,15.389696144769221,12
