d_t,d_h,thres,nDT,timeHin,bias,LL,BIC,AIC
1.6465498376637697,1.0661355718059151,2.91786956358701,0.4393156109763743,-0.5471796522285077,-0.256681941380969,-0,13.815510557964275,12
