d_t,d_h,thres,nDT,timeHin,bias,LL,BIC,AIC
-1.9863527845975364,-0.47511632644012397,1.1474173811137032,0.9996710454280202,-0.5404209754156826,0.11737696077082649,4.337317000391081,30.006722369718645,20.674634000782163
