d_t,d_h,thres,nDT,timeHin,bias,LL,BIC,AIC
-1.3953722374257556,1.5439718142151833,1.6263275013676497,0.7675624214019626,0.013040941208600998,-0.3340616663917899,-0,20.979045368798882,12
