d_t,d_h,thres,nDT,timeHin,bias,LL,BIC,AIC
-1.3325752271339297,-0.9006997919681259,1.3918480182225614,0.7836024722369589,0.8643271182491863,0.4816681925061525,-0,20.79441541679836,12
