d_t,d_h,thres,nDT,timeHin,bias,LL,BIC,AIC
-0.9125783035136117,-0.6680400123949924,2.2818048726539497,0.883513281939612,0.6583359615913735,0.54455982065269,-0,13.815510557964275,12
