d_t,d_h,thres,nDT,timeHin,bias,LL,BIC,AIC
-0.12880029773792206,0.8719421973080618,0.8214149686657355,0.9848506515425538,0.18629500635370466,0.015237595205771639,10.710830710842563,42.40070679048401,33.42166142168513
