d_t,d_h,thres,nDT,timeHin,bias,LL,BIC,AIC
1.936480740590612,1.955242678655448,1.0688708937913765,0.9981342006726724,-0.08679650982593935,-0.28792391129784506,3.375331013848429,24.092892575073844,18.75066202769686
