d_t,d_h,thres,nDT,timeHin,bias,LL,BIC,AIC
-0.005125872946379895,1.5480121542716314,2.266247319675979,0.9309305034204295,-0.9785933158504532,0.48075174586847425,-0,19.548579228128894,12
