d_t,d_h,thres,nDT,timeHin,bias,LL,BIC,AIC
0.6783758773330621,-1.454256919082051,0.941458953805119,0.5408562367177743,0.05638426662542906,0.21258169097669127,-0,21.665507475865347,12
