d_t,d_h,thres,nDT,timeHin,bias,LL,BIC,AIC
1.290917723984974,-1.4267820483073592,1.8092057352474331,0.5945828764977489,0.19494487670625338,0.2729472239914197,-0,22.705137803509565,12
