d_t,d_h,thres,nDT,timeHin,bias,LL,BIC,AIC
-0.29597788862884045,-1.3632110755911955,1.6023178838536356,0.6678355374909006,-0.25915838765230775,-0.8959990474395454,-0,19.548579228128894,12
