d_t,d_h,thres,nDT,timeHin,bias,LL,BIC,AIC
-0.16991075424846436,-0.9031513439763277,2.1417186741427954,0.14713949884784527,-0.18097374262288213,0.9338060069757629,-0,22.13327672468362,12
