d_t,d_h,thres,nDT,timeHin,bias,LL,BIC,AIC
-0.2937385119369952,1.8996168332174421,1.8729538655199467,0.5252383461394508,0.3409516305655641,-0.9849415548497662,-0,21.665507475865347,12
