d_t,d_h,thres,nDT,timeHin,bias,LL,BIC,AIC
0.28668619660762323,-1.5556041750634448,1.406054244969604,0.9946813219533838,0.9944102214432871,-0.21417574562287567,11.805719289364532,44.215361805639944,35.611438578729064
