d_t,d_h,thres,nDT,timeHin,bias,LL,BIC,AIC
-1.7032393928828702,-1.029170665202156,2.6790601665848914,0.9972724851399215,-0.9937946458389145,0.30919648543759476,9.89367781741001,40.391278861730896,31.78735563482002
