d_t,d_h,thres,nDT,timeHin,bias,LL,BIC,AIC
0.1319069591789535,1.9029093527054006,2.9960038424023994,0.9979381049549865,0.4176576064315864,-0.004846534341705289,3.948288311596706,29.228664992129893,19.89657662319341
