d_t,d_h,thres,nDT,timeHin,bias,LL,BIC,AIC
-1.9333650205233226,-1.9849369073159373,1.6880730057975617,0.9997911564122097,0.022570315036829852,0.11881182216247002,3.355446375021009,27.6899381188409,18.710892750042017
