d_t,d_h,thres,nDT,timeHin,bias,LL,BIC,AIC
-1.9671507870430849,-1.9908233114428724,2.7438858566070747,0.9997336481639296,-0.03288215584182647,0.24328071529752945,3.356754144273424,27.69255365734573,18.713508288546848
