d_t,d_h,thres,nDT,timeHin,bias,LL,BIC,AIC
-0.5665547487350718,0.9803773626651511,0.8320754765412707,0.9959936030990754,0.3772209462229451,0.38468577096055395,10.839370889047537,42.28266500500595,33.67874177809507
