d_t,d_h,thres,nDT,timeHin,bias,LL,BIC,AIC
0.021012166011273724,0.17612727649759996,1.5101021499610054,0.9951480075240116,0.6487138524540852,0.13960982823233126,7.5511850815075725,36.26053331071211,27.102370163015145
