d_t,d_h,thres,nDT,timeHin,bias,LL,BIC,AIC
-1.9542448511471902,-1.1002726461738348,2.300670953281224,0.4575920851991089,0.6626202603802085,0.36044317485356814,-0,13.815510557964275,12
