d_t,d_h,thres,nDT,timeHin,bias,LL,BIC,AIC
0.6849225674200821,-0.8271232391637983,0.6367790915564964,0.9924611368020984,-0.01979314532832277,0.1784378929622471,14.674817310983446,49.12465581799287,41.34963462196689
