d_t,d_h,thres,nDT,timeHin,bias,LL,BIC,AIC
0.2034958917825033,-0.17845864232339684,1.9507080296451824,0.9641550762938345,-0.37054456916933065,0.27508878984235147,17.439926745001493,55.083628469921834,46.879853490002986
