d_t,d_h,thres,nDT,timeHin,bias,LL,BIC,AIC
-0.4003168172878373,-1.9845535352623296,2.1233371415292757,0.9995231123871067,0.2988391604051696,0.2785979032427145,3.7237480368816707,28.241911490561698,19.44749607376334
