d_t,d_h,thres,nDT,timeHin,bias,LL,BIC,AIC
0.5714932912094337,-1.745585821568966,1.5180234989675543,0.2313462421430106,-0.18180813456138123,-0.44728564329915216,-0,18.546254720149896,12
