d_t,d_h,thres,nDT,timeHin,bias,LL,BIC,AIC
1.9843284857736831,1.9513041152251371,0.9772053189575671,0.9627141562759106,-7.278051795232513e-4,0.9992042950957255,3.340397219135514,28.814071162954647,18.68079443827103
