d_t,d_h,thres,nDT,timeHin,bias,LL,BIC,AIC
0.6237710060308146,0.4861989299367053,2.486820460715335,0.187565797418356,0.35047681851626,-0.8626858452335,-0,18.546254720149896,12
