d_t,d_h,thres,nDT,timeHin,bias,LL,BIC,AIC
-1.9909970910492596,1.9842303742042675,2.4478365503910684,0.3927521208086531,-0.16148993306248552,-0.10174267574611323,7.3314836520932225,35.266890531097324,26.662967304186445
