d_t,d_h,thres,nDT,timeHin,bias,LL,BIC,AIC
1.9758352266345787,1.992343557997468,1.9588849630267928,0.3918987626420073,-0.25789560902697295,-0.06776096221524452,7.174674867585648,34.953272962082174,26.349349735171295
