d_t,d_h,thres,nDT,timeHin,bias,LL,BIC,AIC
1.8035033715487352,1.9267889978221406,0.9770737790545578,0.9998319567758714,0.14115631183660057,-0.481078363489817,3.3969883089191706,29.075409018064185,18.79397661783834
