d_t,d_h,thres,nDT,timeHin,bias,LL,BIC,AIC
1.2025000692030503,0.07267578570409766,1.5543508830211186,0.6673295065221739,0.015665369532175316,-0.6431805142486424,-0,19.775021196025975,12
