d_t,d_h,thres,nDT,timeHin,bias,LL,BIC,AIC
1.2255410054772187,1.605112358276897,1.3779633900099388,0.4379264362590619,-0.16376317292451859,-0.4235429545246958,-0,19.993227061051222,12
