d_t,d_h,thres,nDT,timeHin,bias,LL,BIC,AIC
-0.013088509780294365,1.5096058174939804,0.8894283924426398,0.8386519874304218,0.18724683941478826,-0.8565031349930574,-0,19.548579228128894,12
