d_t,d_h,thres,nDT,timeHin,bias,LL,BIC,AIC
1.1126284003257751,0.42397753799525806,2.8131686911469522,0.3129614218324423,0.7608929970301688,0.18867702735587955,-0,19.993227061051222,12
