d_t,d_h,thres,nDT,timeHin,bias,LL,BIC,AIC
0.5751182738474634,1.8975218356095467,2.752049944549799,0.18258509460404954,0.9883610876277089,0.2759307595311837,-0,19.068322982087675,12
