d_t,d_h,thres,nDT,timeHin,bias,LL,BIC,AIC
0.4156685880867237,-0.4891231324141253,1.2402952272183598,0.4614677791937352,0.05609388659981618,-0.10099903121590614,-0,16.635532333438686,12
