d_t,d_h,thres,nDT,timeHin,bias,LL,BIC,AIC
0.004100145772099495,-0.8232645171322094,2.6205831709426666,0.27891436352138893,0.16350563429296017,-0.8732191263698041,-0,23.227206065447348,12
