d_t,d_h,thres,nDT,timeHin,bias,LL,BIC,AIC
1.948813992055271,1.6382803958945815,1.5618124412155816,0.8136330479040067,0.2237218802123131,0.4606016045184971,-0,16.635532333438686,12
