d_t,d_h,thres,nDT,timeHin,bias,LL,BIC,AIC
-0.9863029441439982,-0.3320261614196742,1.8337982789478242,0.6295088546504046,0.9820752366962204,0.8188571259379387,-0,23.10088561026035,12
