d_t,d_h,thres,nDT,timeHin,bias,LL,BIC,AIC
-1.9250404039133993,0.46397235059201214,0.9560964947128835,0.14595008246623478,0.6172355365618202,-0.14514430101228137,-0,21.825516958358314,12
