d_t,d_h,thres,nDT,timeHin,bias,LL,BIC,AIC
1.3719162756709615,-0.783532895428745,2.8150251679518177,0.7863691084785387,0.43614054551567827,-0.10076204128563404,-0,21.665507475865347,12
