d_t,d_h,thres,nDT,timeHin,bias,LL,BIC,AIC
0.5304474613566724,1.5498280564105082,0.6656535976685666,0.9999321782547586,0.48962497874464067,-0.3538735828652156,8.31479708385294,38.91102656793173,28.62959416770588
