d_t,d_h,thres,nDT,timeHin,bias,LL,BIC,AIC
-1.4701152962369548,-0.2724006565822064,1.4555785512092472,0.3444337768461523,-0.10780910521675946,-0.5943033128174732,-0,19.548579228128894,12
