d_t,d_h,thres,nDT,timeHin,bias,LL,BIC,AIC
0.7452320362944597,0.7912548286990748,2.6711296293289193,0.31843224370968826,-0.6691604854080062,-0.15844658614196194,-0,20.979045368798882,12
