d_t,d_h,thres,nDT,timeHin,bias,LL,BIC,AIC
-1.0648789985071336,0.5002511551010397,0.7989595096654067,0.6932785270013846,0.10408543237448786,0.17663708422333002,-0,18.812965295574898,12
