d_t,d_h,thres,nDT,timeHin,bias,LL,BIC,AIC
1.4976851698552882,0.534179508476647,2.804138430244376,0.9498126398171184,-0.3743752751327437,-0.8710355823585242,8.505569009599412,37.21491299911767,29.011138019198825
