d_t,d_h,thres,nDT,timeHin,bias,LL,BIC,AIC
0.2031189937424447,1.8764949208125472,2.4773796853309533,0.7813104894338175,-0.31699017947539687,0.14638510142222202,-0,19.068322982087675,12
