d_t,d_h,thres,nDT,timeHin,bias,LL,BIC,AIC
-1.9894459679437815,-1.9995815545358027,1.287847924698955,0.7390380503980261,-0.001147908282274802,-0.9993907022829528,3.349290388317874,27.856743924332715,18.698580776635747
