d_t,d_h,thres,nDT,timeHin,bias,LL,BIC,AIC
1.3895858273952917,1.4314844907555222,2.932442358571557,0.7862603399177763,-0.3216208792714834,-0.3717676358074469,7.928014508256009,36.05980399643086,27.856029016512018
