d_t,d_h,thres,nDT,timeHin,bias,LL,BIC,AIC
-1.948427043631851,-1.998294623634738,2.5821478420678203,0.49401090093361344,0.003384347682193617,-0.9998463329856168,3.3486788172632864,27.85552078222354,18.697357634526572
