d_t,d_h,thres,nDT,timeHin,bias,LL,BIC,AIC
-0.5137296406513966,-1.1065808525308967,2.88641836251637,0.6994344347640522,0.8488153952073505,-0.6845497172035826,-0,21.158163147696968,12
