d_t,d_h,thres,nDT,timeHin,bias,LL,BIC,AIC
1.4585718353508648,0.4593340710852153,0.7002997179617196,0.7311991556989961,0.9320260654203594,-0.23923596729689067,-0,22.281432400225846,12
