d_t,d_h,thres,nDT,timeHin,bias,LL,BIC,AIC
0.3672769883943191,-0.4124416140314602,1.2964781128049268,0.8024651401629672,-0.35164887069688344,-0.3773433613343555,-0,21.825516958358314,12
