d_t,d_h,thres,nDT,timeHin,bias,LL,BIC,AIC
-1.6457700016838828,0.5277586178854108,2.6585395131930505,0.13541897938090425,-0.042370993738795826,-0.2873919703449037,-0,20.203774979918844,12
