d_t,d_h,thres,nDT,timeHin,bias,LL,BIC,AIC
-0.3732245485138688,0.2909618399282466,2.1830736687406898,0.16366704563843087,0.209624986192253,0.6724932501092553,-0,21.665507475865347,12
