d_t,d_h,thres,nDT,timeHin,bias,LL,BIC,AIC
-1.505219786427915,0.7557309395349877,1.2633911898359658,0.16970771123090544,0.727688823826611,-0.8585525308037221,-0,20.203774979918844,12
