d_t,d_h,thres,nDT,timeHin,bias,LL,BIC,AIC
-1.5424968829494567,0.849115879908253,2.048682237357715,0.6694884899570706,-0.08593705969929771,-0.5043121030884054,-0,22.42601770970021,12
