d_t,d_h,thres,nDT,timeHin,bias,LL,BIC,AIC
-1.7903595351904193,-0.055291329103111235,2.7510772902268297,0.99709960428555,-0.7227630094842851,-0.13580002129810917,15.475329623590545,53.65579705069065,42.95065924718109
