d_t,d_h,thres,nDT,timeHin,bias,LL,BIC,AIC
-0.8091903375461698,0.5902804857348152,1.0276411167914405,0.6772943308655552,-0.18075488595139488,0.9105969077314647,-0,12.476649250079014,12
