d_t,d_h,thres,nDT,timeHin,bias,LL,BIC,AIC
1.0786082930862904,-1.9121040405321887,2.026366597143783,0.7762173085030409,0.5776252034120262,-0.42498293985037205,-0,13.815510557964275,12
