d_t,d_h,thres,nDT,timeHin,bias,LL,BIC,AIC
1.9950114498249927,1.9607351105911528,2.266746965521994,0.757988131150627,0.0035784192656808083,0.9992486152616715,3.3426550658301166,28.510827090018548,18.685310131660234
