d_t,d_h,thres,nDT,timeHin,bias,LL,BIC,AIC
0.13464493172029113,0.0010045431880696398,2.480686649763817,0.6397232852736798,-0.7341691111214459,0.7838509678840637,-0,22.567200694161375,12
