d_t,d_h,thres,nDT,timeHin,bias,LL,BIC,AIC
1.7489372259005904,1.1356953829526901,0.8060762447382743,0.6413688476849347,0.6137356643481082,-0.652964374050498,-0,22.567200694161375,12
