d_t,d_h,thres,nDT,timeHin,bias,LL,BIC,AIC
1.533748898131184,-1.6155441360460234,1.2250370598046787,0.31835154558527035,-0.48940788008951464,-0.2629187941037746,-0,13.815510557964275,12
