d_t,d_h,thres,nDT,timeHin,bias,LL,BIC,AIC
-1.5902741758795718,-0.7314776938525689,2.000014224462211,0.9880397405964323,-0.421427939572277,-0.870054267346859,-0,19.775021196025975,12
