d_t,d_h,thres,nDT,timeHin,bias,LL,BIC,AIC
-0.6489803062015134,-1.8370964080095291,2.425356822833419,0.5607131805976021,-0.09310218727153985,0.6718502685709118,-0,17.66663387499864,12
