d_t,d_h,thres,nDT,timeHin,bias,LL,BIC,AIC
-1.2336130359965845,1.6257373429834843,0.7269600206924147,0.12964312403753045,-0.7016452262274087,0.9715272838051866,-0,20.79441541679836,12
