d_t,d_h,thres,nDT,timeHin,bias,LL,BIC,AIC
-1.678575916356094,1.7075171930410167,1.5059506099296591,0.5660327640525066,0.690317910167527,-0.6578123564694087,-0,19.993227061051222,12
