d_t,d_h,thres,nDT,timeHin,bias,LL,BIC,AIC
0.16558831012405184,0.14821148279997942,1.4120148236075396,0.026627265810966493,-0.8325568290153749,0.8887578814565227,-0,20.203774979918844,12
