d_t,d_h,thres,nDT,timeHin,bias,LL,BIC,AIC
-0.7618972127084606,-1.9554241997615551,0.8331225910538852,0.3895291592377479,0.24725855122660523,0.9158992283856734,8.068192919488167,36.54357012894927,28.136385838976334
