d_t,d_h,thres,nDT,timeHin,bias,LL,BIC,AIC
-1.8161097346442288,-1.9128376878525402,1.7638128083487477,0.8115046635487637,0.05884306595445899,0.9985868409753544,7.843353478092463,36.09389124615786,27.686706956184928
