d_t,d_h,thres,nDT,timeHin,bias,LL,BIC,AIC
-1.083014133638351,1.3766596699623577,1.4298654377270972,0.7122143540500411,0.21570314301017635,0.4891771863122051,-0,16.24830120661326,12
