d_t,d_h,thres,nDT,timeHin,bias,LL,BIC,AIC
-1.5951107413242651,-1.628296320149254,2.959586712768921,0.33022614620054425,-0.42188521729959905,0.5040641396043679,-0,17.974393641323946,12
