d_t,d_h,thres,nDT,timeHin,bias,LL,BIC,AIC
0.997321505099535,0.06547803218570336,0.7232522243633865,0.2854707433725707,0.6143548391476948,0.020905886902897908,-0,16.24830120661326,12
