d_t,d_h,thres,nDT,timeHin,bias,LL,BIC,AIC
-1.8892406968647846,1.9967518788257477,0.8052908683175949,0.9888226137106743,-0.1459712444241714,0.9925819591266212,299.17774810137917,624.4183287338805,610.3554962027583
