d_t,d_h,thres,nDT,timeHin,bias,LL,BIC,AIC
1.675984394077853,1.9964863483865065,2.2539304064533203,0.9875999573764647,-0.1864967232551385,0.9933791580364126,297.207494909217,620.3199184996519,606.414989818434
