d_t,d_h,thres,nDT,timeHin,bias,LL,BIC,AIC
-1.9724570562290202,1.9938177033593072,2.961234195716679,0.9951678897892036,-0.028312944414863647,0.9508118412617648,279.7209794008845,585.5822117619066,571.441958801769
