d_t,d_h,thres,nDT,timeHin,bias,LL,BIC,AIC
-1.9314892035341156,1.996378289301328,2.288685814165711,0.9838311427356147,-0.16414831014451073,0.24337046753347272,293.4855111058986,613.6971059893182,598.9710222117972
