d_t,d_h,thres,nDT,timeHin,bias,LL,BIC,AIC
-1.9921025084126067,1.9988456218840487,2.1430790092960743,0.9751873407231054,-0.16170498237029468,0.36701710290369105,243.6691635521282,512.7429661318399,499.3383271042564
