d_t,d_h,thres,nDT,timeHin,bias,LL,BIC,AIC
-1.903990736551722,1.9916470991514392,2.4934846419923646,0.9944676578984035,-0.036466967734986575,0.9918491636323105,114.36468379373581,249.88753073516858,240.72936758747161
