d_t,d_h,thres,nDT,timeHin,bias,LL,BIC,AIC
-1.8745996255479276,1.9795828516438845,1.6574235185434805,0.9947438658814387,-0.06907213331783862,0.9986682555270755,182.88757453444046,389.7090533482666,377.7751490688809
