d_t,d_h,thres,nDT,timeHin,bias,LL,BIC,AIC
-1.9504904041155835,1.9976514201658246,1.6763345015843325,0.9940643979999468,-0.04678002420995393,0.9994543565350518,61.13090189544272,139.6040343382624,134.26180379088544
