d_t,d_h,thres,nDT,timeHin,bias,LL,BIC,AIC
-1.9237443776884615,1.9980917371653784,2.316917335404889,0.9967676631938442,-0.04389148751892415,0.9666697949764491,283.22825617619014,592.6731994671824,578.4565123523803
