d_t,d_h,thres,nDT,timeHin,bias,LL,BIC,AIC
-1.949102683386511,1.9892026166365984,1.1419214710308758,0.9661226609641398,-0.14213320879995384,0.2936217797853216,234.51147198287896,494.2510996821037,481.0229439657579
