d_t,d_h,thres,nDT,timeHin,bias,LL,BIC,AIC
-1.8931928288003792,1.981702296368475,1.5738751215761064,0.9933213733077675,-0.15329223947469145,0.9563267057517446,205.85025384708604,436.1657323576064,423.7005076941721
