d_t,d_h,thres,nDT,timeHin,bias,LL,BIC,AIC
-1.9691315624460148,1.9936182039469517,2.596242613641329,0.9834346300153396,-0.06479356013100976,0.9242927683833667,308.89204771315116,644.0762552343456,629.7840954263023
