d_t,d_h,thres,nDT,timeHin,bias,LL,BIC,AIC
1.755246585856021,1.9956666344481586,1.0770785734239559,0.9760070076399212,-0.17625735505241136,-0.07376415569249414,199.19239329018183,422.74744464364215,410.38478658036365
