d_t,d_h,thres,nDT,timeHin,bias,LL,BIC,AIC
-1.8921357980365636,1.9886124294646212,2.1902727516494003,0.9747814871970352,-0.1946798022849032,0.745499422040828,196.4663863511706,415.77274764096313,404.9327727023412
