d_t,d_h,thres,nDT,timeHin,bias,LL,BIC,AIC
-1.9586471408516104,1.997744078580101,1.0523550848352519,0.9839535260528551,-0.1279315514826504,0.6820673888769633,267.01621479367526,560.0168296290685,546.0324295873505
