d_t,d_h,thres,nDT,timeHin,bias,LL,BIC,AIC
-1.834733932546118,1.999810193354355,2.2922696075799154,0.9843519767106056,-0.10202400356668753,0.8789067638672838,293.8995165988791,614.4549407367,599.7990331977581
