d_t,d_h,thres,nDT,timeHin,bias,LL,BIC,AIC
-1.9922949097980593,1.9925053177194392,0.8183128600248315,0.9733357848585344,-0.15755569616351173,0.6861535289171479,286.12607468468417,598.2365494110863,584.2521493693683
