d_t,d_h,thres,nDT,timeHin,bias,LL,BIC,AIC
-1.9856867867,1.9988748724400127,1.0467555817589165,0.9944917688568871,-0.0962089531839369,0.8691907536103406,271.9247974249056,570.0662819646133,555.8495948498112
