d_t,d_h,thres,nDT,timeHin,bias,LL,BIC,AIC
-1.9695735210552812,1.9877028421517104,1.4812813317394744,0.9812995193689947,-0.1388354554567345,0.3839148572077174,280.87046496897096,588.0330897459852,573.7409299379419
