d_t,d_h,thres,nDT,timeHin,bias,LL,BIC,AIC
1.9921333243032568,1.9958204931850994,2.0653593703157114,0.97531731469117,-0.06033272949513565,-0.6599364881399559,300.7029797193746,628.2699803256185,613.4059594387492
