d_t,d_h,thres,nDT,timeHin,bias,LL,BIC,AIC
-0.20475928113650274,1.9937417499540802,1.6025879682455686,0.9858047962288582,0.0067096368719129305,0.9035480748545606,285.9294790493936,598.4438588918471,583.8589580987872
