d_t,d_h,thres,nDT,timeHin,bias,LL,BIC,AIC
-1.998586509988097,1.9919526351633332,1.805128863081336,0.9845861484943146,-0.07313346232327342,0.9287144882145282,304.59110491736135,635.6225253183082,621.1822098347227
