d_t,d_h,thres,nDT,timeHin,bias,LL,BIC,AIC
-0.38819715699433843,1.9892948381124413,1.135337704304028,0.9944910857428367,-9.91222848139206e-4,0.9955087563865028,285.29856506885733,596.257126851811,582.5971301377147
