d_t,d_h,thres,nDT,timeHin,bias,LL,BIC,AIC
-1.9735358959209315,1.998000824618388,1.8640097707649204,0.9726757801589477,-0.1000313331263823,0.4737956488515279,229.9777615810564,485.0934516142714,471.9555231621128
