d_t,d_h,thres,nDT,timeHin,bias,LL,BIC,AIC
1.990877376438163,1.9990442377280986,1.0069950245148822,0.9834325322008903,-0.13224874827144786,0.841931880940189,281.3499947422632,589.213033131306,574.6999894845264
