d_t,d_h,thres,nDT,timeHin,bias,LL,BIC,AIC
1.866846124750129,1.9916104264960557,2.1737234955704463,0.9522507577443624,-0.0960566583801328,0.20259225218503255,240.25279491235102,505.07165719803464,492.50558982470204
