d_t,d_h,thres,nDT,timeHin,bias,LL,BIC,AIC
-1.7328218652973189,1.999471032354706,1.32178635348725,0.9841966738889186,-0.18040267729912227,0.906654670858803,287.1076830188797,600.582060965794,586.2153660377594
