d_t,d_h,thres,nDT,timeHin,bias,LL,BIC,AIC
-0.276647296584935,1.9993520734449821,2.5672780931885426,0.9862969636015868,-0.04172514667420515,0.9275233265828848,194.7523105530399,411.93063881578,401.5046211060798
