d_t,d_h,thres,nDT,timeHin,bias,LL,BIC,AIC
1.9924760690156995,1.9963747906110192,2.2902038609003244,0.9885733208585266,-0.13190971823456346,0.63154895560584845,258.34155361554014,542.5880359122981,528.6831072310803
