d_t,d_h,thres,nDT,timeHin,bias,LL,BIC,AIC
1.9073088607348014,1.9919210337746867,0.9382549762792634,0.9834226465774017,-0.158976956794866,0.5028122327584651,298.66592692588466,624.0579376292903,609.3318538517693
