d_t,d_h,thres,nDT,timeHin,bias,LL,BIC,AIC
-1.9679870394655883,1.9966698766740636,0.8112961664049845,0.9733998402071183,-0.10389691297560197,-0.12653955134136782,291.81151340651286,610.2789343519676,595.6230268130257
