d_t,d_h,thres,nDT,timeHin,bias,LL,BIC,AIC
1.9893844784980625,1.9956982592854935,1.5951734789828385,0.9451774411149859,-0.13126913168741716,0.14502888513388118,231.4202126559347,487.3056499753037,474.8404253118694
