d_t,d_h,thres,nDT,timeHin,bias,LL,BIC,AIC
-1.9294399295847198,1.9995630713973132,1.0752550611473846,0.9942198956099226,-0.0716103888031021,0.98182549721980406,235.46645477933137,496.33754858624627,482.93290955866274
