d_t,d_h,thres,nDT,timeHin,bias,LL,BIC,AIC
-1.9622573673392485,1.998063488622129,2.1026330957874495,0.9819881559885876,-0.04474129250050263,0.7277138025392549,223.29142515456093,471.6291739284957,458.58285030912185
