d_t,d_h,thres,nDT,timeHin,bias,LL,BIC,AIC
0.25842382692291344,1.9948464543586657,1.8480421016409627,0.9837428192590086,-0.05986931593101576,0.7468038723734216,297.89720603570356,622.5204958489281,607.7944120714071
