d_t,d_h,thres,nDT,timeHin,bias,LL,BIC,AIC
1.9538239440960796,1.999303451086755,1.4265434466635147,0.9768516479972363,-0.1539966961899844,-0.11562806134329287,292.12631448134414,610.9085365016301,596.2526289626883
