d_t,d_h,thres,nDT,timeHin,bias,LL,BIC,AIC
-1.9872554347477662,1.9956856023428342,1.9386844280238122,0.9755155400715804,-0.12576845935303504,-0.3960258270875091,280.7851914009548,588.0106982854951,573.5703828019095
