d_t,d_h,thres,nDT,timeHin,bias,LL,BIC,AIC
1.8328237814837216,1.9683935018631893,2.1147331774889513,0.9946049877925949,-0.07986455069148445,0.9993129440064653,262.5884094768456,551.081747634909,537.1768189536912
