d_t,d_h,thres,nDT,timeHin,bias,LL,BIC,AIC
1.9779792612734726,1.9986697975178354,2.510317123178927,0.9943738825951407,-0.04413149331661861,0.7627783847984283,232.41134506530648,490.1397363616696,476.82269013061295
