d_t,d_h,thres,nDT,timeHin,bias,LL,BIC,AIC
-0.623553323631788,1.9982643924443018,2.956664012375531,0.9856108075846989,-0.11722344198684488,0.9463157193561664,302.6118557617204,632.0191602353683,617.2237115234408
