d_t,d_h,thres,nDT,timeHin,bias,LL,BIC,AIC
1.6230093527862282,1.9976504586645336,0.950445066747386,0.9931241941066545,-0.06985445053225353,0.9982909256930872,296.8955167317018,613.7842605244548,605.7910334634036
