d_t,d_h,thres,nDT,timeHin,bias,LL,BIC,AIC
-1.9739988316328272,1.9995226700204913,1.186552776354965,0.9851312912169732,-0.04740237649793063,0.9795555363868597,271.92532426794475,569.8350485776075,555.8506485358895
