d_t,d_h,thres,nDT,timeHin,bias,LL,BIC,AIC
1.9341186817576126,1.9728643387487341,1.402185568217856,0.9944837299322287,-0.07652012237960094,0.9999204120359221,255.61739500926942,536.8108692807867,523.2347900185389
