d_t,d_h,thres,nDT,timeHin,bias,LL,BIC,AIC
-1.9623853029427973,1.9998483882885358,1.830371407843892,0.9964772740853474,-0.05398963467827734,0.9988574054798648,277.64182556202604,581.5003382388542,567.2836511240521
