d_t,d_h,thres,nDT,timeHin,bias,LL,BIC,AIC
1.9232459655904137,1.9998366117321882,2.4402670012791097,0.9753955037440356,-0.17407038420785217,-0.340520714218947,266.21526827526515,558.3354652317481,544.4305365505303
