d_t,d_h,thres,nDT,timeHin,bias,LL,BIC,AIC
-1.4131687960891846,1.999871249887811,1.3642585688598836,0.984244856255641,-0.1779071616275713,0.9489674615026101,293.5023123096253,613.1448775793882,599.0046246192506
