d_t,d_h,thres,nDT,timeHin,bias,LL,BIC,AIC
-1.793470031372292,1.9941258517966312,1.6236288199094786,0.9839389916854301,-0.16820007944207843,0.7928300679271589,284.76485684420646,595.8964086164476,581.5297136884129
