d_t,d_h,thres,nDT,timeHin,bias,LL,BIC,AIC
1.962399968001253,1.995835714367376,2.3599715761371676,0.9794241885286211,-0.10170951957913539,-0.33099437451125713,296.74804324773817,620.2221702729973,605.4960864954763
