d_t,d_h,thres,nDT,timeHin,bias,LL,BIC,AIC
1.9854621209642485,1.9999861642174972,0.8946283338325146,0.9839514076091218,-0.10929532697674016,0.8192511201806966,307.35713836688853,641.5782976206463,626.7142767337771
