d_t,d_h,thres,nDT,timeHin,bias,LL,BIC,AIC
-1.985960014277834,1.9959274163845868,1.6367369659731839,0.9945368724805346,-0.04366342141801662,0.9035794154830283,191.88724917445165,408.0328059559106,395.7744983489033
