d_t,d_h,thres,nDT,timeHin,bias,LL,BIC,AIC
-1.99043094797991,1.9969199369728796,2.0538110918587904,0.9866004015994765,-0.11108896624040555,0.8323385962975418,294.6267421678982,615.9795681133174,601.2534843357964
