d_t,d_h,thres,nDT,timeHin,bias,LL,BIC,AIC
-1.9623643154913115,1.9933617862948614,2.4986899768933655,0.9964120825854073,-0.0429915693234514,0.9999537729710783,237.84381846720308,501.26371619665406,487.68763693440616
