d_t,d_h,thres,nDT,timeHin,bias,LL,BIC,AIC
-1.9726608449022147,1.9989581088738715,1.2282097980859559,0.9941885961905453,-0.13168459716292993,0.9069994275414115,240.58562725750562,505.9340608252818,493.17125451501124
