d_t,d_h,thres,nDT,timeHin,bias,LL,BIC,AIC
1.7199772430371891,1.980524209050077,1.2785433986020198,0.9947800517249703,-0.07985841509289977,0.9998229952212596,270.1908522688289,564.0891668491464,552.3817045376578
