d_t,d_h,thres,nDT,timeHin,bias,LL,BIC,AIC
-1.8907446361390365,1.995191753057287,1.0868166615861048,0.9512643397927872,-0.19379233806241206,0.7366747394337759,312.9243618407331,648.9496092917266,637.8487236814663
