d_t,d_h,thres,nDT,timeHin,bias,LL,BIC,AIC
1.972165360110095,1.9896453803047025,2.257008574325387,0.9612745534575425,-0.16416303166548193,-0.019393678451484292,217.39131379354407,459.5454338973587,446.78262758708814
