d_t,d_h,thres,nDT,timeHin,bias,LL,BIC,AIC
-1.88237578888508,1.9990732489288305,1.1227641155004173,0.993967105862147,-0.0577139922472353,0.8954649169098918,282.8309524818393,592.1749486104582,577.6619049636786
