d_t,d_h,thres,nDT,timeHin,bias,LL,BIC,AIC
1.9808089899597026,1.9995237750218862,2.0749355181696005,0.9711427504131674,-0.18851975140849864,-0.5090457551338916,198.75166536923874,421.76163834548476,409.5033307384775
