d_t,d_h,thres,nDT,timeHin,bias,LL,BIC,AIC
1.8751337525707366,1.9975426026877732,1.6651434645759542,0.9861575486203731,-0.045160023495554924,-0.7782606233037672,157.6680056794847,338.4368969692298,327.3360113589694
