d_t,d_h,thres,nDT,timeHin,bias,LL,BIC,AIC
0.4349867967993328,1.9975014720782256,2.9302184879779816,0.9944095329018164,-0.14870846900509624,0.5927742321310285,202.13890490552885,428.743034474492,416.2778098110577
