d_t,d_h,thres,nDT,timeHin,bias,LL,BIC,AIC
-1.9897061396484343,1.9994182141194665,1.4894384083876893,0.9845332314182543,-0.1317445513688917,0.7953194912021058,290.5400282216461,607.735963982234,593.0800564432922
