d_t,d_h,thres,nDT,timeHin,bias,LL,BIC,AIC
-1.7862496580928564,1.9993283654458873,2.800836372328611,0.9861896564897737,-0.7845809058726636,-0.04280104545166271,178.260837508368,380.34342649804876,368.521675016736
