d_t,d_h,thres,nDT,timeHin,bias,LL,BIC,AIC
1.9448620662880127,1.9997232528918816,1.926984121263938,0.9847962821451335,-0.18928468782248667,0.7881610272436008,292.60737049525784,611.8706485294575,597.2147409905157
