d_t,d_h,thres,nDT,timeHin,bias,LL,BIC,AIC
1.983620294614952,1.9960204280044151,2.0198771981898567,0.9784738928268876,-0.06563263408597735,-0.41985465420469326,276.90916024520146,580.1850154184376,565.8183204904029
