d_t,d_h,thres,nDT,timeHin,bias,LL,BIC,AIC
1.6950985090646213,1.963393126009179,0.6837841004133227,0.99469821651886,-0.08076008565353995,0.999376090102216,300.7666905033886,625.577380118172,613.5333810067772
