d_t,d_h,thres,nDT,timeHin,bias,LL,BIC,AIC
-1.013584158735168,1.992814425862941,2.536604284353186,0.9934509940886462,-0.056507813193247665,0.9014909760923661,249.48564532118073,524.4622620946576,510.97129064236145
