d_t,d_h,thres,nDT,timeHin,bias,LL,BIC,AIC
1.8427367496120604,1.9981833171995418,1.526164085275801,0.9835523489521932,-0.2157105884141506,0.9698014624590098,298.0949849962942,622.4821298006317,608.1899699925884
