d_t,d_h,thres,nDT,timeHin,bias,LL,BIC,AIC
-1.9995514333062228,1.9963855331247775,1.5353247310829774,0.9849314416996424,-0.07389350960870955,0.769981504823975,160.29828452237496,343.69745465501023,332.5965690447499
