d_t,d_h,thres,nDT,timeHin,bias,LL,BIC,AIC
1.7787860714844288,1.9994176755850812,2.0746466216454893,0.9822197882641127,-0.1299175385005577,0.8703775236219377,304.755542713919,635.8032452358813,621.511085427838
