d_t,d_h,thres,nDT,timeHin,bias,LL,BIC,AIC
1.3658832063506645,1.9926892537981427,1.5347851727982795,0.9881146437110598,-0.09404170611104543,0.6772798472021093,290.1709687470851,606.9978450331121,592.3419374941702
