d_t,d_h,thres,nDT,timeHin,bias,LL,BIC,AIC
-1.9599092602148023,1.990201223411468,1.3689427438785595,0.9817974578131878,-0.06285910881719338,0.8222018155050922,75.34937940728179,169.24501353471348,162.69875881456358
