d_t,d_h,thres,nDT,timeHin,bias,LL,BIC,AIC
-1.9381359726326757,1.9901166606181866,1.2199919505044818,0.9702120332763151,-0.1550731919273116,0.12197255322289738,306.98714051241666,640.7697297367608,625.9742810248333
