d_t,d_h,thres,nDT,timeHin,bias,LL,BIC,AIC
1.9904840541897577,1.9981599800364567,0.6249178509529008,0.9759857798993189,-0.11147670249268021,0.2438294827364969,284.5605061110566,595.5613277056988,581.1210122221132
