d_t,d_h,thres,nDT,timeHin,bias,LL,BIC,AIC
1.9764049437641198,1.9975923701166511,2.26006733905524,0.976349381314017,-0.10259767686589094,0.4544541769478071,277.54634478067845,581.5330050449425,567.0926895613569
