d_t,d_h,thres,nDT,timeHin,bias,LL,BIC,AIC
-1.736067382618785,1.995167330810525,1.8267119248350472,0.994660247440383,-0.13426668592584962,0.9992941796566366,273.00235038123753,572.2213878772772,558.0047007624751
