d_t,d_h,thres,nDT,timeHin,bias,LL,BIC,AIC
1.9972959917190596,1.9932496028580133,0.8360168019707144,0.9763609664265989,-0.12244441020271636,-0.2419283846630941,286.34489526795755,599.0564854639497,584.6897905359151
