d_t,d_h,thres,nDT,timeHin,bias,LL,BIC,AIC
-1.9246366615300687,1.9846785040282362,1.5420718923211099,0.984021085615154,-0.05949766438977287,0.8689540287483437,82.05795080744358,183.18422459697481,176.11590161488715
