d_t,d_h,thres,nDT,timeHin,bias,LL,BIC,AIC
1.7639639317994964,1.9943676217954347,2.9088422896868287,0.9993646968323396,-0.06029795892954661,0.9999712996371385,224.83870605546903,474.24347948427067,461.67741211093806
