d_t,d_h,thres,nDT,timeHin,bias,LL,BIC,AIC
-1.7519472498954856,1.99830547328906,1.579831266015339,0.9943003474419501,-0.05569636046817845,0.9971075639442485,245.94270435649267,517.4614879752332,503.88540871298534
