d_t,d_h,thres,nDT,timeHin,bias,LL,BIC,AIC
1.9550371622167595,1.9999638976259217,2.5196087935323908,0.9768450368279896,-0.1262107348210942,-0.6809601854371035,279.2255701106832,584.8914557049519,570.4511402213664
