d_t,d_h,thres,nDT,timeHin,bias,LL,BIC,AIC
1.9729723326552293,1.994599069624995,1.62694521585254,0.9797416089013495,-0.03924885719669381,-0.8960071444574705,194.36058913280436,412.979485872616,400.7211782656087
