d_t,d_h,thres,nDT,timeHin,bias,LL,BIC,AIC
1.840979282790392,1.9972616580200013,1.5994500101101887,0.9875193229377068,-0.11299717865576878,0.9992767648190487,263.0763737924076,552.057676266033,538.1527475848152
