d_t,d_h,thres,nDT,timeHin,bias,LL,BIC,AIC
0.6658558212234973,1.9970421551360154,2.4783298059506365,0.9954584135286455,-0.3240948177704644,0.9706028457260958,288.02575117219686,597.877019302752,588.0515023443937
