d_t,d_h,thres,nDT,timeHin,bias,LL,BIC,AIC
-1.3057054288173697,1.9966939441541949,2.168227531140713,0.9911920377014416,-0.04210622126959747,0.7718043961690687,283.2711166286689,593.1271340503977,578.5422332573378
