d_t,d_h,thres,nDT,timeHin,bias,LL,BIC,AIC
-1.0963133704182988,1.993895267470031,2.8111867119737868,0.9969964745004355,-0.048546612441721,0.9389014793617918,275.7307671148686,577.9018497133228,563.4615342297373
