d_t,d_h,thres,nDT,timeHin,bias,LL,BIC,AIC
0.28847311669766623,1.9921568015379234,2.1139537900686265,0.9838357247153431,-0.009397343925459194,0.5466491939947173,80.95989364112816,180.7327525778312,173.91978728225632
