d_t,d_h,thres,nDT,timeHin,bias,LL,BIC,AIC
-1.7292398586836801,1.9976673852921665,0.7649939183145764,0.9843317806038867,-0.16191464141354808,0.858811120024655,288.3927604332099,603.2985645131994,588.7855208664198
