d_t,d_h,thres,nDT,timeHin,bias,LL,BIC,AIC
1.6657346195798546,1.9968587056290819,1.2584570167641234,0.9943233544351973,-0.12929714399207554,0.9999919233551577,263.36137231531313,552.1273836582099,538.7227446306263
