d_t,d_h,thres,nDT,timeHin,bias,LL,BIC,AIC
-1.4374666239585665,1.9976798355580028,1.5665712233716866,0.9944170047539298,-0.04832648862768478,0.7062673658836773,295.38207711348406,617.6281751138374,602.7641542269681
