d_t,d_h,thres,nDT,timeHin,bias,LL,BIC,AIC
1.862842772244658,1.9866443953049144,1.5158120258415082,0.9938005255923972,-0.15579549996535275,0.9187915724069128,286.6516709634805,599.6700368549957,585.303341926961
