d_t,d_h,thres,nDT,timeHin,bias,LL,BIC,AIC
-1.9407444717136486,1.9964004537297244,1.2832792259618042,0.9746293753463156,-0.11592933132525637,0.7324850009648295,282.39196036331055,590.9241736867586,576.7839207266211
