d_t,d_h,thres,nDT,timeHin,bias,LL,BIC,AIC
1.776818454051239,1.9971318190053378,2.2070226002930946,0.968713116193154,-0.08921220892493774,-0.5458628570045262,161.51973532003626,346.14035625033284,335.0394706400725
