d_t,d_h,thres,nDT,timeHin,bias,LL,BIC,AIC
0.9078794658145763,1.9978579246387465,2.666636431775987,0.9732492852339139,-0.05523021736928632,-0.13283449593764263,81.78032930538365,182.37362390634217,175.5606586107673
