d_t,d_h,thres,nDT,timeHin,bias,LL,BIC,AIC
1.855298801251451,1.998044954636207,1.685282212894337,0.9922468595237606,-0.12582666106575174,0.9973822660399336,277.99481050883804,581.7323776645665,567.9896210176761
