d_t,d_h,thres,nDT,timeHin,bias,LL,BIC,AIC
-1.8781143542950218,1.999308732363961,1.843852612974477,0.9837305966233214,-0.10025962736596657,0.05560332406842747,279.8134462681859,586.1399361831513,571.6268925363718
