d_t,d_h,thres,nDT,timeHin,bias,LL,BIC,AIC
1.988864330092486,1.9893217244011052,1.9793113891931657,0.9874722524181335,-0.12932395377966763,0.8139269127466869,290.01366472562955,606.3194892593024,592.0273294512591
