d_t,d_h,thres,nDT,timeHin,bias,LL,BIC,AIC
0.794306785602848,1.99604050416381,1.9035270446911454,0.9937792018459255,-0.07853474026193463,0.9389376542286549,306.9585041299979,640.0572612201333,625.9170082599958
