d_t,d_h,thres,nDT,timeHin,bias,LL,BIC,AIC
-0.25994903357183635,1.9978942762378944,2.096853112243116,0.984268992329561,-0.08579310187825687,0.850131907435863,293.4109651612457,612.7268590037093,598.8219303224914
