d_t,d_h,thres,nDT,timeHin,bias,LL,BIC,AIC
-1.9833329722382074,1.9980849183981115,1.6617967078462244,0.9764364880584863,-0.15444688222497646,0.468331368352893,97.07427587624821,213.6971309806253,206.14855175249642
