d_t,d_h,thres,nDT,timeHin,bias,LL,BIC,AIC
1.9838312802278977,1.9994285726171288,1.4934936270117758,0.9840010627939804,-0.164177927762881,0.8770647330913793,245.6946056937591,515.541321531929,503.3892113875182
