d_t,d_h,thres,nDT,timeHin,bias,LL,BIC,AIC
0.5960876621979962,1.9929770437234196,0.7958886366337539,0.9944201594984137,-0.03113410617132984,0.9989822724052495,290.6330927429445,607.4064384460265,593.266185485889
