d_t,d_h,thres,nDT,timeHin,bias,LL,BIC,AIC
-1.874830811376493,1.9990017334931423,1.056204418838024,0.979102933643818,-0.1489266640987029,-0.7480829797191118,284.2836602243584,595.0076359323024,580.5673204487168
