d_t,d_h,thres,nDT,timeHin,bias,LL,BIC,AIC
-0.3799907667635968,1.9986720714447637,0.7170412207022312,0.9940144012559275,-0.14385564485564828,0.9507987757147296,91.0622652010265,201.43778535126222,194.124530402053
