d_t,d_h,thres,nDT,timeHin,bias,LL,BIC,AIC
1.9837783669055171,1.981684001774499,2.435539772074436,0.9920415764032074,-0.061475160975358906,0.9019226569733236,250.55174418846482,524.9252398582423,513.1034883769296
