d_t,d_h,thres,nDT,timeHin,bias,LL,BIC,AIC
-1.977129594790552,1.9951949639478472,2.6708988425243487,0.976474888765313,-0.14971932944705346,-0.21089310657436774,295.89336341560863,618.2997704779968,603.7867268312173
