d_t,d_h,thres,nDT,timeHin,bias,LL,BIC,AIC
-1.9681150549802007,1.9992357096378632,1.744184853695333,0.994261765804048,-0.050165609238426744,0.9432785619642595,270.5623088321945,566.6155891166852,553.124617664389
