d_t,d_h,thres,nDT,timeHin,bias,LL,BIC,AIC
-1.8358071768951594,1.9906946130619596,1.4734932249331072,0.9943901629083244,-0.07658408394822547,0.9904721429668699,283.95287711768896,593.6485108822683,579.9057542353779
