d_t,d_h,thres,nDT,timeHin,bias,LL,BIC,AIC
1.9137662082692308,1.9968983879420403,2.9648173062600764,0.9844771088443699,-0.17854874465576703,0.6378046270825584,282.2646436296274,590.8959821872895,576.5292872592548
