d_t,d_h,thres,nDT,timeHin,bias,LL,BIC,AIC
-1.972633296068082,1.998858435825571,2.05843608962286,0.9939162868034387,-0.12839750411377895,0.9773609109292315,269.98944353268104,565.3835260929457,551.9788870653621
