d_t,d_h,thres,nDT,timeHin,bias,LL,BIC,AIC
-1.8552401287650695,1.997047415630229,1.6037379066164896,0.9944060384665241,-0.0894900119556657,0.999881438724364,276.27666068233515,578.920016292705,564.5533213646703
