d_t,d_h,thres,nDT,timeHin,bias,LL,BIC,AIC
-1.9159252701774618,1.9964469374154543,2.0677015048451937,0.9727238031986682,-0.16435590121563032,0.015349194438488353,309.7906097200536,646.5130376585001,631.5812194401072
