d_t,d_h,thres,nDT,timeHin,bias,LL,BIC,AIC
1.8900468891794087,1.9985156351499047,2.7849257841360537,0.9749364903403689,-0.18949749169015864,0.9490768776195733,275.4539535839546,576.136062884255,562.9079071679092
