d_t,d_h,thres,nDT,timeHin,bias,LL,BIC,AIC
-1.9722153841800638,1.9963321950519164,1.4341481681372321,0.976997942209557,-0.08421563785588633,0.8522241959213108,258.77339522343283,543.3711810060906,529.5467904468657
