d_t,d_h,thres,nDT,timeHin,bias,LL,BIC,AIC
-1.9749150365859172,1.9810861133765645,1.7212029988643274,0.9957205027004519,-0.08212811237463483,0.9995735588382675,269.08709703743693,564.3144470350114,550.1741940748739
