d_t,d_h,thres,nDT,timeHin,bias,LL,BIC,AIC
-1.9908179900464822,1.9969895663746604,0.7513993704691528,0.9734156277536046,-0.16120164058853592,0.45975813909796004,304.31838611266187,635.4322209372513,620.6367722253237
