d_t,d_h,thres,nDT,timeHin,bias,LL,BIC,AIC
1.9537502473793213,1.9939978476499152,2.040157032747515,0.9651725916495332,-0.12023577470478536,-0.06056299462348021,266.49969153798617,558.9043117571902,544.9993830759723
