d_t,d_h,thres,nDT,timeHin,bias,LL,BIC,AIC
-1.9934782215089402,1.997859521484801,1.3834376581767343,0.9710423782366581,-0.13863776731425112,0.4055161561353639,294.93289721034813,616.5217019596381,601.8657944206963
