d_t,d_h,thres,nDT,timeHin,bias,LL,BIC,AIC
-1.095729076830396,1.9999231839766503,0.7798508786749094,0.9936679910219365,-0.0035776579796923088,0.9970436157808688,100.9160860458945,222.23935638176192,213.832172091789
