d_t,d_h,thres,nDT,timeHin,bias,LL,BIC,AIC
-1.9139527115502486,1.9970678621624425,1.3658026770021958,0.9845448889729294,-0.15987151991977183,0.37382019551607787,277.9726799449737,582.2375196979907,567.9453598899474
