d_t,d_h,thres,nDT,timeHin,bias,LL,BIC,AIC
-1.9984910706915975,1.9578640749096916,1.2894185222430128,0.9720270415544962,-0.12077788829599717,-0.024596567650002704,275.4526214100325,576.9680753511872,562.905242820065
