d_t,d_h,thres,nDT,timeHin,bias,LL,BIC,AIC
-0.16972801823250377,1.9901856360493757,1.1978776288682764,0.9505745492523037,0.035808976799760965,0.25896772300011534,261.35211121987567,548.6886224814693,534.7042224397513
