d_t,d_h,thres,nDT,timeHin,bias,LL,BIC,AIC
1.8483428376496216,1.998490803484512,2.779472924359477,0.9840355714792424,-0.07899807185587937,0.8759343731564077,284.8955816220118,596.2314787276091,581.7911632440236
