d_t,d_h,thres,nDT,timeHin,bias,LL,BIC,AIC
1.515387883545776,1.9990971721220245,1.1986439469537495,0.9702780404422547,-0.12813267131639694,-0.45836212641361845,303.62585042646805,634.1157217398054,619.2517008529361
