d_t,d_h,thres,nDT,timeHin,bias,LL,BIC,AIC
-0.316085431172633,1.9890938145210293,2.3294813547601505,0.9751975857308665,0.0067427144115371485,0.04654724676140991,246.70613009550155,519.0722569050994,505.4122601910031
