d_t,d_h,thres,nDT,timeHin,bias,LL,BIC,AIC
1.9994144941978862,1.998304573220969,1.92776946980281,0.97797855803421,-0.07602350761095833,-0.2600733464105883,131.55014072974205,284.92579841784243,275.1002814594841
