d_t,d_h,thres,nDT,timeHin,bias,LL,BIC,AIC
1.2082491253071517,1.999799677699681,1.633502971572228,0.9758948629744726,-0.16347717491013597,0.35988990938875987,292.9345009132393,612.5249093654204,597.8690018264786
