d_t,d_h,thres,nDT,timeHin,bias,LL,BIC,AIC
1.9964453701370082,1.994828606861002,0.6305024804394439,0.9856475598391927,-0.0232445273114646,0.6989011364786633,139.03697686965103,300.2072304639857,290.07395373930206
