d_t,d_h,thres,nDT,timeHin,bias,LL,BIC,AIC
-1.9516436842036111,1.9907774179883035,1.9106781718533576,0.9947133587159538,-0.03900333195080059,0.9556767424518035,283.5150899396502,593.61508067236025,579.0301798793004
