d_t,d_h,thres,nDT,timeHin,bias,LL,BIC,AIC
-1.1878554036005955,1.9984464335610506,1.054243788868189,0.9944824559066271,-0.045077995567293805,0.9982080421338931,289.76109738625945,603.9874194359533,591.5221947725189
