d_t,d_h,thres,nDT,timeHin,bias,LL,BIC,AIC
1.561362103829088,1.9996795003221295,1.3314574481919408,0.9957363205962549,-0.07499198452453278,0.9965878570986711,140.80425735146918,304.03453241263855,293.60851470293835
