d_t,d_h,thres,nDT,timeHin,bias,LL,BIC,AIC
-1.914772951065976,1.9821273281183234,2.2865556600577266,0.9846530210185784,-0.05609816100568487,-0.600049905486695,155.4856395980153,333.81125413465253,322.9712791960306
