d_t,d_h,thres,nDT,timeHin,bias,LL,BIC,AIC
-1.9988959675224358,1.999388837725092,1.3987095118943715,0.967724378252031,-0.10144503573564216,-0.17893352018512296,267.5810811560432,561.2249948432085,547.1621623120864
