d_t,d_h,thres,nDT,timeHin,bias,LL,BIC,AIC
-1.7369328018289731,1.9834307903113924,0.8280631184577941,0.9948470937127947,-0.10724959606478887,0.9998388726704672,121.20170859235925,263.9045308154552,254.4034171847185
