d_t,d_h,thres,nDT,timeHin,bias,LL,BIC,AIC
-1.8798246532678604,1.9899335970922751,1.5909476342125846,0.9795311107287195,-0.17623415380694107,0.9753440874918516,308.3484811369859,642.0140085050285,628.6969622739718
