d_t,d_h,thres,nDT,timeHin,bias,LL,BIC,AIC
-1.9041468906977286,1.995058646111922,1.1987048614291218,0.9875451189146954,-0.1383579013905729,0.9969146081978901,239.86929781958702,500.3425188660849,491.73859563917404
