d_t,d_h,thres,nDT,timeHin,bias,LL,BIC,AIC
-1.976300763082929,1.9894282278917972,1.140320617943265,0.9945050964453808,-0.06065378263198154,0.9991779677012635,297.4519232541505,620.2208927393576,606.903846508301
