d_t,d_h,thres,nDT,timeHin,bias,LL,BIC,AIC
-1.9318692144472025,1.9987352837954129,2.126943559210819,0.9658673443235384,-0.20389237142242655,0.7751795367555858,126.98440649423853,275.6343204643424,265.96881298847705
