d_t,d_h,thres,nDT,timeHin,bias,LL,BIC,AIC
1.7825099105013635,1.9998357697234825,1.8640407991260322,0.9946476566062944,-0.18536297238279498,0.7113112124596758,259.51881699748236,544.9425626761825,531.0376339949647
