d_t,d_h,thres,nDT,timeHin,bias,LL,BIC,AIC
-1.8700794892088795,1.9967089534437863,1.6881917565130462,0.9736376871764757,-0.1262020080655879,0.6576878621849696,180.59910269238645,384.67034341734177,373.1982053847729
