d_t,d_h,thres,nDT,timeHin,bias,LL,BIC,AIC
-1.9995216320743265,1.9976206318578653,1.2092890670523049,0.9857973974640937,-0.02770904085915349,0.9170178931506471,171.37947700749152,365.85983962524335,354.75895401498303
