d_t,d_h,thres,nDT,timeHin,bias,LL,BIC,AIC
0.15973026170803975,1.9933728554355716,1.212118106379382,0.9737214548649356,-0.003659670488175018,0.6724159114670519,124.94865772079872,271.3984290723341,261.89731544159747
