d_t,d_h,thres,nDT,timeHin,bias,LL,BIC,AIC
1.8925506819595308,1.9926042529242605,2.192926389551438,0.9841985984577399,-0.08805847899916672,-0.38463954549487184,277.3539830126459,580.9246531400939,566.7079660252919
