d_t,d_h,thres,nDT,timeHin,bias,LL,BIC,AIC
-1.9463165122246042,1.9982038471954773,2.3318709303123155,0.9868223752189783,-0.036674213928719515,0.9574070679725025,271.60296984391175,568.6969111401197,555.2059396878235
