d_t,d_h,thres,nDT,timeHin,bias,LL,BIC,AIC
1.7255245640849293,1.9920490804461382,1.8641118518449316,0.986616744282262,-0.18350452305164386,0.9362783338691018,264.29284878458185,554.0766690214599,540.5856975691637
