d_t,d_h,thres,nDT,timeHin,bias,LL,BIC,AIC
0.7755281741047666,1.9955259304867226,1.4148335862904786,0.9950528780650005,-0.11292587823238677,0.9858670003334312,285.20005533793335,595.3534091760247,582.4001106758667
