d_t,d_h,thres,nDT,timeHin,bias,LL,BIC,AIC
1.994020493378975,1.9935330152093635,2.238441153838129,0.9763975351106593,-0.14321710020811018,-0.4196236548900819,245.61750831809525,516.6396556637741,503.2350166361905
