d_t,d_h,thres,nDT,timeHin,bias,LL,BIC,AIC
-1.269232076690992,1.9959239187280227,1.7558206291421028,0.9912823511409181,-0.08481249781860968,0.918097614819162,285.7907800632943,597.4864888078064,583.5815601265886
