d_t,d_h,thres,nDT,timeHin,bias,LL,BIC,AIC
-1.9510880156193888,1.9976153564903123,1.9053160722544176,0.971711622799239,-0.16631371021636365,0.5894330610861973,310.97580914578896,648.6075258305198,633.9516182915779
