d_t,d_h,thres,nDT,timeHin,bias,LL,BIC,AIC
-0.553163095098767,1.9992686588117814,0.9990195102989676,0.9834731129537617,-0.13181991085009487,-0.7752506002755912,245.99963304817655,517.4902375486492,503.9992660963531
