d_t,d_h,thres,nDT,timeHin,bias,LL,BIC,AIC
-0.46740394197857815,1.9920816506786325,1.230881692841649,0.9944736622340579,-0.03086282300720893,0.9752372487863177,283.14270155025355,592.1903317817249,578.2854031005071
