d_t,d_h,thres,nDT,timeHin,bias,LL,BIC,AIC
1.793078802334949,1.9943759220211599,1.7843494727766096,0.9841314638371491,-0.06742345204218635,0.7859269081349266,290.69246875748183,606.7019837460203,593.3849375149637
