d_t,d_h,thres,nDT,timeHin,bias,LL,BIC,AIC
-1.0197856550496416,1.9988783966426371,1.6108023760626353,0.9943688792284058,-0.05855037382141948,0.9182485202726903,305.33236047630834,637.5965391710096,622.6647209526167
