d_t,d_h,thres,nDT,timeHin,bias,LL,BIC,AIC
-1.9947298859272662,1.9926926114943302,1.204580690631426,0.9859204764089604,-0.06173497117258047,0.8446051860901762,248.77286784164173,523.0367071355796,509.54573568328345
