d_t,d_h,thres,nDT,timeHin,bias,LL,BIC,AIC
1.699203403890088,1.999370738982839,2.9789343537762476,0.9970759048243454,-0.0048145299434797,-0.9643826910847638,100.2932172385954,219.39939977276572,212.5864344771908
