d_t,d_h,thres,nDT,timeHin,bias,LL,BIC,AIC
0.5771494781375226,1.9971271877032928,2.142397889432128,0.9928926043022346,-0.6504193494101705,0.7921799604350666,274.35982364850673,575.0118071050567,560.7196472970135
