d_t,d_h,thres,nDT,timeHin,bias,LL,BIC,AIC
1.9839363083400818,1.9923233400379388,1.0069340469315649,0.9966323550832609,-0.026983027684199502,0.9566859412281874,246.46497857724754,518.5899538685914,504.92995715449507
