d_t,d_h,thres,nDT,timeHin,bias,LL,BIC,AIC
-1.987372815559525,1.9868873999680503,1.0982138312859264,0.9895653377544875,-0.08721191642239282,0.5549011950213887,204.4232818397897,433.412631052912,420.8465636795794
