d_t,d_h,thres,nDT,timeHin,bias,LL,BIC,AIC
-1.9732687948465337,1.995668924193085,2.9971862198200734,0.9830284904981818,-0.04433981963832286,0.8606749826217754,192.1049873782409,407.91743706797035,396.2099747564818
