d_t,d_h,thres,nDT,timeHin,bias,LL,BIC,AIC
-0.48132589183335156,1.9990088130872234,2.0930741181206165,0.9824887684675684,-0.04057428516062741,0.8467033009206623,287.2173625247034,600.9477686961864,586.4347250494068
