d_t,d_h,thres,nDT,timeHin,bias,LL,BIC,AIC
-1.9430969134385054,1.9973697110649276,1.6005710062926184,0.9948237781018331,-0.1204252274218935,0.9404788766468546,247.38461893002847,520.5119945069473,506.76923786005693
