d_t,d_h,thres,nDT,timeHin,bias,LL,BIC,AIC
-0.13772986233187712,1.9950791413962394,1.9501014541586004,0.9946801058779048,-0.010458888937922727,0.9979103190548286,107.69570209072766,234.459727163543,227.39140418145533
