d_t,d_h,thres,nDT,timeHin,bias,LL,BIC,AIC
-1.9409872025818298,1.987531617939757,1.1065675964578987,0.9825086412219992,-0.03088417273632206,0.918161309316403,62.05976352199974,141.46175759137645,136.11952704399948
