d_t,d_h,thres,nDT,timeHin,bias,LL,BIC,AIC
-0.707415296507357,1.984507430339639,1.3784908825661142,0.9943646840621754,-0.002486904361234058,0.9996012956387912,53.99998853346618,124.63550940037105,119.99997706693236
