d_t,d_h,thres,nDT,timeHin,bias,LL,BIC,AIC
1.8238238180056214,1.9970953857116325,2.1815402622913966,0.9838963519570872,-0.2436210379170648,0.4225400363425042,302.4655361260631,631.5869797910681,616.9310722521262
