d_t,d_h,thres,nDT,timeHin,bias,LL,BIC,AIC
-1.9730011833627854,1.984023040230175,1.7631890594959259,0.9975773074066098,-0.04715195169222716,0.9982752356780967,160.8912733630506,343.91582345078484,333.7825467261012
