d_t,d_h,thres,nDT,timeHin,bias,LL,BIC,AIC
-1.336136335669912,1.9988434446756267,1.2654516752319813,0.9783659361763025,-0.020605344900338256,-0.740554477799258,114.33381208040001,249.6466695295989,240.66762416080002
