d_t,d_h,thres,nDT,timeHin,bias,LL,BIC,AIC
1.790445145916322,1.9992205143665418,0.9776247690212501,0.9846478338954567,-0.1857826838066277,0.47795155502799663,290.86810522719304,608.1765259379716,593.7362104543861
