d_t,d_h,thres,nDT,timeHin,bias,LL,BIC,AIC
-1.9654334038967582,1.999733109688918,2.437714966196533,0.9427568995217257,-0.13673504016413215,-0.21146882698619368,120.83817415137766,262.8345114504523,253.67634830275531
