d_t,d_h,thres,nDT,timeHin,bias,LL,BIC,AIC
1.9518363852751557,1.9995944532429433,0.9150791216492701,0.9929217949471644,-0.18368775588550737,0.8547332491554336,277.9422094100605,582.1011059349231,567.884418820121
