d_t,d_h,thres,nDT,timeHin,bias,LL,BIC,AIC
-1.9992835851149198,1.9926082551040023,1.2470576609797,0.9764786296318322,-0.1513142097871297,0.18505489169830025,293.94589222124023,614.5476919814223,599.8917844424805
