d_t,d_h,thres,nDT,timeHin,bias,LL,BIC,AIC
-0.2597943954239997,1.9974336088972768,1.501423471778333,0.9906119360093945,-0.015077217667400347,-0.7855916827171676,117.60788855151854,256.37394025073405,247.21577710303708
