d_t,d_h,thres,nDT,timeHin,bias,LL,BIC,AIC
-1.986153537922092,1.9870806319717236,1.0675287769021982,0.9878530392423197,-0.09865649541051867,0.8474361585912078,276.21243401997634,578.7915629679874,564.4248680399527
