d_t,d_h,thres,nDT,timeHin,bias,LL,BIC,AIC
-0.17417438947085592,1.9983501009508433,1.0015673780979022,0.9865927932204417,-0.005467812382878526,0.882401842137203,263.35450153163043,552.6934031049789,538.7090030632609
