d_t,d_h,thres,nDT,timeHin,bias,LL,BIC,AIC
1.993846792077657,1.9973092632438871,0.6955861615017056,0.9910181792377083,-0.17798167968718315,0.8665868927758729,288.36679140814056,603.1738982998667,588.7335828162811
