d_t,d_h,thres,nDT,timeHin,bias,LL,BIC,AIC
1.988468730714225,1.9983185229451847,2.3982378372922537,0.9444512265520305,-0.14365224550178807,0.3179688649893355,117.99631565626395,256.97167668132676,247.9926313125279
