d_t,d_h,thres,nDT,timeHin,bias,LL,BIC,AIC
-1.9776559105271825,1.9940047479947267,2.714338330913513,0.9620380317105549,-0.09405348323340129,-0.4603733130553064,140.4568777012887,302.73927236093573,292.9137554025774
