d_t,d_h,thres,nDT,timeHin,bias,LL,BIC,AIC
-1.9837878781048253,1.999776217962284,2.3291641332809467,0.9754605808829496,-0.13038618980601457,-0.23509068843169237,297.10418822420525,620.8642839873523,606.2083764484105
