d_t,d_h,thres,nDT,timeHin,bias,LL,BIC,AIC
1.9385894097158038,1.9988389270278204,1.5487922177491182,0.9778517665180458,-0.12084716651588678,-0.46640033173771867,293.7800869100691,614.21608135908,599.5601738201382
