d_t,d_h,thres,nDT,timeHin,bias,LL,BIC,AIC
1.8675111125350947,1.9943038543071423,2.120262934081256,0.9803579914802124,-0.030586199418080454,0.6406031920080593,57.67863729543938,132.35655465521606,127.35727459087876
