d_t,d_h,thres,nDT,timeHin,bias,LL,BIC,AIC
1.9832476220343085,1.9975198707551958,1.7180610517903419,0.9766275888859319,-0.1343068865470439,-0.3165409717966257,289.27895475871554,604.9246044454658,590.5579095174311
