d_t,d_h,thres,nDT,timeHin,bias,LL,BIC,AIC
1.9958958875279444,1.988429561873446,1.265160566009581,0.9841741503807342,-0.055618445241669534,0.7374122150552318,178.86120508156793,381.4298724746244,369.72241016313586
