d_t,d_h,thres,nDT,timeHin,bias,LL,BIC,AIC
1.9830953136764382,1.9983841339779151,1.1394473847900586,0.96941136207325,-0.14408966246663368,-0.5531466482206123,299.94113203986893,626.6083478572589,611.8822640797379
