d_t,d_h,thres,nDT,timeHin,bias,LL,BIC,AIC
-1.9383584226356583,1.996019963699476,2.199572340200016,0.9848872748230726,-0.1158858039997052,0.7783687129786234,236.71383762712014,498.4739988736141,485.4276752542403
