d_t,d_h,thres,nDT,timeHin,bias,LL,BIC,AIC
0.986558630843745,1.9929091574356144,2.108435705867056,0.9830043045658623,-0.08112752557213589,0.8755883636713611,51.068679068102085,118.38565934281743,114.13735813620417
