d_t,d_h,thres,nDT,timeHin,bias,LL,BIC,AIC
-1.8876297142601215,1.9977053820312105,1.907117725239678,0.9740427427942373,-0.14299958067015492,0.1530090556020379,296.5554508390662,619.8369854556535,605.1109016781324
