d_t,d_h,thres,nDT,timeHin,bias,LL,BIC,AIC
-1.5916268447335284,1.9957119460753687,0.6366362259951798,0.994623659545845,6.036263585787113e-5,0.9926303523570821,270.0815393724853,564.4213863519778,552.1630787449706
