d_t,d_h,thres,nDT,timeHin,bias,LL,BIC,AIC
-1.451354542871115,1.9976910006942283,1.5289302361957917,0.9858226164280804,-0.13969019571773003,0.8793058041720704,250.3091921639777,526.1093557802516,512.6183843279555
