d_t,d_h,thres,nDT,timeHin,bias,LL,BIC,AIC
-1.0562985427677631,1.9570495650833912,2.149666641821912,0.9982557598360526,-0.5539383762516081,0.9991341039973998,284.8736867249712,593.681277729328,581.7473734499424
