d_t,d_h,thres,nDT,timeHin,bias,LL,BIC,AIC
-1.3982530950380756,1.9911840356112702,2.236380900404599,0.9943633304550465,-0.10984418234365047,0.9988166961136627,200.43142763433838,424.6846067499895,412.86285526867675
