d_t,d_h,thres,nDT,timeHin,bias,LL,BIC,AIC
-1.8986959224416968,1.9966006642546468,0.9715628849636401,0.9695557345769753,-0.16664358054567274,0.03967288750177016,290.09050001940943,606.8369075777607,592.1810000388189
