d_t,d_h,thres,nDT,timeHin,bias,LL,BIC,AIC
-1.9521715308542742,1.9815413724049988,2.893199281335353,0.9942058269855287,-0.041823644458750336,0.9989196434893157,186.8803246183506,397.2327872692701,385.7606492367012
