d_t,d_h,thres,nDT,timeHin,bias,LL,BIC,AIC
-1.9913389394294532,1.9983512326746327,0.7715907485469649,0.9798146598159136,-0.13943589762275224,0.044939893781816204,259.04748505223716,543.9998987856922,530.0949701044743
