d_t,d_h,thres,nDT,timeHin,bias,LL,BIC,AIC
1.8187513921466205,1.995048945055918,1.9863273219037794,0.994292950104595,-0.03499408905039515,0.9697870052155676,276.69121339646944,577.3163310723245,565.3824267929389
