d_t,d_h,thres,nDT,timeHin,bias,LL,BIC,AIC
-1.7123201996544524,1.9952860311180571,1.4090287906810308,0.9725205063067511,-0.1605309235315387,-0.13171955419036574,287.27372648345545,601.0604966136905,586.5474529669109
