d_t,d_h,thres,nDT,timeHin,bias,LL,BIC,AIC
-0.6669600686149235,1.9987788255310777,1.2035662849692919,0.9857218797020352,-0.002267042735312477,0.865018427095372,131.93850152171373,285.85837292020534,275.87700304342746
