d_t,d_h,thres,nDT,timeHin,bias,LL,BIC,AIC
-1.968537957138625,1.9988601624458013,2.81864246763289,0.9807037930220092,-0.14346680711855375,0.5667340252739759,273.18915758144226,572.5950022776866,558.3783151628845
