d_t,d_h,thres,nDT,timeHin,bias,LL,BIC,AIC
1.6729586972153685,1.9997638696203428,1.645989401681365,0.9946236987317819,-0.04048169552244195,0.9000250767405872,281.3737555744543,586.0984329375724,574.7475111489086
