d_t,d_h,thres,nDT,timeHin,bias,LL,BIC,AIC
1.999954645408958,1.9989225764489356,2.098363731162938,0.9753981089006952,-0.12530219484412303,-0.6505201711504665,263.737987877842,553.5388082868061,539.475975755684
