d_t,d_h,thres,nDT,timeHin,bias,LL,BIC,AIC
-0.41154902949189676,1.9926423797959192,0.734708249755204,0.9521424663931123,0.031761960204517076,0.32656435125912764,133.99900650439736,289.9793828855726,279.9980130087947
