d_t,d_h,thres,nDT,timeHin,bias,LL,BIC,AIC
1.9980614391108995,1.9935040235781545,1.6884173825383186,0.9652387792941729,0.017963561449033483,0.2009269893644008,95.51387777902349,211.0209826190982,203.02775555804698
