d_t,d_h,thres,nDT,timeHin,bias,LL,BIC,AIC
1.994042921136432,1.9999430088239432,2.4928695961537746,0.9677568283528635,0.02383623625374515,0.06823491934132983,105.62061297767936,231.8451491822696,223.24122595535871
