d_t,d_h,thres,nDT,timeHin,bias,LL,BIC,AIC
1.9675542330175817,1.9972932596367883,2.449258928118879,0.9880799575353977,-0.06426570838948187,-0.7018639975495942,232.58347816968913,490.39511205572404,477.16695633937826
