d_t,d_h,thres,nDT,timeHin,bias,LL,BIC,AIC
0.36844112519537386,1.9935365632179558,1.4962219496797422,0.9942310205734614,-0.007762043273314419,0.99190734649128,259.6771368824187,544.0195169498774,531.3542737648374
