d_t,d_h,thres,nDT,timeHin,bias,LL,BIC,AIC
1.9745524285253586,1.999261658749762,2.3164507404388854,0.9945304944469892,-0.1811588704144067,0.9129034973258934,258.17348821292603,541.7516154534356,528.3469764258521
