d_t,d_h,thres,nDT,timeHin,bias,LL,BIC,AIC
-1.939340443493502,1.9914132670514955,1.9671613555401564,0.9812906207611957,-0.09888505319219425,0.8424863126447838,156.40475390848377,335.6494827555895,324.80950781696754
