d_t,d_h,thres,nDT,timeHin,bias,LL,BIC,AIC
1.9343324411632616,1.9973756421018007,2.0720523269847035,0.9766699322813088,-0.08142861673812463,-0.693327760764692,99.24462658371218,218.6930281473432,210.48925316742435
