d_t,d_h,thres,nDT,timeHin,bias,LL,BIC,AIC
0.6494308412874134,1.9858785920191844,1.2430678629590524,0.9922856814302935,-0.003289400347992651,0.995427533699105,262.3405183903673,548.8331469251456,536.6810367807346
