d_t,d_h,thres,nDT,timeHin,bias,LL,BIC,AIC
0.1922986228459267,1.9995207280697707,2.0214259069932483,0.9808823332638131,-0.6081681969399831,-0.6815437651728721,225.28068403254196,475.51466656524195,462.5613680650839
