d_t,d_h,thres,nDT,timeHin,bias,LL,BIC,AIC
0.13523840717658706,1.9973333893372116,1.5012594646405748,0.9954478740803521,-0.07503967098430224,0.9903358941482132,287.4474304157751,600.9576933626723,586.8948608315502
