d_t,d_h,thres,nDT,timeHin,bias,LL,BIC,AIC
1.8243925225857096,1.9928872057619917,1.1979271291724747,0.983294707514015,-0.1883927607703088,0.8355493876203216,294.29387253115925,614.8044321771206,600.5877450623185
