d_t,d_h,thres,nDT,timeHin,bias,LL,BIC,AIC
-0.9985905505444462,1.9998147535190023,1.23038439899683,0.9847648569706059,-0.00477311082149297,-0.21911111406475428,77.21643895961331,173.24584321480154,166.43287791922663
