d_t,d_h,thres,nDT,timeHin,bias,LL,BIC,AIC
1.9879439873620868,1.994984287240836,1.96111578156541,0.9662441592039307,-0.19098963024141374,0.22443611094467267,103.86767074630497,228.14252578258288,219.73534149260993
