d_t,d_h,thres,nDT,timeHin,bias,LL,BIC,AIC
-0.877461889646279,1.998546531488471,1.0368488316864695,0.9866326563871687,-0.010682604046701391,0.39121205610284626,73.82847677537147,166.20320827089284,159.65695355074294
