d_t,d_h,thres,nDT,timeHin,bias,LL,BIC,AIC
0.14347885606961708,1.9998908037215266,0.8113385606557131,0.9828355154174471,-0.12349428949002439,0.6334689976051435,290.9458181652286,607.8760363721752,593.8916363304572
