d_t,d_h,thres,nDT,timeHin,bias,LL,BIC,AIC
-1.9920697558654576,1.9904143980214835,0.9091543966904283,0.9859934970825037,-0.05495083796459181,0.839649659201628,292.917939270014,612.0525656548301,597.835878540028
