d_t,d_h,thres,nDT,timeHin,bias,LL,BIC,AIC
-1.9724938084431336,1.9988549049106838,2.1698326230362155,0.983758408238382,-0.09645308003029883,0.7981586439746368,112.5489789291047,246.0770032270083,237.0979578582094
