d_t,d_h,thres,nDT,timeHin,bias,LL,BIC,AIC
1.9768953015912483,1.9938441005017198,2.14168966626862,0.9865111794321043,-0.04280074652903746,-0.8937396529360507,216.44473966492097,457.7482876881911,444.88947932984195
