d_t,d_h,thres,nDT,timeHin,bias,LL,BIC,AIC
-1.9166210616740305,1.9970155447222238,2.1245347787731026,0.9837984095272475,-0.12983667150970565,0.7937365489742341,290.38267351955807,606.9820341539182,592.7653470391161
