d_t,d_h,thres,nDT,timeHin,bias,LL,BIC,AIC
-1.9764725586935525,1.997032213630062,0.8780630446482245,0.9868948663869258,-0.0919687778870474,0.5010663731227283,283.4677532751412,593.375822033868,578.9355065502824
