d_t,d_h,thres,nDT,timeHin,bias,LL,BIC,AIC
-1.8526623390598018,1.996049548981419,1.8612355536767429,0.9849154466501556,-0.13129024597144587,0.8356271502358331,304.0097066893429,634.4597288622714,620.0194133786858
