d_t,d_h,thres,nDT,timeHin,bias,LL,BIC,AIC
1.6606466491284029,1.9858790720946957,1.8746838240126498,0.9834750683438711,-0.11949491967235318,0.6338698095578738,109.68585818846954,239.77890066691202,231.37171637693908
