d_t,d_h,thres,nDT,timeHin,bias,LL,BIC,AIC
1.9727849457412958,1.996393108250322,2.6593393008241875,0.9737701094074863,-0.13367191021808655,-0.04436280883868659,264.682493576448,555.349387194614,541.364987152896
