d_t,d_h,thres,nDT,timeHin,bias,LL,BIC,AIC
1.9743153913901186,1.9963832538153687,2.0934323972204245,0.9803153623069789,-0.058856860116210725,-0.6786900098081191,256.0413061246381,537.987540930494,524.0826122492762
