d_t,d_h,thres,nDT,timeHin,bias,LL,BIC,AIC
-1.8667670146480912,1.9984210868397037,1.1049545091643305,0.9843095155228829,-0.12084972198474661,-0.11162340634197049,302.4300464206988,631.6555415533251,616.8600928413975
