d_t,d_h,thres,nDT,timeHin,bias,LL,BIC,AIC
-1.989880146966582,1.9856870337798513,2.0105702740233973,0.9848860659577175,-0.07779978642542228,-0.4990679008612962,193.4485574555319,411.1554225180711,398.8971149110638
