d_t,d_h,thres,nDT,timeHin,bias,LL,BIC,AIC
-1.9801438377262228,1.9882415737056127,1.3631698325222348,0.9833930887891589,-0.05910470515127683,0.8843045039082212,245.62298602232252,516.4741277609909,503.24597204464504
