d_t,d_h,thres,nDT,timeHin,bias,LL,BIC,AIC
1.7656033086324605,1.9821844657484096,1.9140278019011019,0.9948790442550657,-0.07059586022463911,0.999209417880542,302.71450345625544,631.2533974717359,617.4290069125109
