d_t,d_h,thres,nDT,timeHin,bias,LL,BIC,AIC
-1.9765380010362763,1.9989172262404633,2.4532300447687634,0.9843100747681514,-0.06050880221987136,0.8812553261765973,286.41134473902616,599.3357331248319,584.8226894780523
