d_t,d_h,thres,nDT,timeHin,bias,LL,BIC,AIC
-1.988108398402627,1.9878064541874119,2.0603167790129358,0.9845649303992873,-0.18799278209617531,0.8456676518586914,256.0574979977292,537.6910752577062,524.1149959954583
