d_t,d_h,thres,nDT,timeHin,bias,LL,BIC,AIC
-0.9670546700594643,1.9993621421536676,2.8368185109272193,0.9845550921171405,-0.15936739802459296,0.9996325879987744,287.1016396874478,599.2496029942695,586.2032793748956
