d_t,d_h,thres,nDT,timeHin,bias,LL,BIC,AIC
1.976144124204306,1.998557037592176,1.262983572858312,0.9839867059956396,-0.12445886649587948,-0.2481758489658354,259.245368584931,544.47513721158,530.490737169862
