d_t,d_h,thres,nDT,timeHin,bias,LL,BIC,AIC
-1.9468931946903467,1.9980969437536615,0.9008593189462956,0.9710726465592251,-0.16509532192772708,0.8298092540621498,308.6605250099177,643.5377371346375,629.3210500198354
