d_t,d_h,thres,nDT,timeHin,bias,LL,BIC,AIC
-1.9923086318912333,1.99993716550629,2.0253583104353434,0.9868088126662798,-0.1647093692598373,0.9981879870086534,289.1219670588596,603.820013379967,590.2439341177192
