d_t,d_h,thres,nDT,timeHin,bias,LL,BIC,AIC
1.971232660883512,1.9978688044023187,0.8982112686558241,0.9707812332187525,-0.13864213254296076,0.42386234300816883,290.6899369201354,607.8201893238563,593.3798738402708
