d_t,d_h,thres,nDT,timeHin,bias,LL,BIC,AIC
-1.9450525124819393,1.9890934287538833,0.9867663535184532,0.9774164940133208,-0.13159141005713768,0.9004549468755063,285.39417113904295,596.7727423198039,582.7883422780859
