d_t,d_h,thres,nDT,timeHin,bias,LL,BIC,AIC
-1.8662580943166474,1.9966023717791241,1.3519646779615004,0.9763422062359517,-0.11274157449416315,0.23470816161355249,155.0822466966693,332.7316940875,322.1644933933386
