d_t,d_h,thres,nDT,timeHin,bias,LL,BIC,AIC
-1.7903271354386139,1.9976892922325968,1.5323498468926875,0.9762289803034171,-0.0989670767155586,0.2592660117250818,287.1497192087147,600.739753901015,586.2994384174294
