d_t,d_h,thres,nDT,timeHin,bias,LL,BIC,AIC
-1.5441572557180383,1.9949342274155097,2.0568927217015522,0.9639553499878892,-0.14980889095913705,-0.21360373696993967,312.967213661755,652.7984482103793,637.93442732351
