d_t,d_h,thres,nDT,timeHin,bias,LL,BIC,AIC
-1.9853640242911539,1.9978229517096526,0.9068669907946303,0.9834957391947156,-0.09245514004584594,-0.22886692042089554,255.49884754435863,536.9026237699351,522.9976950887173
