d_t,d_h,thres,nDT,timeHin,bias,LL,BIC,AIC
-1.9917603136534268,1.9313793690300758,2.5355122486201354,0.9681669655386856,-0.13115403638438364,0.26271103835596704,165.87755013958562,354.5950752177932,343.75510027917124
