d_t,d_h,thres,nDT,timeHin,bias,LL,BIC,AIC
1.964665455566023,1.9956895327354343,1.816919241210985,0.9735188832843202,-0.1711256507948455,0.40320961532173616,192.52129788381583,408.97650004701734,397.04259576763167
