d_t,d_h,thres,nDT,timeHin,bias,LL,BIC,AIC
-1.9995461800848173,1.9969013930522377,1.080503611292654,0.9921513928038573,-0.07320188965741714,0.9750043433480751,188.36398012037233,400.8800703851556,388.72796024074466
