d_t,d_h,thres,nDT,timeHin,bias,LL,BIC,AIC
-1.925221929415407,1.9980278101884443,1.0115107853882535,0.9712072487957177,-0.1699694894228705,-0.24896354450979158,286.76731006403685,600.0476637748533,585.5346201280737
