d_t,d_h,thres,nDT,timeHin,bias,LL,BIC,AIC
-1.9870980358279509,1.9545747407804848,2.8785189883678615,0.9958426988107069,-0.04887549427357273,0.9990554195231955,107.7963751067304,234.90600516267,227.5927502134608
