d_t,d_h,thres,nDT,timeHin,bias,LL,BIC,AIC
-1.9192268636257264,1.9924451161901362,1.673584892165303,0.9933622772648477,-0.08770123849754123,0.8652898949391097,295.8638638193933,617.2186990910828,603.7277276387866
