d_t,d_h,thres,nDT,timeHin,bias,LL,BIC,AIC
-1.7164553437506282,1.973364680143375,2.329563114959945,0.9938447183555439,-0.05781313417080924,0.9441352658009681,304.08893808320227,634.0022667256295,620.1778761664045
