d_t,d_h,thres,nDT,timeHin,bias,LL,BIC,AIC
-1.9556019630003956,1.992386058286437,2.9558349453632626,0.991378804056997,-0.04299235935715322,0.924701633074258,183.17973736721785,390.18122621574844,378.3594747344357
