d_t,d_h,thres,nDT,timeHin,bias,LL,BIC,AIC
1.933172928069298,1.9794319444386637,1.7309372400669427,0.9878360390407717,-0.08719551144167781,0.999808881812004,297.85497538419656,619.862060912804,607.7099507683931
