d_t,d_h,thres,nDT,timeHin,bias,LL,BIC,AIC
-1.9280748009444355,1.9998020779577068,2.1226834229246037,0.9856707385691096,-0.10530517352196386,0.7484702902316654,270.8973489451439,567.9349508504254,553.7946978902878
