d_t,d_h,thres,nDT,timeHin,bias,LL,BIC,AIC
1.997274952102746,1.9994997898197024,2.1979797771200538,0.967906059278878,-0.1538951213567354,0.32557523502828173,269.57546177249606,565.1353235867101,551.1509235449921
