d_t,d_h,thres,nDT,timeHin,bias,LL,BIC,AIC
1.966561334891062,1.9969811254768242,1.735951157514032,0.9728339372508558,-0.09261599179630375,-0.3678889553699051,280.0439547133651,586.4546043547648,572.0879094267302
