d_t,d_h,thres,nDT,timeHin,bias,LL,BIC,AIC
-0.098307903830587,1.9956346737457389,2.3997401033090187,0.9859988522436443,0.004704326621666583,0.6040400873558543,108.3080743032653,237.41056402332896,228.6161486065306
