d_t,d_h,thres,nDT,timeHin,bias,LL,BIC,AIC
1.3966005515996573,1.9970452190403567,0.6373397553709449,0.9941497252912936,-0.07466119298979101,0.9977993418222094,277.2141068313563,578.0191674590585,566.4282136627126
