d_t,d_h,thres,nDT,timeHin,bias,LL,BIC,AIC
1.9984237986313926,1.9993116534379574,1.5030507970491853,0.9864486158109517,-0.039821976037215406,-0.7622072663492716,280.0355009413252,586.511317366236,572.0710018826504
