d_t,d_h,thres,nDT,timeHin,bias,LL,BIC,AIC
1.9955533792365696,1.9966993259968466,1.7161054129588615,0.9756227325744057,-0.10772275343955552,-0.6592563226803498,253.6772682109078,533.097293068706,519.3545364218156
