d_t,d_h,thres,nDT,timeHin,bias,LL,BIC,AIC
1.9835038914139265,1.9987937007608017,1.5741024637142385,0.9838591969192085,-0.12883018608491667,0.7342893294246605,279.4110748823714,585.114309572786,570.8221497647428
