d_t,d_h,thres,nDT,timeHin,bias,LL,BIC,AIC
1.990177943581809,1.9965415004968006,1.7233916327555536,0.9850665238551916,-0.11748189774249397,0.014899850119501123,271.76350650061323,569.7437001160285,555.5270130012265
