d_t,d_h,thres,nDT,timeHin,bias,LL,BIC,AIC
-1.9625867171445714,1.9963086247668245,1.314509879069762,0.9666256663498443,-0.14154744140049141,-0.04885063656672459,253.87444025164834,533.3249597655446,519.7488805032967
