d_t,d_h,thres,nDT,timeHin,bias,LL,BIC,AIC
1.9977379916301046,1.9969763883499307,2.4963243592849116,0.9837697282475674,-0.053344418015517044,0.47555200779115103,276.6187853477043,579.6778861789942,565.2375706954086
