d_t,d_h,thres,nDT,timeHin,bias,LL,BIC,AIC
-1.9883980094209552,1.9976764264648055,1.3622810224549093,0.9662057439206434,-0.15640359670018286,-0.4370103546963182,245.21340094778708,515.8314409231577,502.42680189557416
