d_t,d_h,thres,nDT,timeHin,bias,LL,BIC,AIC
1.9303735600073215,1.9955841696180876,1.093063041838577,0.9779185720231796,-0.07485931319551058,-0.6178562235241245,290.79962153062706,607.8159301760562,593.5992430612541
