d_t,d_h,thres,nDT,timeHin,bias,LL,BIC,AIC
1.991113809655884,1.992359658436907,1.6901948404270652,0.9945221296674446,-0.10673646282811333,0.9250644867481489,288.94896610082554,604.1900920096944,589.8979322016511
