d_t,d_h,thres,nDT,timeHin,bias,LL,BIC,AIC
1.939972705557493,1.996045287064774,0.6249218557029962,0.9836595395579669,-0.0663226290154212,-0.7977766698132126,290.5529416838132,607.6189270144059,593.1058833676263
