d_t,d_h,thres,nDT,timeHin,bias,LL,BIC,AIC
1.9906225407052782,1.9977168097306932,1.307922819504312,0.9948954558728542,-0.014605553380682161,0.9312382841961567,100.6610839426641,221.31539494637943,213.3221678853282
