d_t,d_h,thres,nDT,timeHin,bias,LL,BIC,AIC
-1.6630204685087016,1.9968904748551355,2.236698052728036,0.9889400683520204,-0.04193705010560731,0.9633488276253681,286.4697337342295,599.3061623964936,584.939467468459
