d_t,d_h,thres,nDT,timeHin,bias,LL,BIC,AIC
-1.9724951686614063,1.9999002607222531,1.9948384371208432,0.9732037693525779,-0.019969663142882357,0.3711056678500947,69.54548146510417,157.0653565715323,151.09096293020835
