d_t,d_h,thres,nDT,timeHin,bias,LL,BIC,AIC
-0.31129605207465055,1.99945463495764,2.3151413161235093,0.9943683767759605,-0.18557430977813882,0.859067312261017,269.0774797791202,564.295212518378,550.1549595582404
