d_t,d_h,thres,nDT,timeHin,bias,LL,BIC,AIC
-1.8654121016478935,1.9986695461906536,1.181244617626535,0.9793102279362059,-0.12809114957027495,0.8372643255070042,280.839050919453,587.9702616469492,573.678101838906
