d_t,d_h,thres,nDT,timeHin,bias,LL,BIC,AIC
1.2814214589318267,1.9990210606604188,2.5214715570929105,0.9865552745158551,-0.0553618737722194,0.5371062757714545,64.03708908116667,145.74081203733198,140.07417816233334
