d_t,d_h,thres,nDT,timeHin,bias,LL,BIC,AIC
0.6087211836946862,1.9982793585416971,2.109964279644191,0.9945069019343065,0.007006629500222732,0.9077563282074241,262.04839174936893,550.0811835404559,536.0967834987379
