d_t,d_h,thres,nDT,timeHin,bias,LL,BIC,AIC
-1.877116632037648,1.9959284263209922,1.953696475388543,0.9836959135793384,-0.11353948938652571,0.6160701015648071,284.7066849268136,595.5536228137647,581.4133698536272
