d_t,d_h,thres,nDT,timeHin,bias,LL,BIC,AIC
-1.886128108063098,1.9898786248200335,2.153123969548287,0.9948753953821893,-0.02679505958294268,0.9987883683265423,233.60783459913753,492.2619928176489,479.21566919827507
