d_t,d_h,thres,nDT,timeHin,bias,LL,BIC,AIC
1.9784782553667726,1.99643145183109,2.759507308627063,0.9848101291017078,-0.0777446797188108,0.7752767086866343,143.21501425651005,308.71146091324596,298.4300285130201
