d_t,d_h,thres,nDT,timeHin,bias,LL,BIC,AIC
1.9639897120102683,1.9999627471151384,1.5535993645306287,0.9863108869047138,-0.13584866300111567,-0.8555418310078744,60.67086406380116,138.6839586749793,133.34172812760232
