d_t,d_h,thres,nDT,timeHin,bias,LL,BIC,AIC
1.9802504250345119,1.9974256858226234,0.6727162789816499,0.9947932350246669,-0.05829104800311072,0.9219940971794505,245.26806931822816,516.1961353505526,502.5361386364563
