d_t,d_h,thres,nDT,timeHin,bias,LL,BIC,AIC
1.9504003800190381,1.9994132982076422,0.7473100220784548,0.9838230797410437,-0.08776507459342615,0.6783048459623064,143.37426978928443,309.17455728826906,298.74853957856885
