d_t,d_h,thres,nDT,timeHin,bias,LL,BIC,AIC
1.9564645247230648,1.9973034942078316,2.075064436833234,0.9875833506890066,-0.159444684294354,0.752457598645964,289.6064151348351,605.7258739164498,591.2128302696702
