d_t,d_h,thres,nDT,timeHin,bias,LL,BIC,AIC
0.6297024532960687,1.995524691870975,1.8345823469097953,0.994687703103739,-0.0676085203119528,0.9647483257665319,253.71216863116155,533.3292659435409,519.4243372623231
