d_t,d_h,thres,nDT,timeHin,bias,LL,BIC,AIC
-1.987625164755446,1.9932775627954191,2.2024639682479275,0.9948504796441621,-0.15898866050959679,0.6842686920675679,279.59941647134224,585.4155200574866,571.1988329426845
