d_t,d_h,thres,nDT,timeHin,bias,LL,BIC,AIC
-1.972153771531619,1.9981765827673816,1.2121620037900958,0.9857699031494619,-0.13946159353121268,-0.3509307815217396,284.35563690866394,595.0034336253711,580.7112738173279
