d_t,d_h,thres,nDT,timeHin,bias,LL,BIC,AIC
-0.38599118979139213,1.996313537089497,0.8348319069639504,0.9950587654073898,0.006609241935034989,0.9716730437014367,298.01296184382096,622.4662391712275,608.0259236876419
