d_t,d_h,thres,nDT,timeHin,bias,LL,BIC,AIC
1.9933825004013894,1.9945909222027969,0.7553830813755968,0.9761181797290717,-0.16339616183165157,0.5633207926709538,298.50603794785195,623.228763010506,609.0120758957039
