d_t,d_h,thres,nDT,timeHin,bias,LL,BIC,AIC
-0.38100341785141006,1.9946288850847007,2.7543979838490484,0.9951149534637448,-0.07738817423396292,0.9998402298358997,278.0434567440632,579.5590515206952,568.0869134881264
