d_t,d_h,thres,nDT,timeHin,bias,LL,BIC,AIC
-0.7742798601999366,1.9981752552184893,2.211391244284604,0.9877506765899777,-0.12548910928941165,0.7912239757544735,249.93266578092067,525.6080882087317,511.86533156184134
