d_t,d_h,thres,nDT,timeHin,bias,LL,BIC,AIC
1.8054218031300642,1.9978786540929387,1.9390732516702007,0.9843591830575283,-0.13667047331140486,-0.8515106534787091,197.41573242940314,419.08977246581355,406.83146485880627
