d_t,d_h,thres,nDT,timeHin,bias,LL,BIC,AIC
1.077424495061987,1.9648435742044355,0.8702289715146165,0.9931608665102889,-0.06561803237682517,0.9953816948792491,297.5138253474763,617.594851389114,607.0276506949526
