d_t,d_h,thres,nDT,timeHin,bias,LL,BIC,AIC
0.33252288541501696,1.9992774893397012,1.57346466241983,0.8868116483009589,0.07582001661275634,0.11808702438056945,314.92693800198026,655.1709222350172,641.8538760039605
