d_t,d_h,thres,nDT,timeHin,bias,LL,BIC,AIC
1.5815560411949512,1.9487255283369214,2.450098889507353,0.9978047723619877,-0.07896519468080043,0.9999062517750092,282.90843374827426,587.9501442212321,577.8168674965485
