d_t,d_h,thres,nDT,timeHin,bias,LL,BIC,AIC
-1.9159887291260638,1.9811183921431696,2.642016626928931,0.9929320112311125,-0.07175032934251076,0.8859609721780899,156.06010245706943,334.9601798527608,324.12020491413887
