d_t,d_h,thres,nDT,timeHin,bias,LL,BIC,AIC
-1.3059609268545596,1.9957706180511325,2.3978800239041447,0.9906659254626307,-0.08543257274331388,0.9917472789530332,277.6758956719506,581.7921068274868,567.3517913439013
