d_t,d_h,thres,nDT,timeHin,bias,LL,BIC,AIC
-1.9937880156100505,1.9990680680471664,1.724212920386401,0.983626504724126,-0.08618469765672473,0.5941913095494884,281.89235972346177,590.2977630937031,575.7847194469235
