d_t,d_h,thres,nDT,timeHin,bias,LL,BIC,AIC
1.9994722390286188,1.9995459801161197,1.4680576507849121,0.9748948094925541,-0.0866345626291382,-0.6224865399001417,286.4792414240808,599.3251777761961,584.9584828481616
