d_t,d_h,thres,nDT,timeHin,bias,LL,BIC,AIC
0.9057600738878575,1.9777598726106738,1.3174309516193987,0.9949129227094062,-0.11032641461066084,0.9971168954087848,271.8394483057762,569.1698680638486,555.6788966115524
