d_t,d_h,thres,nDT,timeHin,bias,LL,BIC,AIC
0.11780837374066047,1.9965037736235383,2.39486608400397,0.984304082455863,-0.0020534379679459707,0.9338742397061668,251.3635823510541,528.2181361544044,514.7271647021082
