d_t,d_h,thres,nDT,timeHin,bias,LL,BIC,AIC
0.18973008694851987,1.9924009110457015,1.331495909565166,0.891019142286876,0.07215259309580087,0.21206645921962597,73.6954870447897,165.36536773090336,159.3909740895794
