d_t,d_h,thres,nDT,timeHin,bias,LL,BIC,AIC
-0.3684587735765882,1.9993131542580902,2.7250080378733386,0.9727826700651047,-0.008133907667429306,0.6391895708584109,66.56118469251177,150.78900326002218,145.12236938502355
