d_t,d_h,thres,nDT,timeHin,bias,LL,BIC,AIC
-1.9736813306965837,1.997180646252368,0.9076145259218349,0.9944946086493355,-0.05028312611252133,0.9061822476728344,230.19678651756257,485.6217287514709,472.39357303512514
