d_t,d_h,thres,nDT,timeHin,bias,LL,BIC,AIC
-0.18905516447375784,1.9945275892868561,2.0809175626580516,0.9628990949506803,-0.012462790448659944,-0.6037166892160373,69.61476061914396,157.2039148796119,151.22952123828793
