d_t,d_h,thres,nDT,timeHin,bias,LL,BIC,AIC
-1.968490031410172,1.9980877479380224,2.4547296166228527,0.9848979457303886,-0.08243387680195693,0.5492469893797115,292.24976555456146,611.1554386480648,596.4995311091229
