d_t,d_h,thres,nDT,timeHin,bias,LL,BIC,AIC
1.950857713978956,1.993263847268439,2.9468690788373353,0.9526062747865672,-0.03434816845184295,0.5198020116850235,71.72746327818088,161.4293201976857,155.45492655636176
