d_t,d_h,thres,nDT,timeHin,bias,LL,BIC,AIC
1.866359200687061,1.99702883617309,0.955696433527055,0.9838513027552284,-0.08015597209771352,0.46486736573757365,182.81817843888456,389.108494910338,377.6363568777691
