d_t,d_h,thres,nDT,timeHin,bias,LL,BIC,AIC
-1.5420248357374027,1.9823454656566493,1.547304438550116,0.9935317545331375,-0.09297002356489624,0.9971350499571966,263.2869823880338,550.9366228393461,538.5739647760676
