d_t,d_h,thres,nDT,timeHin,bias,LL,BIC,AIC
1.9757141737557635,1.999913533440964,1.0315462103113533,0.9811884434206646,-0.13470091680090202,0.7734818008916499,285.77268686489185,597.6082062609058,583.5453737297837
