d_t,d_h,thres,nDT,timeHin,bias,LL,BIC,AIC
1.989961522492468,1.9938166184370787,1.6446776167258206,0.9754135805430881,-0.15237638715131124,0.6479780029264623,174.75787556393573,372.8666729165352,361.51575112787145
