d_t,d_h,thres,nDT,timeHin,bias,LL,BIC,AIC
-1.9588736629363492,1.9936256967139208,1.109473521052198,0.9712885787257775,-0.15440071569517552,-0.09404937123533069,179.41845515627944,382.4278641089048,370.83691031255887
