d_t,d_h,thres,nDT,timeHin,bias,LL,BIC,AIC
-1.9722240429452214,1.9987806497812,2.3634981852024795,0.9766932788334064,-0.06910395353712868,-0.7549668473709829,110.08622377897308,240.57963184791907,232.17244755794616
