d_t,d_h,thres,nDT,timeHin,bias,LL,BIC,AIC
-1.989277907111329,1.9989128164601384,1.2440726456301074,0.9653114377356204,-0.149226063375458,0.2088318028859314,291.74282649289347,609.9259684693725,595.4856529857869
