d_t,d_h,thres,nDT,timeHin,bias,LL,BIC,AIC
1.7843248772647977,1.9800199732042951,2.8612563371031996,0.997243890953458,-0.04632361539061735,0.9971035444124435,238.0295435638543,500.10308623910345,488.0590871277086
