d_t,d_h,thres,nDT,timeHin,bias,LL,BIC,AIC
-0.7457500295713544,1.9827827578741928,2.3533258934089063,0.9969636852347051,-0.09713197272769106,0.9755833982081533,160.001301608332,342.13587994134764,332.002603216664
