d_t,d_h,thres,nDT,timeHin,bias,LL,BIC,AIC
-1.6750152961580358,1.9997847187711995,1.5770563910661657,0.9691444259302604,-0.1812937904963939,0.07773084388694673,288.81681067546606,604.0739368345177,589.6336213509321
