d_t,d_h,thres,nDT,timeHin,bias,LL,BIC,AIC
-0.21557000647528365,1.9997741947027718,2.2148294906799726,0.9731337270330999,-0.009167195071634056,0.7289261496582483,318.2906503673383,663.3767494466041,648.5813007346766
