d_t,d_h,thres,nDT,timeHin,bias,LL,BIC,AIC
1.9936719979551647,1.9183173488636773,0.7582175706423662,0.9866685327470605,-0.025681615524080263,0.9944259902832125,59.30974295658469,134.86778711978263,130.6194859131694
