d_t,d_h,thres,nDT,timeHin,bias,LL,BIC,AIC
1.990296668834596,1.9999497412803993,1.2409828204168376,0.9834642377213387,-0.12015284538619955,0.7225030890758354,285.2386883759123,596.9176922354102,582.4773767518246
