d_t,d_h,thres,nDT,timeHin,bias,LL,BIC,AIC
1.9238246367756529,1.9999161169364363,2.989865301609953,0.9928496130904021,-0.13409772168132733,0.7875028508787,291.2381570817319,609.2023979409848,594.4763141634638
