d_t,d_h,thres,nDT,timeHin,bias,LL,BIC,AIC
1.9900223682927698,1.9993849113692406,1.5491192651081795,0.97502220495728,-0.11518378084902633,0.3894869840541647,277.3670540534292,581.100803034893,566.7341081068583
