d_t,d_h,thres,nDT,timeHin,bias,LL,BIC,AIC
1.9840222355326278,1.9867264909604723,2.1126485861598643,0.9908142487846415,-0.021227383828415686,0.9983237146099384,59.2247914923922,134.69788419139766,130.4495829847844
