d_t,d_h,thres,nDT,timeHin,bias,LL,BIC,AIC
-1.7919248425713807,1.9677540441431867,0.9322017693892122,0.9932899474835319,-0.0496291467820929,0.9112650551319076,284.8631531000819,596.0930011281985,581.7263062001638
