d_t,d_h,thres,nDT,timeHin,bias,LL,BIC,AIC
1.936382181854986,1.999722381643066,1.5239227080686772,0.9940959477166048,-0.046778461263626656,-0.9115153020679575,292.96076331661163,611.9059266749413,597.9215266332233
