d_t,d_h,thres,nDT,timeHin,bias,LL,BIC,AIC
-1.8954107689224358,1.9997952770617073,1.1152249470234872,0.9736137497972742,-0.12653037751217025,0.2982799571427342,193.0479409601485,410.2479920647079,398.095881920297
