d_t,d_h,thres,nDT,timeHin,bias,LL,BIC,AIC
0.87584319406348,1.9964762051355462,1.3799033223784096,0.9943657638402179,-0.0025527849181713295,0.9535931652275721,283.62061910575096,593.0656287707269,579.2412382115019
