d_t,d_h,thres,nDT,timeHin,bias,LL,BIC,AIC
-1.9605194414037872,1.9861455343221208,1.6930992838014756,0.9879405692886081,-0.036117925401470664,0.8409260899038556,281.496254788822,589.2846693856873,574.992509577644
