d_t,d_h,thres,nDT,timeHin,bias,LL,BIC,AIC
1.9596096746419627,1.9979855160965205,2.939795346558094,0.9731346089326096,-0.14577969701230845,0.6670674008360633,306.7065280134891,639.9979568200381,625.4130560269782
