d_t,d_h,thres,nDT,timeHin,bias,LL,BIC,AIC
-1.8823883336590095,1.980156366652866,0.6815145180968296,0.9947338303153287,-0.05017061924998843,0.9453339503322223,274.20964994325425,574.7114596945518,560.4192998865085
