d_t,d_h,thres,nDT,timeHin,bias,LL,BIC,AIC
0.17502361131575817,1.9966121229453202,2.517600125446916,0.9839495005254174,-0.0784184921084159,0.6832443441478864,285.79827644469805,598.1095965361757,583.5965528893961
