d_t,d_h,thres,nDT,timeHin,bias,LL,BIC,AIC
-1.9524276372652734,1.9953675900855041,0.7200753946926224,0.9657388200320182,-0.1431337989292489,0.4512570241089298,293.7093904462297,613.785475820494,599.4187808924594
