d_t,d_h,thres,nDT,timeHin,bias,LL,BIC,AIC
0.8580265910055265,1.9980635281441983,2.023039649985731,0.9757063134075279,-0.1251575551181744,0.5816589660945256,289.28027998421555,605.0736036152107,590.5605599684311
