d_t,d_h,thres,nDT,timeHin,bias,LL,BIC,AIC
1.9218062828429414,1.993528903638444,1.043086266261537,0.9852054290145738,-0.050432145444904083,-0.7450434289483234,251.45740623398314,528.231858699023,514.9148124679663
