d_t,d_h,thres,nDT,timeHin,bias,LL,BIC,AIC
1.8711757731214114,1.9957627360351724,1.5577067047806819,0.9943647372540111,-0.07839403770542958,-0.8668742620528177,281.7811467679923,590.0753371827642,575.5622935359846
