d_t,d_h,thres,nDT,timeHin,bias,LL,BIC,AIC
1.922826916251839,1.9434791009051215,0.7139677871001027,0.9867137088208247,-0.1481247525807277,0.8461954322100255,314.1136682114601,654.6676519065057,640.2273364229202
