d_t,d_h,thres,nDT,timeHin,bias,LL,BIC,AIC
-1.7877733512828746,1.97302314154064,1.666237518824376,0.9963578901034426,-0.053561303179276015,0.9993754802019934,201.0590731560702,426.4808043754189,414.1181463121404
