d_t,d_h,thres,nDT,timeHin,bias,LL,BIC,AIC
1.873980007134378,1.9995039040311307,1.2091396784639608,0.9665026909012919,-0.14785599645337674,0.22374052346798273,296.4703484683521,619.596604475646,604.9406969367042
