d_t,d_h,thres,nDT,timeHin,bias,LL,BIC,AIC
-0.3368504663942681,1.9970229860499957,1.8180820897640388,0.9825867732001793,-0.11838609410325626,0.6750186374161752,283.59809382287403,593.7092312925276,579.1961876457481
