d_t,d_h,thres,nDT,timeHin,bias,LL,BIC,AIC
-0.45427594633700735,1.999659655694181,2.717108199638524,0.9862468921877073,-0.008157620674633806,0.1839201898834259,278.5863665875455,583.6130486586766,569.172733175091
