d_t,d_h,thres,nDT,timeHin,bias,LL,BIC,AIC
0.9118052963584913,1.9950162823246427,1.9654990116323885,0.9933120307388585,-0.004614853917168706,0.9591437927255952,301.33901042648773,628.5024114122004,614.6780208529755
