d_t,d_h,thres,nDT,timeHin,bias,LL,BIC,AIC
0.7851246697828174,1.9884163805700894,1.4911398714990685,0.993039121137341,-0.04222827468772802,0.964100245960076,170.13404404272217,362.69410579514454,352.26808808544433
