d_t,d_h,thres,nDT,timeHin,bias,LL,BIC,AIC
-1.8401784113285586,1.9905045157137204,2.1909578857943415,0.9964053568226197,-0.04763225027720235,0.9727119189651208,278.3990258240331,582.7029803292841,568.7980516480662
