d_t,d_h,thres,nDT,timeHin,bias,LL,BIC,AIC
-1.9938181537161852,1.9976084609547942,2.7614207664504646,0.9891607477218227,-0.11006968107082304,0.976860205997025,289.4315397970777,605.1552394021986,590.8630795941554
