d_t,d_h,thres,nDT,timeHin,bias,LL,BIC,AIC
1.9765904416277607,1.9981970322172753,1.0878075191066956,0.9835734379950875,-0.15872894915223743,0.8578550310927782,270.15892101693953,566.5345291486811,552.3178420338791
