d_t,d_h,thres,nDT,timeHin,bias,LL,BIC,AIC
-1.9569053592276986,1.9987991243446506,1.049107190434237,0.9827472273517122,-0.13955947031445987,0.7745817712451233,275.596914346447,577.4859885009373,563.193828692894
