d_t,d_h,thres,nDT,timeHin,bias,LL,BIC,AIC
1.858004447885849,1.9873227585323248,1.3745714547112584,0.9830142824235587,-0.12228265539827168,0.7901911588365563,284.55139453512766,595.3949488782986,581.1027890702553
