d_t,d_h,thres,nDT,timeHin,bias,LL,BIC,AIC
1.9343510294791957,1.9977079432529454,2.364651646378682,0.9780213005992358,-0.13584580557781983,0.5450753589530457,289.14076145876084,604.4982100323238,590.2815229175217
