d_t,d_h,thres,nDT,timeHin,bias,LL,BIC,AIC
1.9893357408647296,1.9946115259076767,2.0588807066755397,0.9889552066172438,-0.14501825634542165,0.8379748125451104,283.0467384377972,592.1563094067166,578.0934768755944
