d_t,d_h,thres,nDT,timeHin,bias,LL,BIC,AIC
-1.942547230581832,1.9876199848581317,2.4316893251622353,0.9795157675662217,-0.15161453009479597,0.7281726508380784,269.54186588545423,564.8264884177988,551.0837317709085
