d_t,d_h,thres,nDT,timeHin,bias,LL,BIC,AIC
-1.9979459367267822,1.9969234054625602,0.6790894713252783,0.9876790559033364,-0.058770242073391994,0.957379321261526,284.94345646003467,596.3272284036549,581.8869129200693
