d_t,d_h,thres,nDT,timeHin,bias,LL,BIC,AIC
-1.887812148460361,1.9829819395023416,1.4365674398839474,0.9939524191687573,-0.08390686864793237,0.9991110462588312,287.0317279380857,599.5544273284676,586.0634558761714
