d_t,d_h,thres,nDT,timeHin,bias,LL,BIC,AIC
-1.6540209936486805,1.9913271131906023,1.3417429778170282,0.8977383307340172,0.08052997614467114,0.17656351430459713,118.28219315778387,256.3394075115937,248.56438631556773
