d_t,d_h,thres,nDT,timeHin,bias,LL,BIC,AIC
1.9752562773875488,1.9996660119550056,1.9198177982679405,0.9835176472904819,-0.057902708762596684,0.4008877823069466,109.06129758738214,238.5297794647372,230.12259517476429
