d_t,d_h,thres,nDT,timeHin,bias,LL,BIC,AIC
-1.9422056833282113,1.9952093528954886,2.967389227805788,0.9948489930627709,-0.11657590842788335,0.998658550586126,287.6996731839447,601.1421030147798,587.3993463678894
