d_t,d_h,thres,nDT,timeHin,bias,LL,BIC,AIC
-1.552670303286165,1.9978129514242187,1.2326197292432435,0.9871728068538248,-0.16807622544457018,0.9363488013486616,283.4432914936273,593.0268359473922,578.8865829872547
