d_t,d_h,thres,nDT,timeHin,bias,LL,BIC,AIC
-1.9968082477514462,1.997596786821778,2.8293826840945764,0.894884936551257,0.08767266216988717,0.10970730403556898,112.96536535274966,244.99905368758698,237.93073070549931
