d_t,d_h,thres,nDT,timeHin,bias,LL,BIC,AIC
-1.966386037227229,1.9982867802420272,1.5165337856858967,0.9736814746955407,-0.1725747776778063,0.615485239562416,262.90869419564865,551.3083598435935,537.8173883912973
