d_t,d_h,thres,nDT,timeHin,bias,LL,BIC,AIC
1.9171516422897525,1.9993934943941993,1.670315053128396,0.9770615803737065,-0.10697204029184303,-0.5759892439108153,287.3162188444768,601.2173384820135,586.6324376889536
