d_t,d_h,thres,nDT,timeHin,bias,LL,BIC,AIC
-1.9750234674373943,1.9930815145901497,1.1671774168858375,0.9951563401702411,-0.05938942277633944,0.992059383104583,104.43693949677883,229.07765397347652,220.87387899355767
