d_t,d_h,thres,nDT,timeHin,bias,LL,BIC,AIC
1.893065707751597,1.9997005423994376,1.2796068187630962,0.9935215774823628,-0.1363897659227316,0.9028823012096283,289.5911526936867,605.695349034153,591.1823053873734
