d_t,d_h,thres,nDT,timeHin,bias,LL,BIC,AIC
-0.9137834892878981,1.9960085560485576,1.3504571238798633,0.9875348381395237,-0.08120718937329778,0.6970238583288985,274.7013077930439,575.7693105141225,561.4026155860878
