d_t,d_h,thres,nDT,timeHin,bias,LL,BIC,AIC
0.7966417364894274,1.9997412106563746,2.2438679615387627,0.9763087249510246,-0.06939012921373221,-0.6194949827864734,199.10626220393965,422.6777490713136,410.2125244078793
