d_t,d_h,thres,nDT,timeHin,bias,LL,BIC,AIC
1.870110220674975,1.9980821324163411,0.6098474351809886,0.9775502561393452,-0.04841734219944127,-0.8320461407230961,255.9615533469046,537.7474972530342,523.9231066938091
