d_t,d_h,thres,nDT,timeHin,bias,LL,BIC,AIC
-1.9685551367755674,1.9811494860580803,1.870893249587772,0.990976627647787,-0.05090111063162161,0.9426287161186337,227.10026859410874,479.42869290456326,466.2005371882175
