d_t,d_h,thres,nDT,timeHin,bias,LL,BIC,AIC
-0.539376142917806,1.9992504980471668,1.3925648122914909,0.9923071909704896,-1.5299832462046213e-4,0.9226654154148596,141.66732909547665,305.61609059117916,295.3346581909533
