d_t,d_h,thres,nDT,timeHin,bias,LL,BIC,AIC
-1.7538784194714856,1.9948800443604653,1.6887027533528056,0.9836929827857614,-0.1480573045193449,0.16757634929481555,199.82028547103505,424.1057956055044,411.6405709420701
