d_t,d_h,thres,nDT,timeHin,bias,LL,BIC,AIC
0.78146127881338745,1.9998209569163505,1.0034979656338692,0.972836133705052,-0.06482784827372873,-0.6872755642256069,251.94272713163656,529.6282109101635,515.8854542632731
