d_t,d_h,thres,nDT,timeHin,bias,LL,BIC,AIC
0.1638549057652036,1.9969479515788515,2.2574079977423462,0.9859037914140117,-0.005398449625817419,-0.8927430667057978,261.9697956509471,550.0798442620318,535.9395913018942
