d_t,d_h,thres,nDT,timeHin,bias,LL,BIC,AIC
1.997237579970362,1.9997288476065078,1.5283644508570433,0.9809139239299656,-0.014523224718762124,-0.5146143106150564,47.09319702324979,109.5760901912688,106.18639404649959
