d_t,d_h,thres,nDT,timeHin,bias,LL,BIC,AIC
1.9943378840107704,1.9992872881835058,0.7027249095808257,0.978103924463075,-0.00826165360679641,-0.45601135001362486,40.39173396983053,95.17083957645129,92.78346793966107
