d_t,d_h,thres,nDT,timeHin,bias,LL,BIC,AIC
0.7454832832958743,1.9990970714169767,2.200539396418662,0.9908156112502475,-0.061281313185934924,0.8991775106811977,290.5556593852094,607.4780136984534,593.1113187704188
