d_t,d_h,thres,nDT,timeHin,bias,LL,BIC,AIC
1.9464990655992684,1.9975738047847673,1.1292315537324653,0.9793065065044866,-0.15008388894584607,0.7961896707142784,292.8055965349579,612.12423671669535,597.6111930699158
