d_t,d_h,thres,nDT,timeHin,bias,LL,BIC,AIC
0.6473202278302612,1.9997786165531866,0.7988462830655776,0.9948883131410885,-0.0014386901367545377,0.94467527696578,145.38547548915363,312.5964679366656,302.77095097830727
