d_t,d_h,thres,nDT,timeHin,bias,LL,BIC,AIC
1.2735411427781163,1.945525806958122,1.4505380998252937,0.996006596201243,-0.014902779126317788,0.9988255968784495,87.183094028283,192.63332268290654,186.366188056566
