d_t,d_h,thres,nDT,timeHin,bias,LL,BIC,AIC
1.2293795543571113,1.991660603900603,1.041686880487451,0.9944202281807055,-0.01540017132191119,0.9607145774618667,135.2108853925839,291.75385915410425,282.4217707851678
