d_t,d_h,thres,nDT,timeHin,bias,LL,BIC,AIC
1.8431959766351864,1.9936240321185472,1.3551478002374973,0.976046984350722,-0.12413591552794358,-0.10161816339963387,286.0598242070324,598.182480945187,584.1196484140648
