d_t,d_h,thres,nDT,timeHin,bias,LL,BIC,AIC
-0.42843249377231457,1.9927208623245678,1.466860054247081,0.984734621513517,-0.0664051608069537,0.6500588940674713,298.3876303866418,623.4311683122254,608.7752607732835
