d_t,d_h,thres,nDT,timeHin,bias,LL,BIC,AIC
-1.9823269801496848,1.9970429849839184,1.6921558865354889,0.9846763319038996,-0.07626407422925487,0.774113474430561,286.8416670475598,600.1963777418991,585.6833340951196
