d_t,d_h,thres,nDT,timeHin,bias,LL,BIC,AIC
-0.21981466289938403,1.9976171581365676,2.259982571666786,0.9906382515259535,-0.049751465014042054,0.891256349535514,277.2636109576944,580.8193817234321,566.52722191538885
