d_t,d_h,thres,nDT,timeHin,bias,LL,BIC,AIC
1.9727846029515472,1.9961435200802715,1.8857289613763732,0.979634111097395,-0.09905518770031492,-0.056079579995355365,289.59779344194004,605.78048767694,591.1955868838801
