d_t,d_h,thres,nDT,timeHin,bias,LL,BIC,AIC
-0.5269521964661762,1.998917344150394,1.2539188340306282,0.982458814312744,-0.08565182402396039,0.8195051068797516,280.08569254901784,586.3880722128378,572.1713850980357
