d_t,d_h,thres,nDT,timeHin,bias,LL,BIC,AIC
-1.984476618440718,1.9967718343614218,1.7317748641088382,0.9865298954453384,-0.05120659126402103,0.934692943848929,138.71686920075263,299.5670151261889,289.43373840150525
