d_t,d_h,thres,nDT,timeHin,bias,LL,BIC,AIC
1.3780458410958385,1.9988111355984115,1.3823695320636034,0.9789048858266632,-0.13016389580768364,0.5122009021903363,137.0148822616139,296.16304124791145,286.0297645232278
