d_t,d_h,thres,nDT,timeHin,bias,LL,BIC,AIC
1.8887702367041017,1.9986889861424328,2.037986029849572,0.976057931440508,-0.09626759812279409,-0.20351081023186812,285.9895409898572,598.4921256264939,583.9790819797144
