d_t,d_h,thres,nDT,timeHin,bias,LL,BIC,AIC
-1.871003025870487,1.997927398228425,1.0736578261479737,0.9947264320238991,0.003928031773473806,0.9998647606140106,53.85086212477321,123.95002545615968,119.70172424954642
