d_t,d_h,thres,nDT,timeHin,bias,LL,BIC,AIC
0.98455722377709,1.9933014646619076,0.7655108844861388,0.9767304296327954,-0.11147538825093663,-0.38880750147054666,254.90786892621702,535.5584944993244,521.815737852434
