d_t,d_h,thres,nDT,timeHin,bias,LL,BIC,AIC
-0.6446175792913542,1.9956127472640148,1.3198829673363157,0.9970317870779246,-0.0012879232694258946,0.9237353780222844,53.47330050447729,123.58213334239326,118.94660100895457
