d_t,d_h,thres,nDT,timeHin,bias,LL,BIC,AIC
1.1596291548068152,1.9835136225660148,2.3824811866023516,0.9999876798131799,0.005773929879069328,0.995156028023753,53.47104411094117,123.57762055532103,118.94208822188234
