d_t,d_h,thres,nDT,timeHin,bias,LL,BIC,AIC
-1.9897794439950043,1.9931752614119869,0.6593239438652898,0.981455116424758,-0.14196181762280521,0.5685071892661984,255.62572506184418,536.9942067705787,523.2514501236883
