d_t,d_h,thres,nDT,timeHin,bias,LL,BIC,AIC
-1.9205637675996838,1.9987703270625865,0.8776891557466334,0.9761073361571874,-0.12854537666207297,0.38382961005629407,292.8265972107209,612.3091019603836,597.6531944214418
