d_t,d_h,thres,nDT,timeHin,bias,LL,BIC,AIC
-1.9538006746544114,1.9957459653560745,2.207642423408041,0.9945552427115038,-0.06742422976162886,0.9987163526703953,83.86320335932727,187.03966166786375,179.72640671865454
