d_t,d_h,thres,nDT,timeHin,bias,LL,BIC,AIC
1.7356401535738244,1.9985274677623677,1.7555706012822783,0.9838342768248687,-0.17558202019929614,0.8782349903227487,283.7920363562716,594.0971163593227,579.5840727125432
