d_t,d_h,thres,nDT,timeHin,bias,LL,BIC,AIC
-1.8399058923138303,1.9985300692632917,2.686623276463003,0.9759505934897844,-0.10797386885749652,0.20574461066817643,235.5263988346039,496.3698439002644,483.0527976692078
