d_t,d_h,thres,nDT,timeHin,bias,LL,BIC,AIC
1.9009248255327413,1.9992731575206828,1.8053047560918847,0.9767203334609915,-0.08466787921372754,-0.5430855672501014,223.05715894744404,471.0676163950461,458.1143178948881
