d_t,d_h,thres,nDT,timeHin,bias,LL,BIC,AIC
1.9806497386259765,1.9997876434059476,2.293573947907926,0.9942309900831142,-0.10083688629939229,0.9438964271252611,270.6404040581884,566.6854471439603,553.2808081163768
