d_t,d_h,thres,nDT,timeHin,bias,LL,BIC,AIC
-0.19734102023189898,1.996717776575242,2.249173236452043,0.9853949264041185,-0.11431392987784689,0.830939081112729,285.4620516463155,597.2162631006743,582.924103292631
