d_t,d_h,thres,nDT,timeHin,bias,LL,BIC,AIC
-1.9995700086291255,1.9964807479054743,2.7453656985860935,0.9841593933048491,-0.1357235752141709,0.587241693573057,244.68546175924118,514.7755625460659,501.37092351848236
