d_t,d_h,thres,nDT,timeHin,bias,LL,BIC,AIC
1.991455371481319,1.99837498934737,2.6779956663027407,0.994422924342132,-0.03748265126501275,0.9313815371666784,247.91462107659822,521.4892388672928,507.82924215319645
