d_t,d_h,thres,nDT,timeHin,bias,LL,BIC,AIC
-1.9400685001069267,1.9989918738464458,2.514829773364463,0.9839593475042158,-0.15824702368752663,0.7575698102947699,247.70109409210713,521.1449448311046,507.40218818421425
