d_t,d_h,thres,nDT,timeHin,bias,LL,BIC,AIC
-1.997502597837423,1.9982642327052575,2.522485482506454,0.9763990267080079,-0.1523829054248495,0.7953607620281472,293.49335109768475,613.2788620034128,598.9867021953695
