d_t,d_h,thres,nDT,timeHin,bias,LL,BIC,AIC
-1.9264663922910017,1.9893289824567821,1.8011943835891222,0.9933353928772409,-0.10135822484028512,0.8599958453468842,282.80944484109716,591.6032897239123,577.6188896821943
