d_t,d_h,thres,nDT,timeHin,bias,LL,BIC,AIC
-1.6950520379468799,1.9995083783431473,0.906568217161365,0.9944526272655847,-0.09219923139276708,0.7623939748246444,232.73210371075774,490.4175059216735,477.4642074215155
