d_t,d_h,thres,nDT,timeHin,bias,LL,BIC,AIC
1.9548014936241782,1.9987157679277683,0.9483418783172965,0.9650879201033624,-0.1630124916880695,-0.27281631626902764,302.1893678635164,630.9636365200927,616.3787357270328
