d_t,d_h,thres,nDT,timeHin,bias,LL,BIC,AIC
-0.18675123864278778,1.998554112940786,1.420662403670507,0.9870938087556629,0.0015669631287318826,0.8596578926625305,285.16286100589423,596.766037495374,582.3257220117885
