d_t,d_h,thres,nDT,timeHin,bias,LL,BIC,AIC
-1.9733569782109752,1.9912039436653888,1.8884863628159292,0.9963392915533362,-0.058243064829656396,0.9726717343571879,242.2489754771907,509.5442745737552,496.4979509543814
