d_t,d_h,thres,nDT,timeHin,bias,LL,BIC,AIC
-1.6890503528012386,1.9811859710582265,1.0830895779067946,0.9980809716883612,0.0032138199638449766,0.9996136819930138,87.3149950554385,194.1785693390059,186.629990110877
