d_t,d_h,thres,nDT,timeHin,bias,LL,BIC,AIC
-0.4675306320931121,1.9834590387911382,0.601052512212243,0.995133263184461,0.007680438967598128,0.9998758030263991,90.76193574813409,201.29889269229415,193.52387149626819
