d_t,d_h,thres,nDT,timeHin,bias,LL,BIC,AIC
1.9976207058915927,1.9997182310817467,2.0774813052266836,0.975988522756739,-0.11751870304563639,-0.5692309737522955,219.53066170444367,463.9201317672365,451.06132340888735
