d_t,d_h,thres,nDT,timeHin,bias,LL,BIC,AIC
-1.981556202134481,1.9992997203315028,2.753200106262412,0.9845241725533194,-0.19609171802605757,0.8256280767750993,301.96037842164213,630.1374439580864,615.9207568432843
