d_t,d_h,thres,nDT,timeHin,bias,LL,BIC,AIC
1.933607859598739,1.9985541185696263,1.8605464777761043,0.9877374078051082,-0.09948166011600695,0.7127236898175489,294.8480405998678,616.4221649772566,601.6960811997355
