d_t,d_h,thres,nDT,timeHin,bias,LL,BIC,AIC
1.8824318214460156,1.9991221797658782,1.8505420390110707,0.9843352849708673,-0.19005680757187268,0.7231032856266433,303.0884066779907,632.9722620679089,618.1768133559814
