d_t,d_h,thres,nDT,timeHin,bias,LL,BIC,AIC
1.8765270796055502,1.997581099112423,1.4211908831293476,0.9948341667038787,-0.06649375104619729,0.917162161424831,232.03527867926726,489.38760358959115,476.07055735853453
