d_t,d_h,thres,nDT,timeHin,bias,LL,BIC,AIC
-1.9324344001226152,1.992553067614697,2.668831864872604,0.9942308023350692,-0.061320055698913835,0.9394636415722176,222.67123912941307,470.38880187819996,457.34247825882613
