d_t,d_h,thres,nDT,timeHin,bias,LL,BIC,AIC
1.907544359064754,1.9999161319744003,1.6198889385954711,0.982986634712551,-0.1573426116487945,0.6766542260359796,286.39475068292006,599.1561962938747,584.7895013658401
