d_t,d_h,thres,nDT,timeHin,bias,LL,BIC,AIC
-1.8596570696303083,1.9982700042770316,2.231741242110729,0.9878794699192583,-0.09494940374389477,0.8324257520294702,272.8987134279485,571.621817415122,557.797426855897
