d_t,d_h,thres,nDT,timeHin,bias,LL,BIC,AIC
1.986906994368889,1.9933307328093768,1.5519200308404912,0.9944459280391443,-0.0956061512555852,0.8737003999294946,253.05801543829128,531.2539593287411,518.1160308765825
