d_t,d_h,thres,nDT,timeHin,bias,LL,BIC,AIC
1.95069965378376,1.9989316573518199,0.8985878851264715,0.9663770357037145,-0.15470079835482192,-0.39586375632467996,294.78678799415735,616.0138914719003,601.5735759883147
