d_t,d_h,thres,nDT,timeHin,bias,LL,BIC,AIC
-0.5518421519464853,1.973992093105717,2.377036454613057,0.9968675244576997,0.0011059529753373039,0.9998597125781834,168.3110207375448,360.09417950765845,348.6220414750896
