d_t,d_h,thres,nDT,timeHin,bias,LL,BIC,AIC
-0.3613191976020927,1.9989537424631239,2.5133193320543974,0.9938551605649986,-0.026427811594429716,0.8237523299356978,223.6418404757369,472.4216094036324,459.2836809514738
