d_t,d_h,thres,nDT,timeHin,bias,LL,BIC,AIC
1.9600352406277197,1.9987615882358105,2.2492236690048326,0.9668122265758585,-0.09067303583388654,-0.4711616698648535,292.9603417123036,612.5055842176671,597.9206834246072
