d_t,d_h,thres,nDT,timeHin,bias,LL,BIC,AIC
1.9899106611547566,1.9995721496012997,2.128553212736146,0.981782137975365,-0.13868621577432416,0.6030741157251159,303.8653603583687,634.526169428665,619.7307207167374
