d_t,d_h,thres,nDT,timeHin,bias,LL,BIC,AIC
-0.4485840917725744,1.999152686486978,2.333299314034806,0.9875216969999548,-0.0294491982611319,0.7719259647246388,224.13304217575921,473.404012803677,460.26608435151843
