d_t,d_h,thres,nDT,timeHin,bias,LL,BIC,AIC
1.9973483221689412,1.99374001331447,0.6475199550390244,0.975482052478854,-0.1183685245351236,-0.34095103563960094,266.0938140571476,558.092556795513,544.1876281142952
