d_t,d_h,thres,nDT,timeHin,bias,LL,BIC,AIC
-1.9995664977693284,1.9975176758098736,2.205617272050974,0.9847903682122381,-0.04812019965525444,0.8445329106820969,299.2134783557013,625.1530404889236,610.4269567114026
