d_t,d_h,thres,nDT,timeHin,bias,LL,BIC,AIC
1.8629989833549454,1.9970882582354186,2.779677794287776,0.9681459552666387,-0.16401933076410014,-0.4599241111280698,296.26074447738233,619.1063897478246,604.5214889547647
