d_t,d_h,thres,nDT,timeHin,bias,LL,BIC,AIC
-1.9887217083385158,1.9989508774996954,1.0632559781424158,0.9944719919887843,-0.05254797264603198,0.9969416170807298,274.9766836519022,576.2455271118477,561.9533673038044
