d_t,d_h,thres,nDT,timeHin,bias,LL,BIC,AIC
1.9194656493421638,1.9854408409903783,1.243540371581912,0.9940692450793381,-0.018039782068493368,0.90181479012167165,134.67265312778463,291.32667613234713,281.34530625556926
