d_t,d_h,thres,nDT,timeHin,bias,LL,BIC,AIC
1.9652817711858028,1.9991480142693816,0.9888321727876954,0.985195526683043,-0.20182416929269487,0.9554181694171742,277.309272065057,580.835231244916,566.618544130114
