d_t,d_h,thres,nDT,timeHin,bias,LL,BIC,AIC
-1.9465157825211512,1.9985428994455798,2.649877373758917,0.9945829450298413,-0.053110822462554545,0.8769631293208247,259.36861237704926,544.3972214681949,530.7372247540985
