d_t,d_h,thres,nDT,timeHin,bias,LL,BIC,AIC
0.8089023288339376,1.9773456861908396,1.9605187384059375,0.9945163013467271,-0.06613599781665327,0.9995024652398633,231.6277452886545,486.4826966427563,475.255490577309
