d_t,d_h,thres,nDT,timeHin,bias,LL,BIC,AIC
-1.7399265737028005,1.9945867929165073,0.7309617766276904,0.989241701496673,-0.03498800126985316,0.8926783811948512,57.99830461708281,132.9958892985029,127.99660923416562
