d_t,d_h,thres,nDT,timeHin,bias,LL,BIC,AIC
-1.7795672474443744,1.9807018504567369,0.6574442391794362,0.9807249788137866,-0.046744761115495276,0.7921934701029383,240.31149900038577,505.8511537171173,492.62299800077153
