d_t,d_h,thres,nDT,timeHin,bias,LL,BIC,AIC
1.9737580222688136,1.9820750846427302,1.7512337612488351,0.9755705039762093,-0.12214513149784248,0.8468820619566304,196.18596146447805,415.72284471761986,404.3719229289561
