d_t,d_h,thres,nDT,timeHin,bias,LL,BIC,AIC
-0.3964693557378911,1.9730521173807096,0.6629864131604366,0.9637802666509723,-0.11077873341355517,0.7586330158370086,206.81610588244484,436.98313355355344,425.6322117648897
