d_t,d_h,thres,nDT,timeHin,bias,LL,BIC,AIC
1.9578839906981025,1.9990059566351572,1.7068830635402248,0.9734393930644615,-0.06854258701271239,-0.6679804054895867,277.69232642232646,581.6768126526962,567.3846528446529
