d_t,d_h,thres,nDT,timeHin,bias,LL,BIC,AIC
1.9994262518696493,1.9990645630706219,1.9756001400907248,0.9882975696801345,-0.03479799155267181,0.8974820152484186,127.47705689266863,276.2862021542737,266.95411378533726
