d_t,d_h,thres,nDT,timeHin,bias,LL,BIC,AIC
1.985076864928236,1.9964988644622794,1.2804988145828247,0.9948748004670187,-0.06185232546906752,0.9993196867404486,291.8936146050722,609.9274821702819,595.7872292101443
