d_t,d_h,thres,nDT,timeHin,bias,LL,BIC,AIC
1.9507988255426183,1.9977720488327153,1.8613206351814142,0.9756986290771628,-0.11519421861039174,0.42034388846784687,269.34531879054003,564.7534701122022,550.6906375810801
