d_t,d_h,thres,nDT,timeHin,bias,LL,BIC,AIC
1.9609041259735116,1.9965166125758258,2.183291795477271,0.9941558496594285,-0.1259942770182694,0.9989423704047977,287.1061666586515,600.2751658484251,586.212333317303
