d_t,d_h,thres,nDT,timeHin,bias,LL,BIC,AIC
-1.9831566505007148,1.9914023207139433,1.038290355540812,0.981975915917132,-0.175511371272477,0.9075859651341974,238.53714911784041,500.89604971699356,489.07429823568083
