d_t,d_h,thres,nDT,timeHin,bias,LL,BIC,AIC
1.9988929808669478,1.9993940620718669,1.5608414455468727,0.9730825212539735,-0.1285106770131661,0.4213674450791696,269.69807287630516,565.3805457943283,551.3961457526103
