d_t,d_h,thres,nDT,timeHin,bias,LL,BIC,AIC
1.9799411002810432,1.9973598886974964,2.938110881468789,0.9944050307287097,-0.05024320133599629,0.6856933213831363,271.6536487010464,569.6739923301275,555.3072974020928
