d_t,d_h,thres,nDT,timeHin,bias,LL,BIC,AIC
1.9354668880604886,1.999898593242713,1.5765168090125468,0.9830954532559318,-0.18890903762584155,0.837773530974931,268.02860364890347,561.3742535288636,548.0572072978069
