d_t,d_h,thres,nDT,timeHin,bias,LL,BIC,AIC
-0.5570078231394291,1.995563433426274,1.1923640730095388,0.9983559591835037,-3.4397372433505593e-4,0.9930093363468879,184.3742665546157,391.02996550945727,380.7485331092314
