d_t,d_h,thres,nDT,timeHin,bias,LL,BIC,AIC
1.9910742003664303,1.998953678592817,2.8558000088571363,0.9849663817016355,-0.08056477633234242,0.8313950281499292,227.7329781402408,480.5122798998554,467.4659562804816
