d_t,d_h,thres,nDT,timeHin,bias,LL,BIC,AIC
-1.8614122825177484,1.9844809285945726,1.475523458655332,0.991166093791629,-0.19066295793807422,0.9638648425008621,266.12280046230546,556.8116682979435,544.2456009246109
