d_t,d_h,thres,nDT,timeHin,bias,LL,BIC,AIC
-0.0908369830410062,1.9913203938300466,1.725763627678558,0.9777285193369969,-0.003735259581139643,0.5423836922399649,264.34198773031335,554.5083660198517,540.6839754606267
