d_t,d_h,thres,nDT,timeHin,bias,LL,BIC,AIC
1.7876467680992891,1.9948280361358413,0.751898462511599,0.9846193954360131,-0.15727212088309506,0.9655360338702081,282.4838088570861,589.5336850875049,576.9676177141722
