d_t,d_h,thres,nDT,timeHin,bias,LL,BIC,AIC
1.974704821237221,1.9905620391518508,0.7222941957414153,0.9927855485516569,-0.1499131855963935,0.8814765987594225,286.80913525364224,599.984965435319,585.6182705072845
