d_t,d_h,thres,nDT,timeHin,bias,LL,BIC,AIC
-1.9656995949593767,1.9970745707718323,1.285445617288874,0.9843098757254285,-0.1701590189065695,0.7801945851547827,296.8735210520015,620.2600857507825,605.747042104003
