d_t,d_h,thres,nDT,timeHin,bias,LL,BIC,AIC
1.9925451388213677,1.9984002667488168,1.4729672724807703,0.9675728891351016,-0.1372377528903507,-0.2799708744701546,291.6614949249555,609.9788973888528,595.322989849911
