d_t,d_h,thres,nDT,timeHin,bias,LL,BIC,AIC
1.9979172331904778,1.9982336826188094,2.24843327120798,0.9758353432608782,-0.10480853748583792,-0.6423022376474622,281.4600268974252,589.43309744163,574.9200537948504
