d_t,d_h,thres,nDT,timeHin,bias,LL,BIC,AIC
-0.8028779515254738,1.9949098278177022,2.973437371465868,0.9789580994347652,-0.0700531796554614,0.8927580502680507,297.2170931014768,621.0190869960135,606.4341862029536
