d_t,d_h,thres,nDT,timeHin,bias,LL,BIC,AIC
1.9777015474788,1.9945726095258751,1.4779795703997367,0.9843241310747141,-0.032478085020650506,-0.6383244895200906,280.9238442408417,588.0643755964854,573.8476884816833
