d_t,d_h,thres,nDT,timeHin,bias,LL,BIC,AIC
1.9696625419438294,1.9978794740150378,0.7466272308594812,0.9839107561168694,-0.12017519411898256,0.9995047180594717,291.3920326558829,608.1887043393493,594.7840653117657
