d_t,d_h,thres,nDT,timeHin,bias,LL,BIC,AIC
-1.876312573981587,1.9761819168227488,1.2735267006915945,0.9839007429359925,-0.1242628324813021,0.9920961621418342,287.82676348833456,601.0581660042527,587.6535269766691
