d_t,d_h,thres,nDT,timeHin,bias,LL,BIC,AIC
1.9947664569287924,1.9856063333902176,0.841581523235513,0.9963122893222073,-0.03583458623605588,0.9998007050757207,281.1169731931587,588.5261061943606,574.2339463863174
