d_t,d_h,thres,nDT,timeHin,bias,LL,BIC,AIC
1.4421280039404367,1.9238550796706997,2.158656382153835,0.9951687594114926,-0.0876924828604716,0.9996489585266402,274.46327348774264,574.1547026918311,560.9265469754853
