d_t,d_h,thres,nDT,timeHin,bias,LL,BIC,AIC
1.9759309258651898,1.9926710348776853,1.7136777187832688,0.9766001270839331,-0.09890689869383226,-0.13525458488372685,283.49036273788255,593.2728852838084,578.9807254757651
