d_t,d_h,thres,nDT,timeHin,bias,LL,BIC,AIC
0.2960134008938786,1.9884881722846635,2.8246492048983236,0.9930708597584362,-0.0959260304858742,0.9995842975204058,285.45305626765247,596.4821917975528,582.9061125353049
