d_t,d_h,thres,nDT,timeHin,bias,LL,BIC,AIC
1.9248567749363936,1.997043479792344,1.9771773747656687,0.9870414833507686,-0.13716053196231123,0.8024211873485355,287.47375148502994,601.3141978980946,586.9475029700599
