d_t,d_h,thres,nDT,timeHin,bias,LL,BIC,AIC
1.9169671992781838,1.9950839964630247,2.4481075307626936,0.9741046530363461,-0.1494596649438985,0.08767957132237703,225.80195165488632,476.7418317619312,463.60390330977265
