d_t,d_h,thres,nDT,timeHin,bias,LL,BIC,AIC
1.0538748240982152,1.9969547612311844,0.9261835250425654,0.9733311113212917,-0.08201362782873972,-0.37728404549819583,289.6200956153977,605.753234877575,591.2401912307954
