d_t,d_h,thres,nDT,timeHin,bias,LL,BIC,AIC
-1.9200108227308057,1.9950035463462017,1.1518288476706122,0.983899219227086,-0.15838060722655678,0.5985032489846228,275.6521231485172,577.444499257172,563.3042462970344
