d_t,d_h,thres,nDT,timeHin,bias,LL,BIC,AIC
1.9976114869116595,1.9981188625042072,1.4855946382507683,0.9871742272397159,-0.15145839538023895,0.32770420085367763,290.77624861040755,607.9928127044006,593.5524972208151
