d_t,d_h,thres,nDT,timeHin,bias,LL,BIC,AIC
1.9852300266639358,1.9971212204060764,2.694832527358136,0.9728395848432001,-0.093374579926954,0.8472117235678925,44.8408319895198,105.07136012380882,101.6816639790396
