d_t,d_h,thres,nDT,timeHin,bias,LL,BIC,AIC
1.1761872619390488,1.9992091907319616,2.686200026795268,0.9434611487462818,-0.15841310669329803,0.5841611545688279,49.4016536915,114.63765136069155,110.803307383
