d_t,d_h,thres,nDT,timeHin,bias,LL,BIC,AIC
1.8447043286510314,1.9966055129977387,1.7782132658442706,0.9943842894027801,-0.07212368750709774,0.9994478382312381,230.35041943632794,485.36608205769573,472.7008388726559
