d_t,d_h,thres,nDT,timeHin,bias,LL,BIC,AIC
1.8924446013983292,1.9922134725184713,1.166324051346556,0.9953735189750413,-0.05799810397974347,0.9959660728490379,226.11397016343233,476.79400770019726,464.22794032686465
