d_t,d_h,thres,nDT,timeHin,bias,LL,BIC,AIC
-1.923015466248617,1.9914343506451813,0.9819064071401953,0.9950412417991248,-0.06419999318318344,0.9988078381032548,287.3121729180656,600.9910407641657,586.6243458361312
