d_t,d_h,thres,nDT,timeHin,bias,LL,BIC,AIC
-1.580044627422708,1.9976085396078154,2.2235838385316375,0.9948752668269876,-0.06704129111101828,0.9992976615238441,286.45124232775163,599.2691795835378,584.9024846555033
