d_t,d_h,thres,nDT,timeHin,bias,LL,BIC,AIC
-1.9937210635676899,1.9958229152522624,2.0474764425246508,0.994444741299354,-0.09673938747100128,0.9237232146270183,284.2484694628978,594.9372544093811,580.4969389257956
