d_t,d_h,thres,nDT,timeHin,bias,LL,BIC,AIC
1.952318146666852,1.9980595138823691,2.0809478290899794,0.9738569932613709,-0.14049668421922348,-0.17322562586003776,295.97465988301576,618.3896352496171,603.9493197660315
