d_t,d_h,thres,nDT,timeHin,bias,LL,BIC,AIC
0.06259707668834284,1.9928451023303881,2.0088089110110436,0.993482745760603,0.005440918080248517,0.9138507608809446,259.2499673962974,544.3243253518198,530.4999347925948
