d_t,d_h,thres,nDT,timeHin,bias,LL,BIC,AIC
-0.5382444315787673,1.999235785989648,1.0957450337188195,0.9888266804633294,-0.07046724665638437,0.9765029012613151,301.79117508224846,629.799037279299,615.5823501644969
