d_t,d_h,thres,nDT,timeHin,bias,LL,BIC,AIC
1.9485631913906705,1.9999990232376308,1.701948694171299,0.9863402907188082,-0.11305334882544031,0.7419666478428192,296.9250165234066,620.6454817587407,605.8500330468132
