d_t,d_h,thres,nDT,timeHin,bias,LL,BIC,AIC
-1.9185987766086479,1.996288298203725,1.3817343419948909,0.9942676847386526,-0.0358918387301049,0.9376027132357552,284.2672651432221,595.1194310795041,580.5345302864442
