d_t,d_h,thres,nDT,timeHin,bias,LL,BIC,AIC
-1.9664662148864254,1.9945012926907153,2.956024511858455,0.9942018972254962,-0.08847463779082518,0.9972470620832922,114.08618293696009,249.15141124271906,240.17236587392017
