d_t,d_h,thres,nDT,timeHin,bias,LL,BIC,AIC
-1.7704022205010734,1.9911353305262824,1.0160501971064975,0.9948969156605858,-0.09621817696509058,0.9996401234155694,110.76084348066884,242.31610237813604,233.52168696133768
