d_t,d_h,thres,nDT,timeHin,bias,LL,BIC,AIC
1.9890845300539097,1.995279338214569,2.1611039475084146,0.9945134128595111,0.002826251700528368,0.8936325516472527,43.474379491466976,102.33845512770317,98.94875898293395
