d_t,d_h,thres,nDT,timeHin,bias,LL,BIC,AIC
1.9905769269962141,1.9997495367615914,0.6312275432695988,0.9800015563060575,-0.09527808485016527,0.6793274113329859,73.56155373739723,165.09750111611842,159.12310747479447
