d_t,d_h,thres,nDT,timeHin,bias,LL,BIC,AIC
-1.9511345653924457,1.9956063513213858,0.6513116655365306,0.9840056547490387,-0.19114936727589424,0.5992984109254356,289.92000336152176,606.2803222066291,591.8400067230435
