d_t,d_h,thres,nDT,timeHin,bias,LL,BIC,AIC
0.7999846479406963,1.9925281362124414,2.3679035067159564,0.9863095266590776,-5.139048989672721e-4,-0.9921143131192753,43.73781519393048,102.86532653263018,99.47563038786096
