d_t,d_h,thres,nDT,timeHin,bias,LL,BIC,AIC
1.9772019472884208,1.9966646152461318,1.8625233480880048,0.9784799225370564,-0.07517109123234092,-0.4732010331637432,294.66643740247173,615.9177755980033,601.3328748049435
