d_t,d_h,thres,nDT,timeHin,bias,LL,BIC,AIC
1.5872762207493734,1.9993763554783788,2.514946614516328,0.9847210590255019,-0.18019589373493713,0.8575895750657057,285.71872070435103,597.6541285235041,583.43744140870206
