d_t,d_h,thres,nDT,timeHin,bias,LL,BIC,AIC
-1.90515552814949,1.9984598244539233,2.902092000848256,0.9896443269537359,-0.09903073716186775,0.9982892924685447,146.4120947671668,314.6497064926919,304.8241895343336
