d_t,d_h,thres,nDT,timeHin,bias,LL,BIC,AIC
1.9787009317116466,1.9911192864108496,1.2518291568348956,0.9760918540053225,-0.12521965147647163,0.12611005812584752,294.79091731869835,616.1667354304566,601.5818346373967
