d_t,d_h,thres,nDT,timeHin,bias,LL,BIC,AIC
0.07005586843543754,1.989848059691917,2.086831200237165,0.993519179732247,-0.36721270050673216,0.994411410225364,101.39669407306282,221.8617111282133,214.79338814612564
