d_t,d_h,thres,nDT,timeHin,bias,LL,BIC,AIC
0.937838006533587,1.9854225877596596,1.8809124084189535,0.9870638637011347,-6.620365293223715e-4,-0.9987058739594326,43.68382186302261,102.75733987081443,99.36764372604522
