d_t,d_h,thres,nDT,timeHin,bias,LL,BIC,AIC
-1.998177457600832,1.9996085216772415,2.1995665322989226,0.9749440259036116,-0.15380754153475254,0.04811087927379965,280.6253961462369,587.542952100517,573.2507922924738
