d_t,d_h,thres,nDT,timeHin,bias,LL,BIC,AIC
-1.7050069612233074,1.9999898423604747,2.886580489625188,0.983777795393457,-0.07412537809885482,0.9681239617446289,53.703094720861706,124.0417217751621,119.40618944172341
