d_t,d_h,thres,nDT,timeHin,bias,LL,BIC,AIC
1.9711752615488785,1.999946871157384,2.9914266051958056,0.9943644965393551,0.004441709530473355,0.8888178483473848,182.056411587902,387.3400292412514,376.112823175804
