d_t,d_h,thres,nDT,timeHin,bias,LL,BIC,AIC
-1.9390863708965609,1.9987336653593704,1.0703667823979985,0.9707216475115612,-0.16675863019793452,-0.05407741539826756,272.90707863119775,571.954410222533,557.8141572623955
