d_t,d_h,thres,nDT,timeHin,bias,LL,BIC,AIC
0.9857506786159389,1.9998330796490111,2.157145647990137,0.9757497517031155,-0.36520986572587505,-0.5887098943055938,161.4773087896654,346.05550318959115,334.9546175793308
