d_t,d_h,thres,nDT,timeHin,bias,LL,BIC,AIC
0.7136405801639076,1.95375989822989,1.561904341627638,0.9949855890297175,-0.021033773752126846,0.9998895885296835,288.4031837000818,598.3074810309002,588.8063674001636
