d_t,d_h,thres,nDT,timeHin,bias,LL,BIC,AIC
-0.5630046647911792,1.9937153144636375,1.8253134582191706,0.9849966366313769,-0.04478408300562434,0.9500365078264869,102.22231818949518,224.85182066896328,216.44463637899037
