d_t,d_h,thres,nDT,timeHin,bias,LL,BIC,AIC
-1.9988463996263806,1.9981785128255611,1.650136973472284,0.9948029220641844,-0.06692395444914657,0.9179407777136535,300.7622140830818,628.1803357051054,613.5244281661636
