d_t,d_h,thres,nDT,timeHin,bias,LL,BIC,AIC
-1.8875631361407208,1.9558879109739342,1.662277901898984,0.9702408983567148,-0.13337587554016017,0.7401074732088916,154.31920435367306,330.77168543202976,320.6384087073461
