d_t,d_h,thres,nDT,timeHin,bias,LL,BIC,AIC
1.7340433603912604,1.7627472965715663,1.2707534279777501,0.9942921849257088,-0.051953812222530815,0.9997993001011465,295.0517556878474,611.7690188515601,602.1035113756948
