d_t,d_h,thres,nDT,timeHin,bias,LL,BIC,AIC
-1.395165114237954,1.994904489439371,1.2520446821551587,0.9849372884236839,-0.00536492251939244,0.9993043465773384,68.22741600183457,153.09036433710781,148.45483200366914
