d_t,d_h,thres,nDT,timeHin,bias,LL,BIC,AIC
1.9954741233057085,1.999922272462244,1.0281136966327518,0.9831072398275275,-0.08476398319384824,-0.5142927425250533,277.7419834991044,581.9242824817943,567.4839669982088
