d_t,d_h,thres,nDT,timeHin,bias,LL,BIC,AIC
-1.8389850971294028,1.9976421112644402,2.8391800314871256,0.9830212589379733,-0.15782340728748384,0.9717199188613815,303.0039908083805,631.9129102979788,618.007981616761
