d_t,d_h,thres,nDT,timeHin,bias,LL,BIC,AIC
-1.6909752599895,1.9974419792524336,1.0803400378931178,0.9854759390854035,-0.007878617052205163,0.9980684722412306,74.76861229265526,166.53650464964784,161.53722458531053
