d_t,d_h,thres,nDT,timeHin,bias,LL,BIC,AIC
-0.9397611459368942,1.9950358199971618,2.810021346179322,0.9941708100683725,-0.10077703787779704,0.8635306139108625,268.62770417292126,563.3182408769646,549.2554083458425
