d_t,d_h,thres,nDT,timeHin,bias,LL,BIC,AIC
-1.9112216523060424,1.972300720904418,2.6873915155541193,0.9792406669175083,-0.16870259587415165,0.800887034573886,152.91568985113398,327.9646564269516,317.83137970226795
