d_t,d_h,thres,nDT,timeHin,bias,LL,BIC,AIC
-0.21170853771556733,1.9995449712503284,1.3368356665919319,0.9843848183185928,-0.0022689241920397464,0.3542375181772093,292.3335178625376,611.3931195025962,596.6670357250752
