d_t,d_h,thres,nDT,timeHin,bias,LL,BIC,AIC
-0.39393328105091846,1.9982043871201496,1.4588882017506877,0.9909494566091086,-0.06156775999799491,0.8163179473739278,284.5119354418773,595.4641863673402,581.0238708837546
