d_t,d_h,thres,nDT,timeHin,bias,LL,BIC,AIC
-1.994490876734661,1.9960016866015033,1.4099842849363866,0.972398822860268,-0.14511895608740882,0.8167496931744285,96.69641462342427,213.1678504428745,205.39282924684855
