d_t,d_h,thres,nDT,timeHin,bias,LL,BIC,AIC
-1.8421469731256366,1.9923441435923033,1.418939309129486,0.9809964595621302,-0.16278732784870728,0.9654550221130981,307.4168452486339,640.6580810564927,626.8336904972678
