d_t,d_h,thres,nDT,timeHin,bias,LL,BIC,AIC
1.8411197336388851,1.9968739215206026,2.3302292990331144,0.9943412868226258,-0.0709362838329295,0.9999422538520045,279.3608890952841,582.8738883349791,570.7217781905682
