d_t,d_h,thres,nDT,timeHin,bias,LL,BIC,AIC
1.9959597934359676,1.9949957354908936,1.9850750003010036,0.9874172596788373,-0.10056837900019205,0.8352534973546821,269.84515330836336,565.2663858789746,551.6903066167267
