d_t,d_h,thres,nDT,timeHin,bias,LL,BIC,AIC
0.4840005266315685,1.99091096546631,2.3112117862834705,0.9860376250026611,-0.03936446727136631,0.6463598259949032,281.37802945094353,589.1227538299217,574.7560589018871
