d_t,d_h,thres,nDT,timeHin,bias,LL,BIC,AIC
1.9876923992082274,1.9900740760536932,1.7496823922935971,0.99571380535013,-0.07614079631191889,0.9999155623843846,284.45289881653855,593.057907777488,580.9057976330771
