d_t,d_h,thres,nDT,timeHin,bias,LL,BIC,AIC
-1.9884663740535897,1.9951637453885998,1.2104581435453605,0.9944966171452734,-0.06012451878323985,0.8908816264112652,302.6126657249522,631.8812389888462,617.2253314499044
