d_t,d_h,thres,nDT,timeHin,bias,LL,BIC,AIC
-1.0310777137893006,1.9965026817243698,1.5290378057578144,0.9867919696642127,-0.006807698608907347,0.9585743520098824,240.78597032108883,507.0629120944738,493.57194064217765
