d_t,d_h,thres,nDT,timeHin,bias,LL,BIC,AIC
1.9976332929933986,1.9997017357794697,2.167370357110266,0.9858421148430659,-0.08707021982249126,-7.048507227493533e-4,301.2553316952737,629.3061121024749,614.5106633905474
