d_t,d_h,thres,nDT,timeHin,bias,LL,BIC,AIC
1.902427601295414,1.9979350112800884,2.117596478193558,0.9874953101424163,-0.09290290321095748,0.9056374488991229,286.6712891489779,599.7828937815414,585.3425782979558
