d_t,d_h,thres,nDT,timeHin,bias,LL,BIC,AIC
0.19843718208061695,1.997248222795046,2.1274401658073345,0.984247239556627,-0.010451812136099137,0.48285088870907233,282.6939306867408,591.7545563015162,577.3878613734817
