d_t,d_h,thres,nDT,timeHin,bias,LL,BIC,AIC
0.807992339292847,1.9984288969274597,1.96175218163854,0.9830964778675335,0.006188623422721959,0.993483997834132,103.23592049838803,226.87902528674897,218.47184099677605
