d_t,d_h,thres,nDT,timeHin,bias,LL,BIC,AIC
1.9917562376210398,1.988312924055932,2.0323034666686155,0.9953175165366654,-0.052855098138810376,0.9948494667351374,102.12939526685031,224.46256551361947,216.25879053370062
