d_t,d_h,thres,nDT,timeHin,bias,LL,BIC,AIC
1.9068520294164144,1.9942801893126927,1.2050510568675747,0.9861485130420635,-0.15195323893679671,0.9971444649748986,274.29178767215194,573.8117310606497,560.5835753443039
