d_t,d_h,thres,nDT,timeHin,bias,LL,BIC,AIC
1.8672487079288624,1.999908886926962,1.0735580932348965,0.9757807937632078,-0.0846087288700116,-0.6747800878660597,154.93397897694476,332.5730957573991,321.8679579538895
