d_t,d_h,thres,nDT,timeHin,bias,LL,BIC,AIC
-1.916096636864219,1.999375621174766,1.6160501291713008,0.9777847314715871,-0.13240492570810175,-0.7044463227283233,122.75352270397947,267.0081590386956,257.5070454079589
