d_t,d_h,thres,nDT,timeHin,bias,LL,BIC,AIC
1.9985209235451356,1.9996764051286327,2.287618322364445,0.9808000351456632,-0.070689692956926,0.04740377455670505,284.0717518911302,594.5838192658459,580.1435037822604
