d_t,d_h,thres,nDT,timeHin,bias,LL,BIC,AIC
-1.8731557735670166,1.9890390535774627,1.8597042562888473,0.9952957925410162,-0.04500019213418613,0.9861338716489931,276.3365750228815,578.9653098538063,564.673150045763
