d_t,d_h,thres,nDT,timeHin,bias,LL,BIC,AIC
1.907788642140926,1.9954879986620115,1.4303074764333803,0.994524297169181,-0.07682425693105127,0.9627569774844474,270.23658396603014,566.4575679737783,552.4731679320603
