d_t,d_h,thres,nDT,timeHin,bias,LL,BIC,AIC
0.6517406231337212,1.9994011782013499,2.21936577945429,0.9946678786677486,-0.02391452050043536,0.8102782594193582,278.8092641571425,583.9852232423195,569.618528314285
