d_t,d_h,thres,nDT,timeHin,bias,LL,BIC,AIC
-1.508390366963745,1.9986203408298533,2.5462130443137245,0.98947443966278,-0.05705975175197947,0.9315616140649435,302.03120409743894,630.9264290817471,616.0624081948779
