d_t,d_h,thres,nDT,timeHin,bias,LL,BIC,AIC
1.9528600262826343,1.9905171009275155,2.909567781939449,0.9949347794927301,-0.039184186031051116,0.999804341669441,272.35190775210316,570.6882155459243,556.7038155042063
