d_t,d_h,thres,nDT,timeHin,bias,LL,BIC,AIC
1.9895273089879422,1.99940771566195,1.89343223615188,0.9805645522085789,-0.07001171486157942,0.8822002665038803,136.43717859815638,294.2064455652492,284.87435719631276
