d_t,d_h,thres,nDT,timeHin,bias,LL,BIC,AIC
-0.06042493774634472,1.9990078176901946,2.537164703384042,0.9837201917907502,-0.0035826477854185024,0.7346722966039325,250.22547244314563,526.1109416003876,512.4509448862913
