d_t,d_h,thres,nDT,timeHin,bias,LL,BIC,AIC
1.9834864491789077,1.9974095984614975,1.5742760914256837,0.9827823219295184,-0.06348872893102699,0.8382062421828156,129.5950634153982,280.52221519973284,271.1901268307964
