d_t,d_h,thres,nDT,timeHin,bias,LL,BIC,AIC
1.9839122752126492,1.9913567842531972,0.8310962365408936,0.9580947988871634,-0.11666675188484112,0.1102645022901704,303.17639696493313,633.0087014688081,618.3527939298663
