d_t,d_h,thres,nDT,timeHin,bias,LL,BIC,AIC
1.9429812641321684,1.9985972744756906,1.8094003648657608,0.9590696807554149,-0.13709698201343137,0.1015927304182282,314.41608625096165,655.6961933887926,640.8321725019233
