d_t,d_h,thres,nDT,timeHin,bias,LL,BIC,AIC
-1.9626980827704235,1.9998597413052914,2.503794826672834,0.9886237548600793,-0.05579338496154403,0.969692698244665,270.6664118925472,566.9928204991908,553.3328237850944
