d_t,d_h,thres,nDT,timeHin,bias,LL,BIC,AIC
-1.996925974059462,1.9997810897564077,2.335223937285397,0.9929790732346878,-0.07578715563257135,0.9038200784856043,261.1063990554829,547.5298443420224,534.2127981109658
