d_t,d_h,thres,nDT,timeHin,bias,LL,BIC,AIC
0.37740435261663685,1.9997016286995388,1.805235471834116,0.9944172515543287,-0.04486265381303839,0.9995992760768302,241.5706641494725,506.24221390920536,495.141328298945
