d_t,d_h,thres,nDT,timeHin,bias,LL,BIC,AIC
1.7520610190642012,1.9996130603079534,2.019211721018523,0.9943648227023257,-0.14028561049699204,0.9310584668481773,197.81792944249125,419.34332119647104,407.6358588849825
