d_t,d_h,thres,nDT,timeHin,bias,LL,BIC,AIC
-1.9924877775354537,1.9994915844789614,1.4055378338919122,0.9992532274495828,-0.0807011671426597,0.9953945355782463,167.2633293085628,357.09385931128696,346.5266586171256
