d_t,d_h,thres,nDT,timeHin,bias,LL,BIC,AIC
1.1803734532293086,1.9499045037108587,0.9777879171559802,0.9972811850501138,-0.044341181182066605,0.9992730756398346,241.19276775312198,505.2255104448659,494.38553550624397
