d_t,d_h,thres,nDT,timeHin,bias,LL,BIC,AIC
-1.974860005959848,1.994961857627155,2.802139466354797,0.994405808686809,-0.02908371024361069,0.8701779502732452,287.0623257260219,600.7095522451037,586.1246514520438
