d_t,d_h,thres,nDT,timeHin,bias,LL,BIC,AIC
-1.9836496503718846,1.9993664540703366,1.7174596730403109,0.9840412096827253,-0.20482236156428052,0.49210998250247595,292.3867635872624,611.3584279675847,596.7735271745248
