d_t,d_h,thres,nDT,timeHin,bias,LL,BIC,AIC
1.9449946321867535,1.9926397555666324,0.8206481635064345,0.9767827537220406,-0.13183252385025582,-0.2511950284653607,290.7030428757513,607.8464012350881,593.4060857515026
