d_t,d_h,thres,nDT,timeHin,bias,LL,BIC,AIC
-1.141552723325627,1.9976589230462802,2.1350686079905756,0.9831090050930001,-0.08489241843192709,0.7406236447993236,291.5732980390801,609.6596397249398,595.1465960781602
