d_t,d_h,thres,nDT,timeHin,bias,LL,BIC,AIC
1.8761189101837616,1.9864928380105453,2.2558260368456478,0.9505694300745431,-0.15855364056463445,0.5703996445889328,235.96323666145824,496.07858346732735,483.9264733229165
