d_t,d_h,thres,nDT,timeHin,bias,LL,BIC,AIC
1.9677726093291943,1.9955507402159038,1.9200137023077128,0.9515932727769028,-0.14635308260426977,0.6871768878932574,226.56520507214015,477.06431442366596,465.1304101442803
