d_t,d_h,thres,nDT,timeHin,bias,LL,BIC,AIC
1.9820215507146055,1.9946009408998562,1.3914297514350809,0.946575878479556,-0.11749741274870401,0.20584058355930038,49.656368545154216,115.14708106799998,111.31273709030843
