d_t,d_h,thres,nDT,timeHin,bias,LL,BIC,AIC
-0.14614065375482155,1.9949779549098507,2.4916387781226192,0.9845031110736652,0.0039632660404992325,0.9651914835600675,300.4738615442085,627.5326238814769,612.947723088417
