d_t,d_h,thres,nDT,timeHin,bias,LL,BIC,AIC
-1.9924492421232423,1.9939168564092284,1.7826947494341365,0.9837405601335266,-0.02467782483013766,0.9403118358488896,285.1768186620073,596.7203322520493,582.3536373240146
