d_t,d_h,thres,nDT,timeHin,bias,LL,BIC,AIC
-0.2905499209529334,1.996464477697824,1.0435127542605858,0.9839110111832402,-0.013848684683614203,-0.5628825620904961,164.59663532411628,352.5441924368963,341.19327064823256
