d_t,d_h,thres,nDT,timeHin,bias,LL,BIC,AIC
1.947862483561039,1.999668226037436,1.4935568812954798,0.9944655775043914,-0.1093680083368394,0.9900124023764076,87.52895681956969,194.37116858834858,187.05791363913937
