d_t,d_h,thres,nDT,timeHin,bias,LL,BIC,AIC
0.9465895484117548,1.9458424293376226,0.7768351596278558,0.9994426423626394,4.4852093639741446e-4,0.9986771618870014,90.37736432567387,200.30330787947662,192.75472865134773
