d_t,d_h,thres,nDT,timeHin,bias,LL,BIC,AIC
-1.6739323035808862,1.9999367217772162,1.3622351998463271,0.9943622614357872,-0.05598639386765347,0.9314364268278218,260.7885685066589,547.3198936602082,533.5771370133178
