d_t,d_h,thres,nDT,timeHin,bias,LL,BIC,AIC
-0.1599693554227872,1.9879433298212172,1.6545789103526476,0.9864972930483926,-0.01715301859045634,0.8975882861179934,296.494712458217,619.4297404000196,604.989424916434
