d_t,d_h,thres,nDT,timeHin,bias,LL,BIC,AIC
-1.3390201891576972,1.8408083803604813,2.843356933258474,0.9929992272300392,-0.051994661165965225,0.9982209461705112,293.7542034877218,600.6917544394609,599.5084069754436
