d_t,d_h,thres,nDT,timeHin,bias,LL,BIC,AIC
1.857425425378409,1.9999594813389066,1.0478979115817413,0.9852439850625159,-0.08394830029766648,-0.6410203786027723,167.80264662442605,359.07743128142096,347.6052932488521
