d_t,d_h,thres,nDT,timeHin,bias,LL,BIC,AIC
-1.984218759061447,1.992514548468504,2.588731379605891,0.9688365705903771,-0.1232168174868051,0.5096905439877804,306.729741183206,640.1153899053538,625.459482366412
