d_t,d_h,thres,nDT,timeHin,bias,LL,BIC,AIC
-1.980903090799497,1.998340028450845,0.8415680780394743,0.9834947660101644,-0.12724022928213052,0.7315518052071096,297.16270417959873,620.9813158981393,606.3254083591975
