d_t,d_h,thres,nDT,timeHin,bias,LL,BIC,AIC
-1.9679861166345738,1.99856236251607,2.8513005463126673,0.9946118810250174,-0.06630728306527539,0.9825045746203789,285.7939819777483,597.8046510702986,583.5879639554965
