d_t,d_h,thres,nDT,timeHin,bias,LL,BIC,AIC
-0.7356646825456256,1.9949209234362686,1.6840076680330216,0.9933091335069887,-0.038987624076713925,0.931943578186512,279.93729715600944,585.8589943537369,571.8745943120189
