d_t,d_h,thres,nDT,timeHin,bias,LL,BIC,AIC
-1.7523907974419977,1.999019315079998,1.3511350036524488,0.9703543720065498,-0.09700823905869516,0.5709644090990269,275.1865809916366,576.5898490980753,562.3731619832732
