d_t,d_h,thres,nDT,timeHin,bias,LL,BIC,AIC
1.9784087253362155,1.998865700898175,2.2256359373022265,0.978937309394703,-0.07449433825421013,-0.7214806293652106,284.8421067174134,596.1972570816064,581.6842134348268
