d_t,d_h,thres,nDT,timeHin,bias,LL,BIC,AIC
1.911200450898787,1.900210958834369,0.7483372349836666,0.9884347746612537,-0.1815451303806282,0.9921303699112886,284.8669362425809,595.7967050162839,581.7338724851618
