d_t,d_h,thres,nDT,timeHin,bias,LL,BIC,AIC
1.7009818548619404,1.997577570029104,1.7298828194557925,0.9955331681819878,-0.05782147020206157,0.998669983862844,217.96808108592433,460.50222954518125,447.93616217184865
