d_t,d_h,thres,nDT,timeHin,bias,LL,BIC,AIC
1.9750448905450366,1.999634616716891,2.370913677800116,0.9933817881553904,-0.07636432674968234,0.9977957367883915,220.64434307227532,463.4219628692343,453.28868614455064
