d_t,d_h,thres,nDT,timeHin,bias,LL,BIC,AIC
1.9564227070082905,1.9977362138673067,1.8682019701969912,0.9753823428049575,-0.16363955270555894,-0.27449866471710016,293.8109200236008,614.2067408402614,599.6218400472015
