d_t,d_h,thres,nDT,timeHin,bias,LL,BIC,AIC
-1.978089105351077,1.9997241837946167,2.1847264428731163,0.9959320150005705,-0.03044322195028311,0.9983209027826535,73.93798688806336,165.85036741745068,159.87597377612673
