d_t,d_h,thres,nDT,timeHin,bias,LL,BIC,AIC
1.8951913109840386,1.9992988363984947,2.699190863035619,0.9755845588619623,-0.11684790106793497,-0.1624654167806573,247.91220699495224,521.5671706367948,507.8244139899045
