d_t,d_h,thres,nDT,timeHin,bias,LL,BIC,AIC
1.8875422973755507,1.9996587937030104,0.9796427592213286,0.9771562912981778,-0.13610438084409793,-0.11665968664199666,252.35821177255255,530.5408141043301,516.716423545105
