d_t,d_h,thres,nDT,timeHin,bias,LL,BIC,AIC
-1.8719756238902434,1.9963708295516611,0.979364986717701,0.9945062380873383,-0.07057421081058056,0.9991700044055372,70.67675021860015,159.32789407852425,153.3535004372003
