d_t,d_h,thres,nDT,timeHin,bias,LL,BIC,AIC
1.0994716546813705,1.9997724378313955,1.4628926994279028,0.9848195559804501,-0.07197629875834874,0.770340893421527,74.96865302619223,168.48356077253436,161.93730605238446
