d_t,d_h,thres,nDT,timeHin,bias,LL,BIC,AIC
1.9441004263725203,1.9909835209186506,2.0210978731513025,0.994575744198865,-0.0388223892137613,0.893945818392528,87.33971982961286,194.2280188873546,186.67943965922572
