d_t,d_h,thres,nDT,timeHin,bias,LL,BIC,AIC
-1.3950623805335756,1.9948472709224978,2.7469490199623663,0.9897754152078447,-0.04139567777965551,0.8909720991156015,290.7150369675576,607.8703894187007,593.4300739351152
