d_t,d_h,thres,nDT,timeHin,bias,LL,BIC,AIC
1.9366531248232763,1.9998231700460833,2.847297246940434,0.982805054444243,-0.07846720074295731,-0.32086894506469466,266.44726232594945,558.957357183021,544.8945246518989
