d_t,d_h,thres,nDT,timeHin,bias,LL,BIC,AIC
-1.9510643466065014,1.9884356863979333,2.350970091484487,0.9942056793438067,-0.03438522727496497,0.859067921085272,174.2982341057157,372.06860624400025,360.5964682114314
