d_t,d_h,thres,nDT,timeHin,bias,LL,BIC,AIC
0.3097562287425395,1.9995694273571745,2.1741855665934997,0.985508960669142,-0.9605351430959113,0.05336542742611304,157.8855877642845,338.61115046719095,327.771175528569
