d_t,d_h,thres,nDT,timeHin,bias,LL,BIC,AIC
1.9248664154228925,1.9920269738450755,1.3410545713169069,0.9943444561336143,-0.15418498353441573,0.8780929454413849,299.7437717168489,625.4719434754159,611.4875434336979
