d_t,d_h,thres,nDT,timeHin,bias,LL,BIC,AIC
1.9327327386644932,1.9999952171724353,1.4797721295939636,0.9857862340121912,-0.11806981813839754,0.8685613218629374,280.32043546130103,586.3008676366984,572.6408709226021
