d_t,d_h,thres,nDT,timeHin,bias,LL,BIC,AIC
-1.9309968879982953,1.9867939317147534,2.3731954046465846,0.9939142622947801,-0.04329485356828823,0.9969801942667229,252.08092799167517,529.8218526974466,516.1618559833503
