d_t,d_h,thres,nDT,timeHin,bias,LL,BIC,AIC
1.9210030908148943,1.9920495786667187,1.2680567460134626,0.9769973158271403,-0.06788100330825228,-0.39381234423831885,264.0796368176112,553.8192703493187,540.1592736352223
