d_t,d_h,thres,nDT,timeHin,bias,LL,BIC,AIC
1.0532155363096372,1.9983292350996986,1.9602507376455103,0.9721277812753735,-0.2963425216720561,0.8267867281941179,105.52173651446918,231.03670008998958,223.04347302893837
