d_t,d_h,thres,nDT,timeHin,bias,LL,BIC,AIC
1.9709125407513883,1.9966518007102336,1.314424272067845,0.9866033930871086,-0.11872302894790898,0.4192504563046409,297.63280945346503,622.1296397937992,607.2656189069301
