d_t,d_h,thres,nDT,timeHin,bias,LL,BIC,AIC
-1.9838235166359082,1.9999482159290594,2.189994070424709,0.9830842449841012,-0.12013882179336449,0.621200553914047,254.68714925417734,535.117055155245,521.3742985083547
