d_t,d_h,thres,nDT,timeHin,bias,LL,BIC,AIC
1.989190869739369,1.9995770577910943,1.2780814476777693,0.9757933418278131,-0.09566039251773195,0.25061657615381044,91.4370390981906,202.64909939240715,194.8740781963812
