d_t,d_h,thres,nDT,timeHin,bias,LL,BIC,AIC
-1.9792810028771324,1.9994191620180006,0.9961769642179095,0.984177592236955,-0.11740693280417926,0.2943195020826965,243.92910224013872,513.262843507861,499.85820448027744
