d_t,d_h,thres,nDT,timeHin,bias,LL,BIC,AIC
0.32943989991788025,1.999712871537998,1.8499563840415558,0.976696135595227,0.001636803382368283,0.1141936925972248,101.46062702316961,223.32843833631216,214.92125404633921
