d_t,d_h,thres,nDT,timeHin,bias,LL,BIC,AIC
1.9557739296191246,1.998928759051447,2.7643529433757066,0.9857227681091145,-0.09268718222611103,-0.6651054880537183,296.5768362484729,620.017693383815,605.1536724969458
