d_t,d_h,thres,nDT,timeHin,bias,LL,BIC,AIC
-1.9745779367965208,1.993050355952928,1.8866158221551195,0.9839480898860672,-0.04538985707859448,0.835072175545951,300.0631683463764,626.7112374858127,612.1263366927528
