d_t,d_h,thres,nDT,timeHin,bias,LL,BIC,AIC
1.9007847772464626,1.993294606075301,2.426694834470722,0.9832469276062001,-0.049618426049023646,0.828247078503262,298.77242679905515,623.0358250504065,609.5448535981103
