d_t,d_h,thres,nDT,timeHin,bias,LL,BIC,AIC
-1.995523272655902,1.9968531586395586,0.9248269577919623,0.9853983392663138,-0.04607679917204707,0.8832284140380199,304.46808890071065,635.8001986882905,620.9361778014213
