d_t,d_h,thres,nDT,timeHin,bias,LL,BIC,AIC
1.9608061916506856,1.9979169256931146,1.926893644966185,0.983973379448258,-0.12433943440779235,0.6453600870992927,190.96185635879593,406.0758228620027,393.92371271759185
