d_t,d_h,thres,nDT,timeHin,bias,LL,BIC,AIC
-1.9910343618343103,1.9926538213961695,1.489239778906098,0.97364425571197,-0.13563425807145293,0.3942250679807771,303.65423482452957,634.0345534265801,619.3084696490591
