d_t,d_h,thres,nDT,timeHin,bias,LL,BIC,AIC
1.9925023756740925,1.9945377954564372,1.9134843534743036,0.9942512412348078,-0.040677675464352754,0.7535161343149888,137.57619876922635,297.43382993867857,287.1523975384527
