d_t,d_h,thres,nDT,timeHin,bias,LL,BIC,AIC
-1.0705096671342387,1.998623030885826,2.4252541566030654,0.9844748034915374,-0.05750400817939546,0.9047700094626846,220.53162882958182,465.42591572244214,453.06325765916364
