d_t,d_h,thres,nDT,timeHin,bias,LL,BIC,AIC
1.9969152430111854,1.9986492470468276,1.9722165488651713,0.9763379951700378,-0.11750193803694348,0.5720828410788911,181.76530241910194,387.3523563195166,375.5306048382039
