d_t,d_h,thres,nDT,timeHin,bias,LL,BIC,AIC
1.9895168422565401,1.9980957703415272,1.8371820142232724,0.9802528829440567,-0.17041199698532317,0.7960828870162892,287.2251837032558,600.8906828900972,586.4503674065116
