d_t,d_h,thres,nDT,timeHin,bias,LL,BIC,AIC
-1.6434644190925942,1.9966436137945405,2.5339773997659676,0.9751643064519347,-0.08282914942326541,0.8379284643872851,229.3858904437429,483.63058924583504,470.7717808874858
