d_t,d_h,thres,nDT,timeHin,bias,LL,BIC,AIC
0.6515238773658745,1.9813562744913258,2.2321731066262807,0.9756576842771525,-0.058196229874843367,0.7587294303614157,307.6604255319294,641.0636077107491,627.3208510638588
