d_t,d_h,thres,nDT,timeHin,bias,LL,BIC,AIC
-1.9424918501175688,1.98807723917312,2.2552640455140263,0.9962868463977136,-0.014820281551680912,0.5505843631316037,123.72618070076852,268.95347503227373,259.452361401537
