d_t,d_h,thres,nDT,timeHin,bias,LL,BIC,AIC
-1.3743419343801209,1.9800543202434573,1.0658096065892149,0.9833139994542052,-0.12055130225394978,0.9050299142899929,276.2373991931806,577.9657698386574,564.4747983863612
