d_t,d_h,thres,nDT,timeHin,bias,LL,BIC,AIC
-1.847558576015179,1.9941471568546063,0.6977895336225628,0.9945100618442455,-0.0386833981101074,0.9736917861174484,108.68611740515956,237.97615803723,229.37223481031913
