d_t,d_h,thres,nDT,timeHin,bias,LL,BIC,AIC
1.8533810914669369,1.918140431083315,1.301269494742155,0.9917397396185101,-0.055279303101641,0.9377215721448586,259.7847728823394,544.7074742168373,531.5695457646788
