d_t,d_h,thres,nDT,timeHin,bias,LL,BIC,AIC
1.9919490696126705,1.9976219762329372,2.4490509616211056,0.9735601657321558,-0.10558602740688208,0.48008568318722394,241.19534461083467,507.8816606739655,494.39068922166933
