d_t,d_h,thres,nDT,timeHin,bias,LL,BIC,AIC
1.6434893122405214,1.9986896321662473,0.600119058371896,0.978011141102171,-0.14334789517278915,-0.5838995786177508,290.4499681181244,607.4129798830284,592.8999362362488
