d_t,d_h,thres,nDT,timeHin,bias,LL,BIC,AIC
1.9850619232183608,1.9998814856072094,1.752228539201751,0.9668562074078277,-0.10774424336313844,-0.5829380232610444,283.28253996780455,593.0053954191947,578.5650799356091
