d_t,d_h,thres,nDT,timeHin,bias,LL,BIC,AIC
1.8033800694746656,1.9874468323260335,1.7029326420709734,0.9573103013540981,-0.1304414876242355,0.1398888741784506,213.26956319214426,451.1051937576211,438.5391263842885
