d_t,d_h,thres,nDT,timeHin,bias,LL,BIC,AIC
-1.9710908057626708,1.9990498358645439,2.5975322670245236,0.9836816632576646,-0.09545421086413697,0.6891402314352275,167.66747976135952,358.6858813113828,347.33495952271903
