d_t,d_h,thres,nDT,timeHin,bias,LL,BIC,AIC
1.98132434285121,1.9974803573614668,2.485730697400868,0.9839075967071126,-0.07406986815065969,0.6525948924499508,195.44120204076535,414.81630836091637,402.8824040815307
