d_t,d_h,thres,nDT,timeHin,bias,LL,BIC,AIC
1.982393203173394,1.9952061444474447,0.9838293420557211,0.9726784077936185,-0.10024964130251744,0.18814137789899643,181.17686919775082,385.9446921918476,374.35373839550164
