d_t,d_h,thres,nDT,timeHin,bias,LL,BIC,AIC
1.9148606554512122,1.9949584607603559,1.188451076032879,0.968451957323742,-0.15251347031245988,0.16189142658188033,284.57029260594294,595.5809006954714,581.1405852118859
