d_t,d_h,thres,nDT,timeHin,bias,LL,BIC,AIC
0.23487226365382624,1.9987230255195394,2.427341406597182,0.9467177089483358,0.0336053078362544,0.10661716314814519,288.7327910621896,603.9058976079648,589.4655821243792
