d_t,d_h,thres,nDT,timeHin,bias,LL,BIC,AIC
-0.06537237949669361,1.9904827462840293,2.3176717542245258,0.9934866405932193,-0.00990151730352673,0.8316893268700088,301.1270828658662,629.1859839501253,614.2541657317324
