d_t,d_h,thres,nDT,timeHin,bias,LL,BIC,AIC
0.911149428062069,1.9860995980797305,2.242091448784077,0.9942095289254615,-0.06773970775550463,0.9587325841219843,111.54776180415487,243.8899390251081,235.09552360830975
