d_t,d_h,thres,nDT,timeHin,bias,LL,BIC,AIC
1.9459666417629986,1.993540269465945,0.7986081635579466,0.9758682736624532,-0.14719245889680602,0.02410093083324912,284.873204788337,596.1131045047086,581.746409576674
