d_t,d_h,thres,nDT,timeHin,bias,LL,BIC,AIC
0.18912816606462002,1.9974918662449186,2.7591008523479106,0.9631888286008781,0.011377318661362046,-0.5660993162291691,185.61175513896077,395.0452617592343,383.22351027792155
