d_t,d_h,thres,nDT,timeHin,bias,LL,BIC,AIC
-0.4850416994494235,1.998391058985339,2.9646495345192845,0.9840474808764139,-0.07505854192942843,0.8362493561373159,301.76696251058445,630.3979459080381,615.5339250211689
