d_t,d_h,thres,nDT,timeHin,bias,LL,BIC,AIC
0.21461395453461166,1.9988226473382753,1.3274521434852944,0.9812046429001138,-0.03488260575176005,-0.8887368487870723,130.80065600444482,283.5826818856675,273.60131200888964
