d_t,d_h,thres,nDT,timeHin,bias,LL,BIC,AIC
1.9747116300381,1.9979933622806416,2.5945525165647267,0.9814253652845035,-0.05066964872991868,-0.8479457217814119,271.2492035236909,568.7150941621838,554.4984070473818
