d_t,d_h,thres,nDT,timeHin,bias,LL,BIC,AIC
1.9510969503779625,1.9961228467895382,1.1726071696898543,0.9950418422788916,-0.011445966205681387,0.9971586175349262,36.91570097745972,87.64691251288372,85.83140195491944
