d_t,d_h,thres,nDT,timeHin,bias,LL,BIC,AIC
0.4134011878799611,1.9937162084560505,2.646191636191648,0.9800218362952604,0.013173539237350242,0.41981382527667377,290.77731232105936,608.0676682888983,593.5546246421187
