d_t,d_h,thres,nDT,timeHin,bias,LL,BIC,AIC
-1.9954795997157917,1.9993867560893315,1.2138165199332824,0.9843717125200407,-0.10496366390922536,0.16751143011395406,284.13853466535863,594.8619701237772,580.2770693307173
