d_t,d_h,thres,nDT,timeHin,bias,LL,BIC,AIC
0.6008994588731513,1.9996818067564666,1.1340295780261616,0.9840677177643746,-0.1727729603907771,0.6484697487497757,306.03567271420224,638.4380403564392,624.0713454284045
