d_t,d_h,thres,nDT,timeHin,bias,LL,BIC,AIC
-1.993313570077319,1.9971529764174885,1.8148929223900896,0.9838477716674104,-0.10025465736579289,0.8034038803675405,290.4693696077198,607.5236400084995,592.9387392154396
