d_t,d_h,thres,nDT,timeHin,bias,LL,BIC,AIC
1.9899448772242787,1.977877021706531,1.898929497683243,0.9815147668477008,-0.10544752411523765,-0.7157264557153808,309.23131467638206,645.394447571157,630.4626293527641
