d_t,d_h,thres,nDT,timeHin,bias,LL,BIC,AIC
1.0581587768092875,1.59794546818536,1.0691231712698936,0.9944008211502539,0.015922916642638237,0.9994063462171792,218.21019450670772,457.5785521611124,448.42038901341544
