d_t,d_h,thres,nDT,timeHin,bias,LL,BIC,AIC
-1.9827720818250838,1.9985447469661357,1.106697635684863,0.9943273239702644,-0.045063030393381574,0.7950127024206199,231.6679185060401,488.65288324313684,475.3358370120802
