d_t,d_h,thres,nDT,timeHin,bias,LL,BIC,AIC
1.8043998455423644,1.9979900770127808,1.8816498162068882,0.9995391709044386,-0.036638133039428394,0.9986379294159103,224.26364406564952,473.7554438476448,460.52728813129903
