d_t,d_h,thres,nDT,timeHin,bias,LL,BIC,AIC
1.8387957984869596,1.9992667993771673,2.2630067879731377,0.994260216890967,-0.10397559980152435,0.9985360256569182,214.74381268249658,454.4409238651512,441.48762536499316
