d_t,d_h,thres,nDT,timeHin,bias,LL,BIC,AIC
-1.9785443042861164,1.9936881246301992,1.5236089673894915,0.9746106527581649,-0.09931419414538285,0.7479368735696107,314.7402642648861,655.7726883378155,641.4805285297722
