d_t,d_h,thres,nDT,timeHin,bias,LL,BIC,AIC
-0.045490105636417866,1.9989617265935644,1.8341987981551133,0.9832732796098942,-0.028323012589451496,0.6757956086801519,243.92547241942256,513.427024101093,499.8509448388451
