d_t,d_h,thres,nDT,timeHin,bias,LL,BIC,AIC
1.073227360413388,1.9997886123695814,2.416816379277266,0.9835573823980865,-0.06505356673984157,-0.498972508952734,263.37397283075234,552.8107781926268,538.7479456615047
