d_t,d_h,thres,nDT,timeHin,bias,LL,BIC,AIC
0.041133105496393485,1.9975825011688648,2.6781964807265934,0.9932867527585828,-0.014099656116357724,0.8586195517228887,285.1736843497026,596.8604123461848,582.3473686994053
