d_t,d_h,thres,nDT,timeHin,bias,LL,BIC,AIC
-1.7816142362029734,1.9971662963845636,2.0715072456747294,0.9841614425696039,-0.12251615924038053,0.8589821618853578,295.07168879044923,616.7992851198403,602.1433775808985
