d_t,d_h,thres,nDT,timeHin,bias,LL,BIC,AIC
-1.995267181903231,1.9976055661148702,2.204043165094087,0.9946506572304485,-0.04563325326244864,0.9954653271846784,278.33342307893724,581.429652468145,568.6668461578745
