d_t,d_h,thres,nDT,timeHin,bias,LL,BIC,AIC
-1.9485938021561457,1.9923584393441107,2.0543665923790657,0.983939694338978,-0.17220910548531343,0.9190888007179361,271.785938367841,568.1379441090146,555.571876735682
