d_t,d_h,thres,nDT,timeHin,bias,LL,BIC,AIC
1.3884496574724239,0.6633861050096642,1.7263981526207497,0.9962294159766045,-0.061446472039808665,0.9979884772415832,184.9908585509875,390.1854920818938,381.981717101975
