d_t,d_h,thres,nDT,timeHin,bias,LL,BIC,AIC
1.8880919927120141,1.9705924408091562,1.706681789830327,0.9660536643872716,-0.12742099022465117,-0.22549490470298064,320.5960932372353,667.6325019580562,653.1921864744706
