d_t,d_h,thres,nDT,timeHin,bias,LL,BIC,AIC
-1.9755361048425242,1.9939787850763664,2.3144161983174047,0.9837328293956525,-0.10455724874119458,0.6242583586649401,285.6668111695754,597.8466659859304,583.3336223391508
