d_t,d_h,thres,nDT,timeHin,bias,LL,BIC,AIC
1.9344469211055535,1.9982354646301026,2.2874314071587496,0.9948612950580322,-0.10901144464243043,0.9992020535569824,281.05293847401936,588.3225640628408,574.1058769480387
