d_t,d_h,thres,nDT,timeHin,bias,LL,BIC,AIC
-1.7539828525235523,1.9969668062903034,1.875636269075932,0.9957069809569131,-0.030063300285564035,0.9920296299840791,226.73200420557063,478.5103320305151,465.46400841114126
