d_t,d_h,thres,nDT,timeHin,bias,LL,BIC,AIC
1.881647308983229,1.9991204606733128,1.4153079762270897,0.9943361883092238,-0.1464388660118297,0.9863880511446406,157.89391616952923,338.75968071799304,327.78783233905847
