d_t,d_h,thres,nDT,timeHin,bias,LL,BIC,AIC
-1.9894049357156671,1.9990780323414816,2.0660209754444256,0.9636379149134507,-0.09716414958063964,0.2817076120479176,233.5971544260983,492.0531172105458,479.1943088521966
