d_t,d_h,thres,nDT,timeHin,bias,LL,BIC,AIC
1.7188688317267378,1.981503551092966,2.8861887848004697,0.9999194374060205,-0.027944199577834776,0.9994806630813268,150.4171415893009,323.5394209821114,312.8342831786018
