d_t,d_h,thres,nDT,timeHin,bias,LL,BIC,AIC
-1.8491150797418068,1.9984432008240982,1.3212973702801398,0.9860419153244876,-0.06871535609160809,0.9266882923118532,302.0434342503629,630.3790283087691,616.0868685007258
