d_t,d_h,thres,nDT,timeHin,bias,LL,BIC,AIC
-1.3062755780582262,1.997197505800589,2.2416500523550296,0.9937368731487947,-0.08477432464028659,0.8524603510565526,255.14948473938736,535.7899409310709,522.2989694787748
