d_t,d_h,thres,nDT,timeHin,bias,LL,BIC,AIC
-1.1796195073920546,1.998189771662018,0.9950972247142518,0.9933674159149586,-0.0674226492714729,0.7636202266047584,273.4794895120565,573.3256739521476,558.958979024113
