d_t,d_h,thres,nDT,timeHin,bias,LL,BIC,AIC
1.9891892241090154,1.9922110137541835,2.0841002469923575,0.9905230477043283,-0.07096706696701617,0.9892476297673528,276.00251025472915,577.4096595370419,564.0050205094583
