d_t,d_h,thres,nDT,timeHin,bias,LL,BIC,AIC
-1.9289799398501937,1.9984065657631467,1.9349414054834133,0.9843487913032176,-0.1708115040400829,0.6483019273478293,299.3524251231993,624.6892502881166,610.7048502463986
