d_t,d_h,thres,nDT,timeHin,bias,LL,BIC,AIC
-1.9774983286685135,1.9981711034355756,1.5902151141666725,0.9728248371522266,-0.03646269079555117,0.6564625060047331,219.190426847538,462.9469210684086,450.380853695076
