d_t,d_h,thres,nDT,timeHin,bias,LL,BIC,AIC
0.2173853881016928,1.99971692501242,1.4879843646660447,0.984453768022199,-0.026588227074318335,0.9090102523262725,264.3499997306292,554.6049281424762,540.6999994612584
