d_t,d_h,thres,nDT,timeHin,bias,LL,BIC,AIC
0.19710765654007834,1.9879677750634233,2.2535892965140545,0.9684990699281701,0.011443714190953903,-0.4340169159773186,236.89732770229224,499.1117016356411,485.7946554045845
