d_t,d_h,thres,nDT,timeHin,bias,LL,BIC,AIC
1.5199815355877384,1.9964448985509133,1.1259644004085783,0.9896934825756267,-0.10855656889614375,0.9990533290737666,282.10954928410143,589.9618552150932,576.2190985682029
