d_t,d_h,thres,nDT,timeHin,bias,LL,BIC,AIC
-1.8642738505386236,1.9975872506491124,0.9779996800613462,0.9949990848430382,-0.08814210497359545,0.9991970873299716,284.60463315453467,595.5759612371039,581.2092663090693
