d_t,d_h,thres,nDT,timeHin,bias,LL,BIC,AIC
-1.9734713304914773,1.9956750369048035,1.5633170004684473,0.9953878190453137,-0.03605104970355187,0.9981776384326303,283.99386840054706,594.0505693322162,579.9877368010941
