d_t,d_h,thres,nDT,timeHin,bias,LL,BIC,AIC
1.96012535498511,1.991566952625991,0.8211626939836115,0.9832669438291525,-0.11089097432328662,0.5192263185935535,233.57436848668792,492.46578320443246,479.14873697337583
