d_t,d_h,thres,nDT,timeHin,bias,LL,BIC,AIC
0.0663153130275736,1.9974887101962986,1.207892114048836,0.9854606767273667,-0.00706598233664163,0.2851393848347756,298.2427304355042,623.3494817578776,608.4854608710084
