d_t,d_h,thres,nDT,timeHin,bias,LL,BIC,AIC
1.7425118181784454,1.984742378139494,0.7383253398255938,0.9749630563355645,-0.1264817546337146,-0.2154091244368877,288.47138743791743,603.3830903594204,588.9427748758349
