d_t,d_h,thres,nDT,timeHin,bias,LL,BIC,AIC
-0.7694820839940871,1.9990861213914866,0.8904093418902407,0.9872687964778275,-0.05480023486998975,0.9198658370971154,302.777349885422,632.280783548365,617.554699770844
