d_t,d_h,thres,nDT,timeHin,bias,LL,BIC,AIC
-1.681788407628227,1.9934831396116732,0.7975186710613684,0.9943478931373354,-0.071686032592921,0.9016450843175825,286.49209239347385,599.4245002705333,584.9841847869477
