d_t,d_h,thres,nDT,timeHin,bias,LL,BIC,AIC
-1.4432319229847845,1.997615901262761,1.4581021234995468,0.9944190713495275,-0.08662068261902074,0.9051488442202342,229.23788379065437,483.4290660814668,470.47576758130873
