d_t,d_h,thres,nDT,timeHin,bias,LL,BIC,AIC
1.9547492150001724,1.9954908850816515,2.6447062326595185,0.9730771386376998,-0.1533543970024107,0.16972263903162507,243.56357537853987,512.5317897846633,499.12715075707973
