d_t,d_h,thres,nDT,timeHin,bias,LL,BIC,AIC
-1.9183878749608994,1.9977454564595118,0.8157630756497383,0.9849426662087075,-0.18763011410744249,0.7335008582418743,264.69183636977857,555.288601420775,541.3836727395571
