d_t,d_h,thres,nDT,timeHin,bias,LL,BIC,AIC
-1.9752301323350567,1.997501638999249,1.7812163009899722,0.9866141527313641,-0.11303646046665536,0.849002755819684,289.4316557891992,605.4482123714583,590.8633115783985
