d_t,d_h,thres,nDT,timeHin,bias,LL,BIC,AIC
-0.75285051390145,1.9975291242808455,1.6287377228960396,0.9847963165248352,-0.004126154310708284,0.8541867831694597,109.34583600434857,239.09885629867006,230.69167200869714
