d_t,d_h,thres,nDT,timeHin,bias,LL,BIC,AIC
1.9907690372059061,1.9947195008633116,2.9979839910308943,0.9823798528424633,-0.11743593568420448,0.22533657055911552,265.89697538346906,557.2849222192343,543.7939507669381
