d_t,d_h,thres,nDT,timeHin,bias,LL,BIC,AIC
-1.9165959435461213,1.9991245471078345,0.9395926609264271,0.9829081226934251,-0.17128409593582325,0.8858485703895882,262.2591962807926,550.0093640138814,536.5183925615852
