d_t,d_h,thres,nDT,timeHin,bias,LL,BIC,AIC
1.8033485950350896,1.9956499551832938,1.41905120909214,0.9861377282362399,-0.034567441394284325,-0.8996385129813381,117.45830582258503,256.24870001410653,246.91661164517006
