d_t,d_h,thres,nDT,timeHin,bias,LL,BIC,AIC
1.8758206157414739,1.9993003125990145,2.7555319810286165,0.974897218381206,-0.07235763901440885,-0.521959270111448,273.3265766085759,572.8698403319539,558.6531532171518
