d_t,d_h,thres,nDT,timeHin,bias,LL,BIC,AIC
1.930459573757618,1.991762398856429,1.7610535524561897,0.9943989630229415,0.006469538376806033,0.971196162343651,117.3307700799174,255.9936285287713,246.6615401598348
