d_t,d_h,thres,nDT,timeHin,bias,LL,BIC,AIC
1.9775588021262538,1.99590290243006,1.9480312189087272,0.9744745666173532,-0.09254672331915902,-0.38132036548566467,279.03020901751825,584.4271129630711,570.0604180350365
