d_t,d_h,thres,nDT,timeHin,bias,LL,BIC,AIC
0.8014080959204655,1.9992985557589045,1.7484371141502426,0.9943907403821022,-0.12804729438718815,0.9647294811480532,275.0442561550057,576.4552072380461,562.0885123100114
