d_t,d_h,thres,nDT,timeHin,bias,LL,BIC,AIC
-1.9926106890549315,1.9993593409232289,0.7327443534938888,0.994302456442781,-0.09149272208109643,0.9436226106514628,144.95312400257959,312.47344869932056,301.90624800515917
