d_t,d_h,thres,nDT,timeHin,bias,LL,BIC,AIC
0.899472833111042,1.996889942738234,1.9712349480889566,0.9836223501983783,-0.11427768024938549,0.5865972207987287,271.84352357582833,569.9037342664587,555.6870471516567
