d_t,d_h,thres,nDT,timeHin,bias,LL,BIC,AIC
-1.940828975379234,1.9998845492815396,2.632277307760949,0.9945362567745298,-0.12488552896780038,0.9687480843420575,287.2690273447025,601.0510983361846,586.538054689405
