d_t,d_h,thres,nDT,timeHin,bias,LL,BIC,AIC
1.9233605060384744,1.9993501722835034,1.4156056573614477,0.9946676471313879,-0.0748335556862387,0.9581688962550564,149.6014610138694,321.90805983124835,311.2029220277388
