d_t,d_h,thres,nDT,timeHin,bias,LL,BIC,AIC
1.9793094145829688,1.9994771271136493,0.8902839191257956,0.9830636571083692,-0.12391036273989944,0.7732510770887181,130.49585037612505,282.49281438298675,272.9917007522501
