d_t,d_h,thres,nDT,timeHin,bias,LL,BIC,AIC
0.2329346056196978,1.9960392807748804,1.0673070998097476,0.9938150226106987,0.003809739671640071,0.8897259558350382,161.16112185342186,345.4231293171041,334.3222437068437
