d_t,d_h,thres,nDT,timeHin,bias,LL,BIC,AIC
1.996607381850481,1.9980488025875645,2.919308890029788,0.9657859460188004,-0.1472229775763865,-0.01902442484855834,289.3695273626913,605.3239555184425,590.7390547253826
