d_t,d_h,thres,nDT,timeHin,bias,LL,BIC,AIC
1.5667776944966643,1.9991025262072282,2.874648304718047,0.9828246273739439,-0.16184959270199198,0.47119593208395655,251.5061731590927,528.7551029650757,515.0123463181853
