d_t,d_h,thres,nDT,timeHin,bias,LL,BIC,AIC
-1.0947217607284905,1.9934713839514218,2.110744004699082,0.983777535087706,-0.11833388604263918,0.629753551896275,238.7768892072719,502.95841744212737,489.5537784145438
