d_t,d_h,thres,nDT,timeHin,bias,LL,BIC,AIC
-1.8103588196360754,1.9832214592736235,1.321667288057506,0.9947384946923792,-0.07596239870490697,0.9998449510513775,268.92651414456327,563.9158608202487,549.8530282891265
