d_t,d_h,thres,nDT,timeHin,bias,LL,BIC,AIC
-0.5798260263046144,1.9964538820920026,2.3127742825405755,0.9946991711108271,-0.03346409142241276,0.9989517935926939,271.3323405152073,567.9817272614713,554.6646810304146
