d_t,d_h,thres,nDT,timeHin,bias,LL,BIC,AIC
1.9311790738068866,1.9982944274112906,2.570968144301579,0.9792814845876862,-0.1680433693869242,0.5765949414827943,299.77833721863055,626.0697180840407,611.5566744372611
