d_t,d_h,thres,nDT,timeHin,bias,LL,BIC,AIC
-0.16268601634757562,1.9988532613953434,1.5024035019513278,0.9760377908094215,-0.05381766077681701,0.8142639279410671,284.8187711445013,596.0778577725881,581.6375422890026
