d_t,d_h,thres,nDT,timeHin,bias,LL,BIC,AIC
-1.8078547147247308,1.9973992084312124,1.2290319716222546,0.9945024020862091,-0.0670964807318307,0.9685881177971815,253.67945545988545,532.2177192781201,519.3589109197709
