d_t,d_h,thres,nDT,timeHin,bias,LL,BIC,AIC
-1.985054515898632,1.9963498766179442,1.7099721590118322,0.9806770451767951,-0.18375682266193274,0.31036069286215046,270.54367628522425,567.0717526121665,553.0873525704485
