d_t,d_h,thres,nDT,timeHin,bias,LL,BIC,AIC
1.9858860769073885,1.9975603517841505,1.9227222439757488,0.9731517865653136,-0.16934460980685823,0.35484755401684126,305.02045607863414,636.7669959347893,622.0409121572683
