d_t,d_h,thres,nDT,timeHin,bias,LL,BIC,AIC
1.4177052167268995,1.9971209777811032,2.6620854266652305,0.9790909673557894,-0.18106380606290645,0.9118653036390908,296.14120916511604,618.3452508613542,604.2824183302321
