d_t,d_h,thres,nDT,timeHin,bias,LL,BIC,AIC
1.8442490582739492,1.995087509802087,0.6324542658403516,0.9853192982548824,-0.14325270953896724,0.9162999807615815,299.9383510947841,625.781630870786,611.8767021895682
