d_t,d_h,thres,nDT,timeHin,bias,LL,BIC,AIC
0.7103154396445598,1.9995936588570709,1.6571218921992246,0.979181632341762,-0.07011233449502349,-0.5045398356714165,281.05830001434936,588.4832949567333,574.1166000286987
