d_t,d_h,thres,nDT,timeHin,bias,LL,BIC,AIC
1.9411116437233327,1.9984431338395123,2.088795835209838,0.9840028959359299,-0.13009404721793177,0.8860803827337556,219.05958017454043,462.8819666593514,450.11916034908086
