d_t,d_h,thres,nDT,timeHin,bias,LL,BIC,AIC
0.5599116308024717,1.99167810488725,0.6080812302308778,0.9933700171359051,-0.06946702359634664,0.9405516635283514,220.7605445815569,466.18633234815366,453.5210891631138
