d_t,d_h,thres,nDT,timeHin,bias,LL,BIC,AIC
1.2040508859139003,1.9999882628857304,1.4702410277736848,0.9783978430235948,-0.10198829798075075,-0.12353497898500936,293.1303276149658,612.8455560229914,598.2606552299316
