d_t,d_h,thres,nDT,timeHin,bias,LL,BIC,AIC
-0.9870529034177303,1.999099329387728,1.174376236616154,0.993457972906771,-0.12804383722568558,0.9394057163618953,219.6201269986654,464.2865776167046,451.2402539973308
