d_t,d_h,thres,nDT,timeHin,bias,LL,BIC,AIC
1.9555985246787841,1.994581666281863,2.8654619794338942,0.9945465276027413,-0.06529137112808467,0.9947891562422252,222.05641426483066,469.2507569818199,456.11282852966133
