d_t,d_h,thres,nDT,timeHin,bias,LL,BIC,AIC
-0.7447322582856712,1.9939911468603038,0.6289929840713739,0.9865924016633285,-0.056562553616917186,0.8924002077399462,263.29258072679715,552.3279181004847,538.5851614535943
