d_t,d_h,thres,nDT,timeHin,bias,LL,BIC,AIC
-1.997966895548552,1.9920647524611848,2.6009916517744456,0.9945938426794243,-0.114259483936468,0.8973203114025964,291.70287930677415,609.3901586552663,595.4057586135483
