d_t,d_h,thres,nDT,timeHin,bias,LL,BIC,AIC
-1.975132075868548,1.9980707249740588,1.0826684608449977,0.9892141473534628,-0.02558894993060572,0.8875241800885857,277.6271516361086,581.2387033139352,567.2543032722172
