d_t,d_h,thres,nDT,timeHin,bias,LL,BIC,AIC
0.5233958911491001,1.999803094827629,1.7467487731791593,0.9837241145264289,-0.11233198033671712,0.7431303027084859,270.10037070938506,565.6053804463537,552.2007414187701
