d_t,d_h,thres,nDT,timeHin,bias,LL,BIC,AIC
-0.13768263695252647,1.9974655942441741,2.3782535629346966,0.984859378501871,-0.014808441826720534,0.7205545428386962,298.73977002779077,624.2056238331025,609.4795400555815
