d_t,d_h,thres,nDT,timeHin,bias,LL,BIC,AIC
1.1860777877628939,1.9964973286957137,2.766596823166732,0.9942784161378617,-0.06688231576994122,0.9986524322927838,257.0220746344697,538.9974477690973,526.0441492689393
