d_t,d_h,thres,nDT,timeHin,bias,LL,BIC,AIC
1.9832952269031183,1.999261157006973,2.2162918624654413,0.9940373281172822,-0.08127512132813054,0.9982705168216707,245.0820765015576,514.6293776665495,502.1641530031152
