d_t,d_h,thres,nDT,timeHin,bias,LL,BIC,AIC
0.6483542660302515,1.8408034730586653,1.0096935137273084,0.9945409902887994,-0.009483157521043905,0.9980439982044061,67.31853065658376,151.63634137750483,146.63706131316752
