d_t,d_h,thres,nDT,timeHin,bias,LL,BIC,AIC
-0.5157985383507769,1.9948415751591926,1.0590457913916396,0.9816423489436056,-0.11261367219032267,0.9023865868366663,302.56884828075357,631.9331452734347,617.1376965615071
