d_t,d_h,thres,nDT,timeHin,bias,LL,BIC,AIC
0.10685782979070424,1.999727691827352,2.1803497273917936,0.9759827043237721,-0.02505358278834051,-0.1687919074004568,272.98361754642053,572.2593949008843,557.9672350928411
