d_t,d_h,thres,nDT,timeHin,bias,LL,BIC,AIC
1.9238113175068976,1.975332755310166,0.9857870654689816,0.9946847088922273,-0.05296512483308605,0.9746148239503593,291.7537856663267,607.5515704440481,595.5075713326534
