d_t,d_h,thres,nDT,timeHin,bias,LL,BIC,AIC
1.9488344021519894,1.9949889986839895,0.9986544162223963,0.9784689503776803,-0.12200790769291842,0.26165101961767423,287.15979449492545,600.9044897829108,586.3195889898509
