d_t,d_h,thres,nDT,timeHin,bias,LL,BIC,AIC
-1.9228683462447171,1.9998949514391515,0.9579388579353689,0.9838389776983846,-0.12319474107445984,0.8777162584908259,287.82156424947334,601.5480571801645,587.6431284989467
