d_t,d_h,thres,nDT,timeHin,bias,LL,BIC,AIC
-1.9856129074535322,1.9991056091423012,1.7129925702281756,0.9729346132428334,-0.16883253732418566,0.6205961897365401,274.272955978256,574.6087444876341,560.545911956512
