d_t,d_h,thres,nDT,timeHin,bias,LL,BIC,AIC
0.5941580754837796,1.9981038967478768,1.4992395436334052,0.9721153819302252,-0.12585494412133505,-0.2233726845693717,271.0279102629136,568.1186530569494,554.0558205258272
