d_t,d_h,thres,nDT,timeHin,bias,LL,BIC,AIC
1.411634703552855,1.9993375514766731,1.3511431366414057,0.9941900153496063,0.006016686094787411,0.998877250147523,254.7582586522561,529.2915385005382,521.5165173045123
