d_t,d_h,thres,nDT,timeHin,bias,LL,BIC,AIC
-0.8043595560267404,1.6104832714479522,1.6060261556836901,0.9960783629450568,-0.06065011240752537,0.9987425931372896,249.90965486396743,519.132564677144,511.81930972793486
