d_t,d_h,thres,nDT,timeHin,bias,LL,BIC,AIC
1.9864174304797568,1.9994044178704853,1.9573329029604793,0.9945613873269973,-0.10942809234725688,0.9723370038125861,247.89873111800142,521.6218527952278,507.79746223600284
