d_t,d_h,thres,nDT,timeHin,bias,LL,BIC,AIC
1.9725457778805728,1.9987459881880218,1.4141210951999572,0.9941432812328231,-0.08604433292121154,0.5584071110177573,258.768893371211,543.6006192735441,529.537786742422
