d_t,d_h,thres,nDT,timeHin,bias,LL,BIC,AIC
-1.9500333107552112,1.9984463208100394,2.0695935416885853,0.9791976025522408,-0.1726272284349316,0.7213637273013213,256.54959751060954,538.9235855804441,525.0991950212191
