d_t,d_h,thres,nDT,timeHin,bias,LL,BIC,AIC
0.0929378157252852,1.9977687833347653,1.2420764921413145,0.9944923121666949,0.007189401326601952,0.969562965977058,272.05648013321064,570.4051200744645,556.1129602664213
