d_t,d_h,thres,nDT,timeHin,bias,LL,BIC,AIC
1.7499056291999544,1.58347179355171,2.4630258317331952,0.9945308485272806,-0.06289454487756743,0.999975222641361,287.31393422515043,590.8761696569142,586.6278684503009
