d_t,d_h,thres,nDT,timeHin,bias,LL,BIC,AIC
1.6942958298884974,1.7019076488908778,2.6899030147120357,0.9947406601692359,-0.04029528473861434,0.9991996997063636,296.92674471230436,610.4890217580474,605.8534894246087
