d_t,d_h,thres,nDT,timeHin,bias,LL,BIC,AIC
1.7771789273448602,1.5970726029829718,1.5829027803739564,0.9950368226081935,-0.12790641538242217,0.9984908220071262,229.863629693958,479.04051433712516,471.727259387916
