d_t,d_h,thres,nDT,timeHin,bias,LL,BIC,AIC
-1.5918488153625483,1.9987314711622677,1.6627950842209325,0.9937841496623064,-0.1177167879986997,0.7351641186074818,262.6821623349151,551.1070813167206,537.3643246698302
