d_t,d_h,thres,nDT,timeHin,bias,LL,BIC,AIC
-1.9863659103899225,1.9996346590803913,1.3533140167593956,0.9864224343796706,-0.06410714924729836,0.7957423747477815,296.50527858715293,619.6664647132477,605.0105571743059
