d_t,d_h,thres,nDT,timeHin,bias,LL,BIC,AIC
-1.980632637708634,1.9965665549496494,2.9309873780073517,0.9835782902677515,-0.06859824031258883,0.7390117780539661,301.1463062711871,629.0186963198952,614.2926125423742
