d_t,d_h,thres,nDT,timeHin,bias,LL,BIC,AIC
-1.9902198850900745,1.9977208125945842,1.254159908270132,0.9922706690793687,-0.12653706936099735,0.8461058809847087,222.44049286864885,469.9273093566715,456.8809857372977
