d_t,d_h,thres,nDT,timeHin,bias,LL,BIC,AIC
0.04878850290618364,1.9781429206543892,2.5630061766205667,0.9808179469096436,0.0025577259202230404,0.3748494107919073,180.59223404847882,384.89193040844617,373.18446809695763
