d_t,d_h,thres,nDT,timeHin,bias,LL,BIC,AIC
0.2663104638636764,1.9818293248418026,2.4820366192716166,0.9917150110500038,-0.0035902308983302156,0.9982697468644247,288.95278315194224,602.9518899232582,589.9055663038845
