d_t,d_h,thres,nDT,timeHin,bias,LL,BIC,AIC
1.9604929072130282,1.9964458996186083,1.9026471780584246,0.9942997669356314,-0.13559330817557852,0.9815388018114038,231.75047934423336,487.6530688328776,475.5009586884667
