d_t,d_h,thres,nDT,timeHin,bias,LL,BIC,AIC
-1.725608338643779,1.9981625321886087,2.4507413366809487,0.9646658421215382,-0.12708671547560613,0.2049634465221266,64.83501857553601,147.33667102607066,141.67003715107202
