d_t,d_h,thres,nDT,timeHin,bias,LL,BIC,AIC
-1.9939269837275782,1.996901843111437,1.8445710896632845,0.9833409010757451,-0.054869880519091835,0.7746507137243607,64.2925133669307,146.25166060886005,140.5850267338614
