d_t,d_h,thres,nDT,timeHin,bias,LL,BIC,AIC
1.9138102985802816,1.9981056197433733,0.9818084540422243,0.9884408588143889,-0.04569859298157505,0.6281029912881894,282.4931607048299,591.3530163376945,576.9863214096598
