d_t,d_h,thres,nDT,timeHin,bias,LL,BIC,AIC
-1.8669862569715714,1.9940184749647467,0.8617208268898942,0.983168957713228,-0.0904106956122637,0.9226887338917487,191.38362524196629,406.5890019652453,394.76725048393257
