d_t,d_h,thres,nDT,timeHin,bias,LL,BIC,AIC
1.948306669653858,1.9916847292333841,0.9051908937423785,0.997031170406351,0.008367705806439026,0.19495502757013522,33.4190446753222,80.65359990860867,78.8380893506444
