d_t,d_h,thres,nDT,timeHin,bias,LL,BIC,AIC
1.7158022593409046,1.9972826431211428,2.5883885149522308,0.996770864816959,-0.07245226949084316,0.9986334760819201,40.22415161327103,95.35774312527008,92.44830322654207
