d_t,d_h,thres,nDT,timeHin,bias,LL,BIC,AIC
1.9997040091870322,1.9988100648909204,1.391069921213097,0.9750275457470889,-0.11719980924904184,-0.6053007969090669,254.5609251259953,534.781846966087,521.1218502519906
