d_t,d_h,thres,nDT,timeHin,bias,LL,BIC,AIC
1.9683078501988878,1.9829683171964514,2.525639922433022,0.9943973315270874,-0.09466168947852859,0.9997586259979058,298.569333580564,622.6296386134242,609.138667161128
