d_t,d_h,thres,nDT,timeHin,bias,LL,BIC,AIC
1.9884537090774337,1.9992201142812294,1.047829944434039,0.9755407067660595,-0.11407262005862388,-0.5511913639604394,166.78529347500287,356.9215087386695,345.57058695000575
