d_t,d_h,thres,nDT,timeHin,bias,LL,BIC,AIC
-1.9515478849676824,1.9996525196829187,2.2176066694781182,0.98365548685942,-0.10482646950737705,0.5861893853233545,268.74513015310845,563.553092837339,549.4902603062169
