d_t,d_h,thres,nDT,timeHin,bias,LL,BIC,AIC
-1.991778248482928,1.999441162246517,1.8108670542016623,0.993583315422318,-0.06678285218146654,0.9655956732064519,295.20157705729866,615.8077931421809,602.4031541145973
