d_t,d_h,thres,nDT,timeHin,bias,LL,BIC,AIC
0.2160884839531862,1.977986493429033,1.913559723679062,0.9815290982445534,-0.004847986294352692,0.9521177741915063,189.1885108517791,401.8491597361271,390.3770217035582
