d_t,d_h,thres,nDT,timeHin,bias,LL,BIC,AIC
0.25103592537706304,1.9959956157374934,2.2070359865203497,0.9854084822413173,-0.03717322624945104,0.9452445060673975,188.56691035243054,400.60595873742994,389.1338207048611
