d_t,d_h,thres,nDT,timeHin,bias,LL,BIC,AIC
-1.995627717620098,1.9969117084934611,2.6448987136454853,0.9843054649420697,-0.12126558858173077,0.6952083704442056,167.32869885589776,357.8846037772429,346.6573977117955
