d_t,d_h,thres,nDT,timeHin,bias,LL,BIC,AIC
1.2486063696509722,1.997258187541715,1.1518010219559072,0.9756413715488323,-0.16831110756122486,0.12952580193294383,276.97000701510484,580.232173838253,565.9400140302097
