d_t,d_h,thres,nDT,timeHin,bias,LL,BIC,AIC
1.9940355280804594,1.998672010753394,2.6898107240656133,0.9864468490194163,-0.06947337342761971,0.13161779230315335,188.4516809963342,401.0554721370793,388.9033619926684
