d_t,d_h,thres,nDT,timeHin,bias,LL,BIC,AIC
1.3404029130119588,1.996765076774604,0.8089942708611488,0.9943347953344168,-0.08757319608997154,0.7190620241361595,272.8699182908474,572.1065315097294,557.7398365816948
