d_t,d_h,thres,nDT,timeHin,bias,LL,BIC,AIC
1.8959307901088183,1.9968515742731259,1.3269783195108174,0.9776439308154685,-0.1399606533293633,-0.22814294268890167,285.17270032627897,596.7857161361435,582.3454006525579
