d_t,d_h,thres,nDT,timeHin,bias,LL,BIC,AIC
-1.9764297516335445,1.99869630945275,2.817611612765699,0.986249846971384,-0.05867635041856394,0.9005066997937748,61.0962508763889,139.5347323001548,134.1925017527778
