d_t,d_h,thres,nDT,timeHin,bias,LL,BIC,AIC
-1.6455768421292305,1.9990366547075245,2.8155810301830306,0.9962281318927977,-0.09269671784787926,0.9983559600266022,50.23436700471802,116.7170352160493,112.46873400943603
