d_t,d_h,thres,nDT,timeHin,bias,LL,BIC,AIC
0.07244398281980305,1.995399020899993,1.2947393802210012,0.9833363529603136,0.005984573696476741,0.5625959674865249,270.50566737020876,567.1515877005551,553.0113347404175
