d_t,d_h,thres,nDT,timeHin,bias,LL,BIC,AIC
1.8645267617760244,1.9992790974161367,1.955268453620374,0.9892111298182338,-0.03610086904947065,-0.747704390030613,184.19000566989456,392.3139156191748,380.3800113397891
