d_t,d_h,thres,nDT,timeHin,bias,LL,BIC,AIC
-1.9980368937622743,1.9999956556157692,2.7033311361811463,0.9841000596070671,-0.060660868502934236,0.8642903398388422,292.4428044280353,611.3986525028502,596.8856088560706
