d_t,d_h,thres,nDT,timeHin,bias,LL,BIC,AIC
-1.453302359537284,1.992176171291119,1.4926344295340164,0.9762497657795822,-0.13754250816770855,-0.25766212016340184,142.77449014674102,307.97499800318224,297.54898029348203
