d_t,d_h,thres,nDT,timeHin,bias,LL,BIC,AIC
1.9282077990365443,1.9976570720998397,2.814947475523672,0.9862051451039827,-0.17893088196464685,0.9018335320039031,299.02056432071754,624.626029434495,610.0411286414351
