d_t,d_h,thres,nDT,timeHin,bias,LL,BIC,AIC
-1.93105713387972,1.988103689286517,2.825361243401664,0.9849253804165864,-0.10199397206094023,0.12416000047091338,280.99065105865907,588.2734619253614,573.9813021173181
