d_t,d_h,thres,nDT,timeHin,bias,LL,BIC,AIC
0.8681788141673757,1.996989965623314,1.2967232798340826,0.9843090603516317,-0.043395106998928706,0.952214312534337,307.5110536042721,636.5232208392808,627.0221072085442
