d_t,d_h,thres,nDT,timeHin,bias,LL,BIC,AIC
1.897961219330953,1.993992728217666,1.2600806735398717,0.9931817720817451,-0.10024414222253615,0.9985420441757459,50.64465016719231,117.53760154099788,113.28930033438462
