d_t,d_h,thres,nDT,timeHin,bias,LL,BIC,AIC
-1.818467055394215,1.994034273845579,1.7578891682783278,0.994402274811981,-0.08845796817500802,0.9988236763675765,53.87922306368355,124.39397846080578,119.7584461273671
