d_t,d_h,thres,nDT,timeHin,bias,LL,BIC,AIC
1.9583767555832081,1.9967907291169367,1.3406103106636857,0.9842600496649229,-0.19019460978269423,0.8033878446677043,293.9046164306435,614.1759277893216,599.809232861287
