d_t,d_h,thres,nDT,timeHin,bias,LL,BIC,AIC
1.9285783366729279,1.999430562173922,1.7019036299584291,0.9838456108501419,-0.14017887948761948,0.43976966434946646,222.3037676178861,469.46634359412144,456.6075352357722
