d_t,d_h,thres,nDT,timeHin,bias,LL,BIC,AIC
1.826237150050816,1.9942453173580608,1.9255829039141013,0.9817452919779172,-0.1476802570820257,0.01972749281208063,263.9859991471451,553.9563983360082,539.9719982942902
