d_t,d_h,thres,nDT,timeHin,bias,LL,BIC,AIC
0.316938002393379,1.9978241173807,1.7358127904265586,0.9920437849170545,0.0027597564402813274,0.9980987593359901,299.3512996372012,620.6839691511802,610.7025992744024
