d_t,d_h,thres,nDT,timeHin,bias,LL,BIC,AIC
-1.9727894988036199,1.9992530546254628,0.8453625953311277,0.9710318907383567,-0.11735092980136194,0.12372771006408234,287.64936061511696,601.7390367138195,587.2987212302339
