d_t,d_h,thres,nDT,timeHin,bias,LL,BIC,AIC
-1.8619627106726189,1.9744236747540738,2.5949505995753794,0.9943251711212603,-0.08103332298650884,0.9994528006427877,261.74792812068864,549.4007849225951,535.4958562413773
