d_t,d_h,thres,nDT,timeHin,bias,LL,BIC,AIC
-0.18064399207964477,1.9975549737518812,1.941633892316756,0.9948718915408874,-0.7992767499400876,0.952072772770317,276.6894913688311,576.9699365340082,565.3789827376622
