d_t,d_h,thres,nDT,timeHin,bias,LL,BIC,AIC
1.9904404467250636,1.996912534077341,1.3811311288680679,0.9715530084198786,-0.1649768194417451,-0.7334540410351437,293.99083085158065,614.5665624962212,599.9816617031613
