d_t,d_h,thres,nDT,timeHin,bias,LL,BIC,AIC
1.1598408605661472,1.997108037749577,1.7525817089019422,0.9943339960832978,-0.0971972410402511,0.9980379848297802,283.1527766463883,591.3518769121504,578.3055532927766
