d_t,d_h,thres,nDT,timeHin,bias,LL,BIC,AIC
0.8440099340393805,1.9988999888739365,1.6913450072790113,0.9946953614849939,-0.05515205677928176,0.8950040740720456,286.20714096284485,598.9273255724693,584.4142819256897
