d_t,d_h,thres,nDT,timeHin,bias,LL,BIC,AIC
1.9165309284332377,1.997963860529795,1.2869857694953681,0.9936788220170039,-0.09931499151203736,0.997647371242755,116.41206737158717,253.0279097230932,244.82413474317434
