d_t,d_h,thres,nDT,timeHin,bias,LL,BIC,AIC
1.7564778210328835,1.9845793928846756,1.293066967969003,0.9942904946820256,-0.06254134178691821,0.9995789790286209,268.8996906693426,562.7526798388432,549.7993813386852
