d_t,d_h,thres,nDT,timeHin,bias,LL,BIC,AIC
1.537641609587258,1.9948288797311646,2.5270905244928383,0.9941200034338644,-0.012778054214978912,0.9971785637888969,225.33097571582357,472.7952281563308,462.66195143164714
