d_t,d_h,thres,nDT,timeHin,bias,LL,BIC,AIC
1.9734858901955459,1.9983057634508847,1.922377326688797,0.9834597629992927,-0.0976264197514922,0.11622248476589533,297.29620462327586,621.2483167854936,606.5924092465517
