d_t,d_h,thres,nDT,timeHin,bias,LL,BIC,AIC
-1.987332152244943,1.9882257616611754,1.7448796056210996,0.9944776589625922,-0.1029052053364874,0.9998322797160524,271.345756558578,568.5964417983738,554.691513117156
