d_t,d_h,thres,nDT,timeHin,bias,LL,BIC,AIC
-1.9947677685838308,1.9837650457328007,1.1673605950287,0.9552068360202066,-0.09931246301835248,0.6279539869040199,52.0009597138644,119.83626340542034,116.0019194277288
