d_t,d_h,thres,nDT,timeHin,bias,LL,BIC,AIC
-1.9925200103547638,1.991424399865844,1.5299892744700272,0.9606555266954256,-0.0886177924645843,0.8420652636555497,59.98825733489187,136.224815876397,131.97651466978374
