d_t,d_h,thres,nDT,timeHin,bias,LL,BIC,AIC
-1.9849849311506558,1.998234811612769,1.5699815259395518,0.9836452932098271,-0.11082290244400307,0.4898707725681236,291.5676029407159,609.7201066744917,595.1352058814318
