d_t,d_h,thres,nDT,timeHin,bias,LL,BIC,AIC
-1.9213477606427936,1.9989121800231582,1.3470654683954113,0.9943182309068567,-0.05142690450420543,0.8804225573495427,167.83298395527285,359.13810594311457,347.6659679105457
