d_t,d_h,thres,nDT,timeHin,bias,LL,BIC,AIC
1.9788401136266025,1.9921370306547608,1.8965021864740577,0.9701187844886278,-0.1433690854798994,0.2607596118983308,294.1845915309092,614.8094985454039,600.3691830618184
