d_t,d_h,thres,nDT,timeHin,bias,LL,BIC,AIC
1.855535344652272,1.9981452224926417,1.6394079450668364,0.9677725432690001,-0.11206938857655165,-0.38012585685539874,287.02009443563264,600.3323486793086,586.0401888712653
