d_t,d_h,thres,nDT,timeHin,bias,LL,BIC,AIC
-1.955352047946004,1.999084499908719,1.9737116121488216,0.9944652097171403,-0.060460645256827254,0.883302535173912,275.7458647077795,577.7838892236023,563.491729415559
