d_t,d_h,thres,nDT,timeHin,bias,LL,BIC,AIC
-1.9740177004032557,1.9970579511745201,1.5840197652614114,0.9839835406677507,-0.1334777895547898,0.28250568559185824,166.08786593418972,355.5266536570432,344.17573186837944
