d_t,d_h,thres,nDT,timeHin,bias,LL,BIC,AIC
-1.9988310290500522,1.9918099606488104,1.5823607087448592,0.9826232838400966,-0.1398350516750585,0.9079790584616351,289.4470311021674,605.2607571323695,590.8940622043348
