d_t,d_h,thres,nDT,timeHin,bias,LL,BIC,AIC
1.6763787260887226,1.9998584030371116,1.0230332309380175,0.9707512101509066,-0.1608757009855637,-0.5481285082732181,292.44870191005765,611.4823046131752,596.8974038201153
