d_t,d_h,thres,nDT,timeHin,bias,LL,BIC,AIC
1.9382531785554813,1.9932592505286049,2.903978974228127,0.9722051176610594,-0.1243891771364985,-0.0716927143849576,296.3220009457016,619.0843173749887,604.6440018914031
