d_t,d_h,thres,nDT,timeHin,bias,LL,BIC,AIC
-1.935373054324038,1.9981283999469572,1.4000137405470015,0.9681589296140474,-0.07837801225958982,0.29642773554349444,271.58937299513684,567.0004974715864,555.1787459902737
