d_t,d_h,thres,nDT,timeHin,bias,LL,BIC,AIC
-1.9857596307225829,1.999423325160118,0.7544061160282458,0.9682333822907524,-0.08194605050973733,0.4262941698735984,260.16124635331175,543.9134465029695,532.3224927066235
