d_t,d_h,thres,nDT,timeHin,bias,LL,BIC,AIC
-1.7708360600594544,1.994198199030562,2.445987032073117,0.9837062392186803,-0.10869581151401907,0.8084621958139235,237.01566366485852,499.2594830460628,486.03132732971704
