d_t,d_h,thres,nDT,timeHin,bias,LL,BIC,AIC
1.9536349161531066,1.9986152441019418,1.8056625703418991,0.978482769265273,-0.12469296379042814,0.00794406932065339,289.2105338710547,605.0769752810512,590.4210677421094
