d_t,d_h,thres,nDT,timeHin,bias,LL,BIC,AIC
1.9914962853152662,1.9923000547231176,2.5329371053368535,0.9940674900581847,-0.07036418450255252,0.9918755943034918,294.74178278494674,615.996609216673,601.4835655698935
