d_t,d_h,thres,nDT,timeHin,bias,LL,BIC,AIC
1.9031064400513082,1.9997280158831265,1.9349412686948377,0.9812461589729989,-0.1117521843860988,0.29824784924231224,292.3291761838962,611.3844361453134,596.6583523677924
