d_t,d_h,thres,nDT,timeHin,bias,LL,BIC,AIC
1.973269938560626,1.9901419217370853,1.6261635455929917,0.9936177428872276,-0.05941275556499227,0.9581256399698985,292.263030403072,610.8927557341785,596.526060806144
