d_t,d_h,thres,nDT,timeHin,bias,LL,BIC,AIC
1.934161914797145,1.9998855831194344,1.6683524829877572,0.9903110783725252,-0.19337316764015647,0.9006307227689644,279.57390193074167,585.2880568216209,571.1478038614833
