d_t,d_h,thres,nDT,timeHin,bias,LL,BIC,AIC
1.9961404635444693,1.998924012733409,2.0601788463954627,0.9758889009568164,-0.0926759308913728,-0.10613312819098897,301.3142464888446,629.2133937707491,614.6284929776892
