d_t,d_h,thres,nDT,timeHin,bias,LL,BIC,AIC
-0.5159792065128006,1.9122368034092347,1.918081982664741,0.9943971761647831,-0.038120383236538415,0.9988387260293813,67.82802658622428,149.47156373041284,147.65605317244857
