d_t,d_h,thres,nDT,timeHin,bias,LL,BIC,AIC
-0.9257513922176865,0.7225153966353903,0.7312509505078197,0.9945227300689259,-0.025187788611219813,0.9967843123874962,67.81140470339228,148.80615687080189,147.62280940678457
