d_t,d_h,thres,nDT,timeHin,bias,LL,BIC,AIC
1.9642026129915118,1.9989244511939768,0.9829644933361465,0.9946704308708932,-0.16514421067280524,0.8488700894772025,290.70557545033313,608.0670584396081,593.4111509006663
