d_t,d_h,thres,nDT,timeHin,bias,LL,BIC,AIC
-1.9462515444132014,1.9996101127549915,0.7184336914828939,0.9791246744556137,-0.13294701616820842,0.2704016253931494,304.9207922244601,636.7056053357894,621.8415844489202
