d_t,d_h,thres,nDT,timeHin,bias,LL,BIC,AIC
-1.9938019185510467,1.9961591294763363,1.86807934827808,0.9837144206861266,-0.15862280003044324,0.8974569579726087,299.60934949006116,625.3589519402599,611.2186989801223
