d_t,d_h,thres,nDT,timeHin,bias,LL,BIC,AIC
1.5495077235252859,1.9939107569609027,1.9434697282691584,0.9865387244627339,-0.10137832365221289,-0.5130279420018673,235.38623587102367,496.2634431943435,482.77247174204734
