d_t,d_h,thres,nDT,timeHin,bias,LL,BIC,AIC
-1.979167258441369,1.9994266051921208,1.2892276598694221,0.9943197433465072,-0.0661163979020246,0.7352368549687941,225.02898847197127,475.28613266028833,462.05797694394255
