d_t,d_h,thres,nDT,timeHin,bias,LL,BIC,AIC
0.24984736066263508,1.9987124455084144,1.692282437301031,0.9889878734666854,-0.031415573959190465,0.8841234556410796,274.18597018343115,574.6641001749056,560.3719403668623
