d_t,d_h,thres,nDT,timeHin,bias,LL,BIC,AIC
-1.9943826195102121,1.9962326404877861,0.6543960741388796,0.9942972119266708,-0.09523792035513835,0.9594897384951934,304.95387260755535,636.7031939270382,621.9077452151107
