d_t,d_h,thres,nDT,timeHin,bias,LL,BIC,AIC
1.9087729715105963,1.9815381332029003,2.751926476723186,0.9697594935240521,-0.14421915661748055,-0.404482624291703,276.6754701198528,579.0936968865959,565.3509402397056
