d_t,d_h,thres,nDT,timeHin,bias,LL,BIC,AIC
-1.8356309433656697,1.9904875842216536,2.5379795813933015,0.98433435387997,-0.14494444301991813,0.4869968859294919,296.3089924206978,619.2028856344555,604.6179848413956
