d_t,d_h,thres,nDT,timeHin,bias,LL,BIC,AIC
-1.9453311704232175,1.995615361612384,1.3670490187276587,0.9779688076111189,-0.14336128515420898,0.570970892208907,284.0182611885398,593.9414510582974,580.0365223770796
