d_t,d_h,thres,nDT,timeHin,bias,LL,BIC,AIC
-1.9344306905391007,1.9965891261910613,2.2864627501408297,0.9869877502945033,-0.0583029782185004,0.783595054156823,289.80962607132074,606.2041529357014,591.6192521426415
