d_t,d_h,thres,nDT,timeHin,bias,LL,BIC,AIC
-0.04982763792974948,1.9964734435138485,2.3023773168100856,0.9872716925118566,-0.0028223433348580906,0.6406418448038953,281.07425755619005,588.5152100404148,574.1485151123801
