d_t,d_h,thres,nDT,timeHin,bias,LL,BIC,AIC
1.9893978735944085,1.995916124789682,0.619483314001344,0.9798387368665117,-0.07096097035521313,-0.8179673106863555,284.089863651132,594.4718871103073,580.179727302264
