d_t,d_h,thres,nDT,timeHin,bias,LL,BIC,AIC
-0.7762673122244069,1.9973263686289988,1.6505206190049648,0.9758801999548906,-0.10585622852145984,-0.6290534985115204,296.2090234188863,618.7102066458159,604.4180468377726
