d_t,d_h,thres,nDT,timeHin,bias,LL,BIC,AIC
1.974344494770821,1.9965255836798266,1.3609768811152674,0.9834061455587964,-0.07886898607715845,0.5269422150404538,258.00446255872737,541.5850043797026,528.0089251174547
