d_t,d_h,thres,nDT,timeHin,bias,LL,BIC,AIC
1.6524923793316915,1.9865658964620063,1.8171600898727776,0.9860022066734585,-0.07866791924872682,0.6239401098459313,240.22518691511237,505.5883022823833,492.45037383022475
