d_t,d_h,thres,nDT,timeHin,bias,LL,BIC,AIC
1.9859069919802923,1.9999785351304589,1.242776506144957,0.9941415505232513,-0.05787493884037663,0.8102443085243964,84.3072835191614,187.42753233389772,180.6145670383228
