d_t,d_h,thres,nDT,timeHin,bias,LL,BIC,AIC
1.5670087237305803,1.989756697267923,2.8121303619816898,0.9799247179492874,-0.14939390906574967,-0.6665703959193529,121.69976051855353,264.90063466784375,255.39952103710706
