d_t,d_h,thres,nDT,timeHin,bias,LL,BIC,AIC
1.9955183109206687,1.9994799275475914,1.6858702225655118,0.9939908192606736,-0.06085637311138818,0.8101958664791324,84.30426923804144,187.4215037716578,180.60853847608288
