d_t,d_h,thres,nDT,timeHin,bias,LL,BIC,AIC
1.8983253654896552,1.9940162996440216,2.7489994786355374,0.9712796415696514,-0.1117065254281399,-0.6116291530556909,124.95485655892016,271.57522059370564,261.9097131178403
