d_t,d_h,thres,nDT,timeHin,bias,LL,BIC,AIC
1.8955306155387144,1.9944286842326466,1.403042542375624,0.9916408736666604,-0.07501238285768977,0.8331882883021959,204.99979992291148,434.0435989572178,421.99959984582296
