d_t,d_h,thres,nDT,timeHin,bias,LL,BIC,AIC
-1.971485563998787,1.9993954356374237,2.199578346207677,0.9838866034289478,-0.06753349212821297,0.5904405675336207,295.2893519867341,617.3741526853958,602.5787039734682
