d_t,d_h,thres,nDT,timeHin,bias,LL,BIC,AIC
-1.9730731633132317,1.998960060693625,1.5729636183498692,0.9867903124603249,-0.061662678137345744,0.7155958412319299,283.863534315725,594.3119694245099,579.72706863145
