d_t,d_h,thres,nDT,timeHin,bias,LL,BIC,AIC
1.899934398489173,1.995206536997691,1.515674413776251,0.9862312986273484,-0.0795427291577525,0.5531910367193604,215.43337455091947,455.22940716511744,442.86674910183893
