d_t,d_h,thres,nDT,timeHin,bias,LL,BIC,AIC
-1.8979735895813596,1.9985752349086616,0.6180744638766131,0.992087443051332,-0.07974840353629302,0.9995573099007513,278.80157712705716,581.1941080504603,569.6031542541143
