d_t,d_h,thres,nDT,timeHin,bias,LL,BIC,AIC
-1.9755645186181507,1.9973705070771766,1.1953607278907672,0.9849569942912602,-0.16313998794460102,0.8111086987484477,281.9787565488292,589.9419131393764,575.9575130976584
