d_t,d_h,thres,nDT,timeHin,bias,LL,BIC,AIC
1.953464495466212,1.998912032775479,2.9020660617082803,0.9823849163537551,-0.19843816991692922,0.7033820581684733,297.5637613702378,621.4196825485188,607.1275227404756
