d_t,d_h,thres,nDT,timeHin,bias,LL,BIC,AIC
1.0863463061739116,1.999960943987821,0.9451900997283373,0.9838303705498491,-0.6023710667452697,-0.367194709681055,233.14973748717486,490.764699637784,478.2994749743497
