d_t,d_h,thres,nDT,timeHin,bias,LL,BIC,AIC
-1.9643935394392646,1.99902730155313,1.7247590687402732,0.9837898740921437,-0.08311391056851843,0.7657454479608363,185.47503772810921,394.99407456761327,382.95007545621843
