d_t,d_h,thres,nDT,timeHin,bias,LL,BIC,AIC
-1.9614052515473803,1.9963580995340053,1.4883429099679324,0.9700028761342862,-0.14781273376207613,-0.24797014604515732,194.79239236754134,413.84309234208996,401.5847847350827
