d_t,d_h,thres,nDT,timeHin,bias,LL,BIC,AIC
1.9754308848136377,1.9981634137710533,2.6790065092032305,0.9848891098665312,-0.06827645459378634,0.6212266911288827,264.3006169147594,554.5856338712368,540.6012338295188
