d_t,d_h,thres,nDT,timeHin,bias,LL,BIC,AIC
1.9619785069576974,1.9992458289941282,0.6897970762108205,0.9766963887584488,-0.13702885613269902,0.2438595114869742,289.1174388265782,604.675193136742,590.2348776531564
