d_t,d_h,thres,nDT,timeHin,bias,LL,BIC,AIC
1.9196527631872202,1.998389597093148,2.8322760393843054,0.9833914539259123,-0.1399363056581441,0.6674035950993209,191.4364526085527,406.91690432850027,394.8729052171054
