d_t,d_h,thres,nDT,timeHin,bias,LL,BIC,AIC
-1.9543509412293445,1.9932080959380483,2.1742108538661924,0.9950282916455402,-0.04665133153073756,0.992526370806913,181.5107246555671,386.8432007924469,375.0214493111342
