d_t,d_h,thres,nDT,timeHin,bias,LL,BIC,AIC
-0.6804178911847596,1.9981972620700883,2.342713616229594,0.9942901091770334,-0.08388789011641026,0.9953489490269254,290.82597495042995,608.3078574398018,593.6519499008599
