d_t,d_h,thres,nDT,timeHin,bias,LL,BIC,AIC
1.967504146915506,1.9917375006777258,2.8020615465212324,0.9937430482331766,-0.1312349516962551,0.8922658438343336,267.83310178394095,561.8064565280195,547.6662035678819
