d_t,d_h,thres,nDT,timeHin,bias,LL,BIC,AIC
1.9053394815437865,1.9994212660984236,1.2199646350016458,0.9702084442692106,-0.05355372698151803,-0.6559236184967782,201.78496074829368,428.03514616002167,415.56992149658737
