d_t,d_h,thres,nDT,timeHin,bias,LL,BIC,AIC
-1.2737764383976444,1.9982148843587526,1.3052339260960237,0.985587283185338,-0.01912609400179277,0.7863753362008128,152.13228247867553,327.104539895973,316.26456495735107
