d_t,d_h,thres,nDT,timeHin,bias,LL,BIC,AIC
-1.9330453969634773,1.994853303815004,0.9862767363450844,0.9834372047108512,-0.07641740397514836,0.9025052146626664,181.00522867397095,385.1113429582023,374.0104573479419
