d_t,d_h,thres,nDT,timeHin,bias,LL,BIC,AIC
-1.9846542443329347,1.9975558323033293,1.4369041018188,0.993994306641961,-0.08705262752305933,0.9724051727370611,179.6462264311049,382.3933384724702,371.2924528622098
