d_t,d_h,thres,nDT,timeHin,bias,LL,BIC,AIC
1.807805984206945,1.9981239274792544,1.749512569198574,0.9808864430873463,-0.21532468939651492,0.6125575953612253,260.077027568617,545.8968117841243,532.154055137234
