d_t,d_h,thres,nDT,timeHin,bias,LL,BIC,AIC
1.9973518055595156,1.9986756430127912,1.4094191731800194,0.9753469785329423,-0.15351216047498903,-0.38288893084335907,276.70724938029537,579.4773312917129,565.4144987605907
