d_t,d_h,thres,nDT,timeHin,bias,LL,BIC,AIC
-1.81949159019404,1.9877811872100644,1.6151679764696767,0.9737346868790757,-0.1254517083597843,-0.28247684074435153,275.26230724642,576.349005052065,562.52461449284
