d_t,d_h,thres,nDT,timeHin,bias,LL,BIC,AIC
-1.3987258384340033,1.988614757291705,2.9820336911827328,0.9826616875471257,-0.0632204591600918,0.9527680962434768,295.09966082759274,614.6645463186198,602.1993216551855
