d_t,d_h,thres,nDT,timeHin,bias,LL,BIC,AIC
-1.7182308803440653,1.9996704386783328,2.11335600261195,0.9834426933090838,-0.08679689188168731,0.9651776923301153,317.8342146593294,660.527237677008,647.6684293186588
