d_t,d_h,thres,nDT,timeHin,bias,LL,BIC,AIC
-1.9880215124609362,1.9997179847060575,2.6851183142513038,0.9893850857898726,-0.037742276754283495,0.8606889408151962,207.66071245423544,439.3654240198657,427.3214249084709
