d_t,d_h,thres,nDT,timeHin,bias,LL,BIC,AIC
-1.4891907547244607,1.9977091485778438,1.1266401439905165,0.9945893066390566,-0.002332387200918788,0.9996492079412295,284.14390379361026,594.0305642341109,580.2878075872205
