d_t,d_h,thres,nDT,timeHin,bias,LL,BIC,AIC
-1.993304595594448,1.9987749892442512,1.2254870951849686,0.9871711873381809,-0.021051183388293773,-0.596993668572656,53.6451568524606,123.53861491153447,119.2903137049212
