d_t,d_h,thres,nDT,timeHin,bias,LL,BIC,AIC
1.9976959891548498,1.996247827841048,1.328702243976295,0.9853447462457259,-0.05760842234939176,0.2678211524237282,255.5689439644708,536.797884643038,523.1378879289416
