d_t,d_h,thres,nDT,timeHin,bias,LL,BIC,AIC
-1.9887347189409024,1.9999926325999535,2.0295520266517997,0.9752282780911383,-0.10500213593730752,0.743508448215926,250.94106823127467,527.5421331766456,513.8821364625494
