d_t,d_h,thres,nDT,timeHin,bias,LL,BIC,AIC
1.7609209619564457,1.999230746557554,2.352915855754846,0.9945415998401457,-0.1276935733059353,0.9991973676226971,287.01365225572215,599.9322331926621,586.0273045114443
