d_t,d_h,thres,nDT,timeHin,bias,LL,BIC,AIC
1.1579034545848594,1.9955149785359159,1.9624920850619674,0.9932951291390337,-9.991470888492376e-4,0.987257355466051,134.78499264663225,291.55135517004237,281.5699852932645
