d_t,d_h,thres,nDT,timeHin,bias,LL,BIC,AIC
-1.9717120260554681,1.9984002209344693,1.7449616669016954,0.9741550952189649,-0.11617464360439635,0.7286386859523246,250.3998915108102,526.4597797357167,512.7997830216204
