d_t,d_h,thres,nDT,timeHin,bias,LL,BIC,AIC
-0.21318695175238236,1.9995661589264049,1.704775092655166,0.9794103793066948,-0.08475087665614063,0.7414419829664047,203.2501758970613,430.6524619385335,418.5003517941226
