d_t,d_h,thres,nDT,timeHin,bias,LL,BIC,AIC
-1.9196759997679307,1.9983725496200841,1.4673577884640965,0.9999650325477921,-0.006805439874526987,0.9994800686888775,56.82204998922436,130.2796323118874,125.64409997844872
