d_t,d_h,thres,nDT,timeHin,bias,LL,BIC,AIC
-0.672746924278767,1.984653535535326,2.832407737776661,0.9947867371531227,-0.060192023687301456,0.992442946086658,290.2771346531617,605.2195124913633,592.5542693063234
