d_t,d_h,thres,nDT,timeHin,bias,LL,BIC,AIC
-1.7875765639936745,1.9966399038015659,0.7974055610597133,0.9760383108276222,-0.0711682994766887,0.9264504565067033,298.10336774731815,621.1600339947943,608.2067354946363
