d_t,d_h,thres,nDT,timeHin,bias,LL,BIC,AIC
0.29390279669478336,1.9852977926442061,2.881668472357585,0.9944466076146482,-0.08029415015375074,0.9563575061552327,292.08422343528173,610.0733755517813,596.1684468705635
