d_t,d_h,thres,nDT,timeHin,bias,LL,BIC,AIC
-0.8391642216053347,1.9909308563219414,0.9219203762346155,0.9875003460171577,-0.037177063125039815,0.9346346468126004,279.6574110133852,585.0575786736607,571.3148220267703
