d_t,d_h,thres,nDT,timeHin,bias,LL,BIC,AIC
1.941472251926835,1.9990266184193772,2.2481368809229196,0.9765272773681201,-0.11972383244504753,0.13334078307315145,297.40617011862054,621.6077889491686,606.8123402372411
