d_t,d_h,thres,nDT,timeHin,bias,LL,BIC,AIC
1.9872803236485568,1.9995954475618662,2.4827115589307756,0.9818452803979728,-0.16300409760764956,0.7738745482601144,304.84108950276675,636.0488739335681,621.6821790055335
