d_t,d_h,thres,nDT,timeHin,bias,LL,BIC,AIC
1.9696032781022843,1.9940856004869467,2.7156401282250395,0.9768309974474239,0.009596482741309963,0.30817365053227364,132.27975219208557,286.540874260949,276.55950438417113
