d_t,d_h,thres,nDT,timeHin,bias,LL,BIC,AIC
0.33677651275845716,1.9966398562787786,1.6847457725554702,0.9856477576570274,-0.06129151403897112,0.8644054330925915,290.6827350164257,606.8564414851476,593.3654700328514
