d_t,d_h,thres,nDT,timeHin,bias,LL,BIC,AIC
1.8309254236519337,1.9972181721542415,2.290358072722582,0.9681407457361411,-0.15126950715629037,0.6991358069054532,319.08440413459505,663.9115649160805,650.1688082691901
