d_t,d_h,thres,nDT,timeHin,bias,LL,BIC,AIC
-1.5204097512142973,1.9937397173902693,2.314181671507828,0.9787357966339465,-0.1142409912107635,0.7038317070636083,298.07113685702524,622.65531736083,608.1422737140505
