d_t,d_h,thres,nDT,timeHin,bias,LL,BIC,AIC
1.1590058981269196,1.9866833636102887,1.1064314420386225,0.9750407472322526,-0.09709567996317853,-0.5131784469607377,303.6996452682275,634.0551980753969,619.399290536455
