d_t,d_h,thres,nDT,timeHin,bias,LL,BIC,AIC
0.11710394113231233,1.9899911162521833,2.1697463225594564,0.9860824886277257,-0.004701728696167041,0.9582979524405865,295.4872515437928,616.3791421151692,602.9745030875856
