d_t,d_h,thres,nDT,timeHin,bias,LL,BIC,AIC
-1.0163288892163918,1.9995884534545365,0.8848198016418349,0.9943857959258264,-0.1381607291644,0.9981928036187147,218.77385820573156,461.59171552285795,449.5477164114631
