d_t,d_h,thres,nDT,timeHin,bias,LL,BIC,AIC
-1.993608488457558,1.999804806380487,2.296496948485106,0.9926794672179894,-0.03965372535687035,0.9234985528032149,189.97667727306995,403.8872588255256,391.9533545461399
