d_t,d_h,thres,nDT,timeHin,bias,LL,BIC,AIC
-0.2255362499651358,1.977560825552865,1.048331073112786,0.9974103739915119,0.007969418158863088,0.9998340470212799,194.34996940927553,412.0508606072148,400.69993881855106
