d_t,d_h,thres,nDT,timeHin,bias,LL,BIC,AIC
1.9468102934551315,1.9893927865754766,2.479040182940662,0.9936961959499406,-0.04841692143970185,0.9328135143880095,137.39986039291892,296.9329975105215,286.79972078583785
