d_t,d_h,thres,nDT,timeHin,bias,LL,BIC,AIC
-1.928700551533702,1.9997286082845385,1.181423040374205,0.9823010375942173,-0.17689879549369436,0.39735778097970054,301.3454799875047,629.3468675139512,614.6909599750094
