d_t,d_h,thres,nDT,timeHin,bias,LL,BIC,AIC
-1.967959673887096,1.9998347567918988,1.7738369469545139,0.9918706291490378,-0.10219483882178448,0.9606454097329661,240.55444332700841,506.42593288507345,493.10888665401683
