d_t,d_h,thres,nDT,timeHin,bias,LL,BIC,AIC
-1.9704705832908216,1.997680159703717,2.4017110553389,0.994564829326944,-0.10152207275450831,0.955274746972006,249.10884524462227,523.5347367203012,510.21769048924455
