d_t,d_h,thres,nDT,timeHin,bias,LL,BIC,AIC
-1.9854793926176497,1.9948238020131266,1.7004090364127697,0.9839164204590444,-0.17206770118773687,0.5660976087050534,297.2906159900895,621.2371395191209,606.581231980179
