d_t,d_h,thres,nDT,timeHin,bias,LL,BIC,AIC
-1.7819213334204904,1.9921248241026879,2.551743479834433,0.9941135507484911,-0.04756436708249538,0.9643718339080523,142.14661599675057,306.71924970320134,296.29323199350114
