d_t,d_h,thres,nDT,timeHin,bias,LL,BIC,AIC
-1.6140883212007675,1.9966580738460469,0.9131275565228288,0.9944625921177225,-0.015679269705117696,0.947508289754703,266.25163488250905,558.2460264119085,544.5032697650181
