d_t,d_h,thres,nDT,timeHin,bias,LL,BIC,AIC
-1.9327155918495946,1.9997390229519556,2.313048958809399,0.9788658600384709,-0.12169688792746865,0.08793235556737788,248.0882724493183,521.919301545527,508.1765448986366
