d_t,d_h,thres,nDT,timeHin,bias,LL,BIC,AIC
1.9053102909796056,1.999956507311478,0.7765185883960758,0.9685092170190458,-0.17924491969518502,0.04164013420523788,275.0543123375358,576.3253117898737,562.1086246750716
