d_t,d_h,thres,nDT,timeHin,bias,LL,BIC,AIC
-1.7618438650510797,1.9853528395571103,2.618087881945164,0.9912995761827292,-0.04072840584328455,0.8784957923789635,265.02761643618646,555.7979895192633,542.0552328723729
