d_t,d_h,thres,nDT,timeHin,bias,LL,BIC,AIC
-1.9459835160385608,1.986102672484911,2.711552054953267,0.9861342353724036,-0.12717628919099944,0.8491652333253468,307.3312582061722,641.4579651242719,626.6625164123444
