d_t,d_h,thres,nDT,timeHin,bias,LL,BIC,AIC
1.9831027726002455,1.9967057560229127,1.9659304978792091,0.9943311957734544,-0.05457869574365738,0.9960724188562796,279.2307069761856,584.5242464834934,570.4614139523712
