d_t,d_h,thres,nDT,timeHin,bias,LL,BIC,AIC
-1.1573423260998397,1.9813691630574128,1.451872794003848,0.9925392342163875,-0.08361247848667847,0.9958841939413875,276.0900433777991,578.0044773148231,564.1800867555982
