d_t,d_h,thres,nDT,timeHin,bias,LL,BIC,AIC
-1.9070239423236979,1.9968447894761883,1.3958381921052934,0.9939030224312411,-0.0487965934866415,0.9992914874202045,261.88249410999356,549.5893787792121,535.7649882199871
