d_t,d_h,thres,nDT,timeHin,bias,LL,BIC,AIC
-1.5081940658505801,1.9924463389007456,1.061969174410395,0.9951747616225741,-0.07611435917176781,0.983886486929245,257.4024975303339,540.1220412917245,526.8049950606678
