d_t,d_h,thres,nDT,timeHin,bias,LL,BIC,AIC
1.9645330748818617,1.9729007231787645,2.5642423424218665,0.9944382920111831,-0.06874535670044693,0.9984459451512656,274.4254272756021,575.1430143592474,560.8508545512042
