d_t,d_h,thres,nDT,timeHin,bias,LL,BIC,AIC
-1.9798449674252039,1.9997350638033091,1.904049852211477,0.9862541937330356,-0.10303204492063697,0.5820758025900717,166.4309137933805,356.2127493754248,344.861827586761
