d_t,d_h,thres,nDT,timeHin,bias,LL,BIC,AIC
-1.72486103632694,1.9950369684993523,0.9431575228377254,0.9955690289960638,-0.0324901318791747,0.9276197364764727,286.45333476737017,599.4197131815199,584.9066695347403
