d_t,d_h,thres,nDT,timeHin,bias,LL,BIC,AIC
-0.6846142661085445,1.999968660898219,1.6254069641579938,0.9905370396575195,-0.03617323393124317,0.9219146415322866,292.619959058744,611.8958256564298,597.239918117488
