d_t,d_h,thres,nDT,timeHin,bias,LL,BIC,AIC
-1.5972185424209553,1.9970491205337397,1.3825577655051067,0.9856985290000837,-0.0843053439917983,0.8501617248465451,278.97040477519886,584.3811250339833,569.9408095503977
