d_t,d_h,thres,nDT,timeHin,bias,LL,BIC,AIC
1.712044271596743,1.9951008442376792,2.4810720784132214,0.9834490273491665,-0.15184203531443863,0.5137558387820786,292.388074036394,611.1428430008227,596.776148072788
