d_t,d_h,thres,nDT,timeHin,bias,LL,BIC,AIC
-1.9764349336614808,1.9969599694775142,1.4366765744497514,0.9727657251399543,-0.1408087368320083,0.5524347789794911,284.10216029507876,594.3445735502951,580.2043205901575
