d_t,d_h,thres,nDT,timeHin,bias,LL,BIC,AIC
0.18325437255070473,1.9899463106861603,2.2890313206705115,0.9689228452011741,0.021695103679952844,0.3969985850771658,282.9034789180706,592.0236449509433,577.8069578361412
