d_t,d_h,thres,nDT,timeHin,bias,LL,BIC,AIC
1.6879992907578958,1.9979146842250777,1.7078439180414648,0.9808408649207683,-0.06463016042841285,-0.6648180933709266,284.7297946964385,595.6762765076791,581.459589392877
