d_t,d_h,thres,nDT,timeHin,bias,LL,BIC,AIC
-1.9587269087569186,1.9993448220004917,0.795889906771481,0.9735447792855482,-0.16121717088285173,0.5058702707751311,265.1212064089471,555.3803412700528,542.2424128178942
