d_t,d_h,thres,nDT,timeHin,bias,LL,BIC,AIC
1.302312762788225,1.5550080548369192,2.464713556046292,0.9962788285754861,-0.18933254549477574,0.9995575194262317,60.42958546187598,136.24886706852118,132.85917092375195
