d_t,d_h,thres,nDT,timeHin,bias,LL,BIC,AIC
0.8615184425116363,1.8222792454292585,2.475406262561231,0.9996051889892077,-0.20596420148706412,0.9996321811074964,63.7644249613909,143.36319390047336,139.5288499227818
