d_t,d_h,thres,nDT,timeHin,bias,LL,BIC,AIC
-1.9151408109773767,1.9991921154583219,2.901570899866793,0.9860520583399383,-0.15990588763839897,0.6134939287386612,268.86385642949915,563.7905453901204,549.7277128589983
