d_t,d_h,thres,nDT,timeHin,bias,LL,BIC,AIC
-1.9945183310294585,1.9993145252312705,2.3678210960007355,0.966183391217487,-0.14319550569402548,0.16078699078660424,300.25873383682085,627.1733752125836,612.5174676736417
