d_t,d_h,thres,nDT,timeHin,bias,LL,BIC,AIC
-1.9970818656765783,1.9982181562315295,2.284946756608805,0.9652270228682304,-0.13475835566021477,-0.09907769926048494,304.08337919794866,634.8928421734183,620.1667583958973
