d_t,d_h,thres,nDT,timeHin,bias,LL,BIC,AIC
-1.9706267695979642,1.9992832591657677,1.2861060184052864,0.9828279305321674,-0.14905374704897423,0.7830338219101953,267.09307153736006,560.2489756058422,546.1861430747201
