d_t,d_h,thres,nDT,timeHin,bias,LL,BIC,AIC
1.9856865563047574,1.9971501800274452,2.6754478840704943,0.9871793076621657,-0.14677558905557264,0.8653245145281082,283.3187468609224,593.0041886498793,578.6374937218447
