d_t,d_h,thres,nDT,timeHin,bias,LL,BIC,AIC
-1.8941948525170038,1.9985017353455332,1.1558616747104167,0.9717582422661043,-0.1725971536579224,0.37647972845104094,287.60046320808505,601.6412418997556,587.2009264161701
