d_t,d_h,thres,nDT,timeHin,bias,LL,BIC,AIC
1.9312169138067754,1.9796178872930443,2.1792214821194067,0.9841358749757126,-0.11869996422059902,0.8375551454471455,304.7973940775001,633.9574462182787,621.5947881550002
