d_t,d_h,thres,nDT,timeHin,bias,LL,BIC,AIC
1.9676957056209163,1.9992567583952936,1.2269692141019317,0.9737691630514023,-0.19864936842877168,0.7567874374102073,284.77839358827276,595.9971026601311,581.5567871765455
