d_t,d_h,thres,nDT,timeHin,bias,LL,BIC,AIC
-1.2975350349067012,1.999940870829663,1.7504959785197562,0.9843015659367723,-0.17628908870360988,0.7983800890148391,295.09950156918364,616.8549106773091,602.1990031383673
