d_t,d_h,thres,nDT,timeHin,bias,LL,BIC,AIC
1.9968243480946517,1.9985394322340033,1.090034071724832,0.9788464161903756,-0.05238721608334969,-0.7103577988608938,298.4406150600134,623.4661309130867,608.8812301200268
