d_t,d_h,thres,nDT,timeHin,bias,LL,BIC,AIC
-1.9637720829308603,1.9943711356533094,2.2318371411444065,0.9946580282147417,-0.03391229736007433,0.9587555496657175,172.40073529209178,368.1523923728473,356.80147058418356
