d_t,d_h,thres,nDT,timeHin,bias,LL,BIC,AIC
-1.8635026521830198,1.9864535066113553,2.5405079332553493,0.9941100277883145,-0.050089469977787904,0.8593756696713055,276.59290240599313,579.6261202955718,565.1858048119863
