d_t,d_h,thres,nDT,timeHin,bias,LL,BIC,AIC
-1.940908956737977,1.9895680117124368,2.852413814342996,0.9769093953238687,-0.17768815705529611,0.8431694997748758,306.9644174356427,640.5847424102272,625.9288348712854
