d_t,d_h,thres,nDT,timeHin,bias,LL,BIC,AIC
-0.9238870688084522,1.9994659604965401,2.0534885767348507,0.963749233589743,-0.09883332805740458,0.5955500553182599,157.08290121313735,337.00577736489663,326.1658024262747
