d_t,d_h,thres,nDT,timeHin,bias,LL,BIC,AIC
1.8221543381518834,1.9996013540017785,2.1291839669683656,0.9835374111921565,-0.19130552653630142,0.9184680693759618,296.2977321916487,617.9125106143541,604.5954643832974
