d_t,d_h,thres,nDT,timeHin,bias,LL,BIC,AIC
0.32039699739796834,1.9946066598053789,1.5489328205450796,0.982331113627696,0.002263505161852637,0.8412567961843818,171.57744958716606,365.99487411295405,355.1548991743321
