d_t,d_h,thres,nDT,timeHin,bias,LL,BIC,AIC
1.6159596236824876,1.998060786043926,1.8783662728621955,0.9942844209325357,-0.1060020415312666,0.9299633952775371,288.8493283253338,604.2835574437274,589.6986566506675
