d_t,d_h,thres,nDT,timeHin,bias,LL,BIC,AIC
-0.8106598690315092,1.992206187505823,2.088392017968045,0.9944822743660249,-0.08804599359916912,0.9856447231115723,305.2481860310332,635.2591783723369,622.4963720620664
