d_t,d_h,thres,nDT,timeHin,bias,LL,BIC,AIC
-1.9584881962413456,1.9639992867814837,0.8137546137900433,0.9824923565379392,-0.13384019026715657,0.8416255795046217,290.87056427405395,608.1814440316934,593.7411285481079
