d_t,d_h,thres,nDT,timeHin,bias,LL,BIC,AIC
-1.9530838444796466,1.989274796297656,1.0293505946634285,0.9707680464490125,-0.1510485596878643,0.1885722939305564,301.6409693216038,629.8668394362675,615.2819386432076
