d_t,d_h,thres,nDT,timeHin,bias,LL,BIC,AIC
1.632203939111013,1.9980239965138156,1.4571339535311965,0.9945041780937931,-0.15433861632045412,0.998050843770719,252.5009127644144,528.9357298082144,517.0018255288288
