d_t,d_h,thres,nDT,timeHin,bias,LL,BIC,AIC
-1.716432872225712,1.9969740931911604,2.1777910865843295,0.9946032505884395,-0.05352457243465526,0.9990788978522925,256.1742481018646,536.1702476850419,524.3484962037292
