d_t,d_h,thres,nDT,timeHin,bias,LL,BIC,AIC
-1.999427841673317,1.9962554850302663,1.189534079656005,0.9945496196060531,-0.05340025746236191,0.8513552255159971,277.6042574871135,581.5006747822703,567.208514974227
