d_t,d_h,thres,nDT,timeHin,bias,LL,BIC,AIC
-1.7656756846699095,1.9927387463173032,2.317956751691522,0.9946145228250769,-0.08656189846232791,0.9977941745831728,287.3086291443102,599.0824829520548,586.6172582886204
