d_t,d_h,thres,nDT,timeHin,bias,LL,BIC,AIC
1.9086001746889476,1.997799429810599,2.544900236092508,0.9742676708288414,-0.1468356971109678,0.26344769907678484,282.8619371938707,592.0160341957846,577.7238743877414
