d_t,d_h,thres,nDT,timeHin,bias,LL,BIC,AIC
-1.9315274913655824,1.997748631835249,1.8519018377475047,0.9941277786846885,-0.04034797379963279,0.8802185620223668,138.1023922731151,298.48621694645607,288.2047845462302
