d_t,d_h,thres,nDT,timeHin,bias,LL,BIC,AIC
1.950404153270239,1.9991318379072727,2.330027844291339,0.9666623060863964,-0.15383880531517266,-0.043596808505411075,297.6246866500299,621.8342740931197,607.2493733000598
