d_t,d_h,thres,nDT,timeHin,bias,LL,BIC,AIC
1.9702380465818585,1.9887164139568616,1.2729598055136897,0.9804676219008323,-0.027490609451276113,0.8444098945762405,51.86095835924561,119.97021792510448,115.72191671849122
