d_t,d_h,thres,nDT,timeHin,bias,LL,BIC,AIC
1.9408958714090494,1.9916894520607895,1.2922524604552186,0.9738365688717464,-0.04573183539166065,0.7948953134795868,51.830502614277734,119.90930643516873,115.66100522855547
