d_t,d_h,thres,nDT,timeHin,bias,LL,BIC,AIC
-1.991870649546448,1.9973540088376138,2.1430973895485943,0.9938452421747473,-0.19921591144089326,0.8395823413771202,296.2294768453447,618.971997337469,604.4589536906894
