d_t,d_h,thres,nDT,timeHin,bias,LL,BIC,AIC
-1.9818095516639083,1.9997107653825261,1.7211509401545686,0.9740269391171312,-0.12312111657681747,0.5062972390429632,298.1221974023491,622.7574384514778,608.2443948046982
