d_t,d_h,thres,nDT,timeHin,bias,LL,BIC,AIC
1.8890246970352553,1.996711237696447,0.911454471213366,0.9838778176715286,-0.13629337146968812,0.78398293873961,292.73258219837254,612.1912481742661,597.4651643967451
