d_t,d_h,thres,nDT,timeHin,bias,LL,BIC,AIC
-0.1832123995063819,1.9964671326504013,2.1038193149989595,0.9822175238256254,-0.026359278586041986,0.7522518601280324,295.01917648622094,616.7644367499629,602.0383529724419
