d_t,d_h,thres,nDT,timeHin,bias,LL,BIC,AIC
1.8230756156862336,1.995404958566211,1.2923299316968455,0.9940352326001228,-0.13524314727893383,0.9996968145765048,311.0107979120583,646.7844021343872,634.0215958241166
