d_t,d_h,thres,nDT,timeHin,bias,LL,BIC,AIC
-1.744275059499692,1.9771281155134135,2.322061466196924,0.9803735710085413,-0.11895746814861889,0.8497617335454066,293.14881311742477,611.8737054970974,598.2976262348495
