d_t,d_h,thres,nDT,timeHin,bias,LL,BIC,AIC
-1.8825545535844705,1.9857034645873064,2.8442392050765046,0.9856935221215223,-0.1371612332810797,0.8614733012811805,306.0373743980698,637.8991393553646,624.0747487961396
