d_t,d_h,thres,nDT,timeHin,bias,LL,BIC,AIC
1.9999345875048196,1.999369293587853,2.0323078474203387,0.9776037108591722,-0.11199046759472159,-0.45673832711259593,279.4412600449764,585.2492150179874,570.8825200899528
