d_t,d_h,thres,nDT,timeHin,bias,LL,BIC,AIC
-1.9813996949571702,1.9991336108264597,2.6060271721512485,0.9852636872085409,-0.08577886587132079,-0.06687395106882132,289.2342150911193,605.1945139597597,590.4684301822386
