d_t,d_h,thres,nDT,timeHin,bias,LL,BIC,AIC
-0.1252217672377255,1.9944939738923702,0.7274693224579095,0.9767206775644733,-0.6210283657121559,0.7960694942063816,316.2959089062281,657.8199735288019,644.5918178124562
