d_t,d_h,thres,nDT,timeHin,bias,LL,BIC,AIC
0.39115911409500975,1.9998067766092156,2.1122448062499424,0.9747819421508792,-0.019614374026303942,-0.7008539546733369,298.29861397062734,623.3926766531822,608.5972279412547
