d_t,d_h,thres,nDT,timeHin,bias,LL,BIC,AIC
1.9730339744957937,1.9982783653267258,0.7192980034276842,0.9446142404536014,-0.14674952557386683,0.21373288872422533,47.519021526617806,110.42773919800483,107.03804305323561
