d_t,d_h,thres,nDT,timeHin,bias,LL,BIC,AIC
-1.9820462010705708,1.9779763059366569,2.5507780512794853,0.9948270314217694,-0.060636523388958995,0.9876105218678514,48.20947636061496,112.25329669892146,108.41895272122991
