d_t,d_h,thres,nDT,timeHin,bias,LL,BIC,AIC
-0.4431758389081934,1.9969426514847217,1.147655494597052,0.9512559527937021,0.02967824616927254,-0.004513754279581811,102.654052788495,225.7152898669629,217.30810557699
