d_t,d_h,thres,nDT,timeHin,bias,LL,BIC,AIC
-1.960526636407239,1.9999682793374889,1.385685758023361,0.9742799380357307,-0.13387325135098851,0.23978998265586177,301.0906001022878,628.9072839820966,614.1812002045756
