d_t,d_h,thres,nDT,timeHin,bias,LL,BIC,AIC
-1.8459457208164198,1.9911809089120711,0.9235963353299895,0.9696751928134463,-0.09574537835566442,-0.06801284487151843,104.27818649484638,228.96355727966568,220.55637298969276
