d_t,d_h,thres,nDT,timeHin,bias,LL,BIC,AIC
-1.97061114356177,1.9969904033856172,0.7309201313329028,0.9934614163698244,-0.10411454821685338,0.954001600141465,121.17962552047449,263.86036467168566,254.35925104094898
