d_t,d_h,thres,nDT,timeHin,bias,LL,BIC,AIC
1.2718491203008009,1.9978190511000709,1.0476352704128935,0.9863495145364629,-0.03692701154886712,-0.25120128187841806,107.35276310316678,235.49994162313192,226.70552620633356
