d_t,d_h,thres,nDT,timeHin,bias,LL,BIC,AIC
-0.32528818902352363,1.9179094272708217,1.7431355785295044,0.9948666592648087,-0.00786632463196828,0.9996897418931879,87.31962323426652,191.2747788019717,186.63924646853303
