d_t,d_h,thres,nDT,timeHin,bias,LL,BIC,AIC
1.9943542610484066,1.9985849726831038,2.6489090821509356,0.9825787216204491,-0.11623581553180691,0.6080247600114108,279.4782540182986,585.0967609967348,570.9565080365973
