d_t,d_h,thres,nDT,timeHin,bias,LL,BIC,AIC
-1.9799126514674086,1.9981721526044278,1.5333590247454487,0.9848390678461161,-0.08456870223836303,0.7734978403165639,298.5584536533741,623.77281484569,609.1169073067482
