d_t,d_h,thres,nDT,timeHin,bias,LL,BIC,AIC
1.5331228118057487,1.9973806504327358,1.2259762618938752,0.9776380848753106,-0.0499986847474492,-0.48590906988524457,305.69973354080435,637.8397825651942,623.3994670816087
