d_t,d_h,thres,nDT,timeHin,bias,LL,BIC,AIC
1.7669717832764504,1.9718987958335097,2.368047889535456,0.9837533405039061,-0.09651448903843089,0.3956699981000021,306.8280290337331,640.1691017142458,625.6560580674662
