d_t,d_h,thres,nDT,timeHin,bias,LL,BIC,AIC
0.29833127578825724,1.9994119943252602,1.696998464276363,0.9945280375426521,-0.044730936569045004,0.8888093734440685,292.14316986618655,610.7993833791527,596.2863397323731
