d_t,d_h,thres,nDT,timeHin,bias,LL,BIC,AIC
-1.9617312702622933,1.9959348397324648,2.8439918311389696,0.9726025943519301,-0.10321091307340592,0.24666362479192505,299.01574766268897,624.6163961184378,610.0314953253779
