d_t,d_h,thres,nDT,timeHin,bias,LL,BIC,AIC
-1.9984078572321091,1.9883751248311166,1.9300843453524996,0.9773762733720834,-0.155555603380372,0.6028034370289892,277.19062268753464,580.6734051831125,566.3812453750693
