d_t,d_h,thres,nDT,timeHin,bias,LL,BIC,AIC
0.3450505345330091,1.9995965895581285,2.1231942689046264,0.9944897502853652,-0.0069120207362230795,0.9201257105105645,260.28364992905216,546.6301323892264,532.5672998581043
