d_t,d_h,thres,nDT,timeHin,bias,LL,BIC,AIC
-1.1489869576798752,1.9969049107888468,1.593608323568494,0.9837187475840473,-0.08863695512525017,0.900893200829128,284.7192097174552,595.805114362945,581.4384194349104
