d_t,d_h,thres,nDT,timeHin,bias,LL,BIC,AIC
-1.9773884247954658,1.999739399629202,2.4845465867820757,0.9878485782863486,-0.09787285788548471,0.8258910625748633,292.56300709363603,611.6390578340516,597.1260141872721
