d_t,d_h,thres,nDT,timeHin,bias,LL,BIC,AIC
-1.9458188614837744,1.9987964505865217,2.227918024634077,0.9862007308924851,-0.14459681060561494,0.7146905937735758,285.8779978169305,598.0481554419042,583.755995633861
