d_t,d_h,thres,nDT,timeHin,bias,LL,BIC,AIC
-1.9860359261134064,1.9989877375377503,2.72779379938112,0.9941670961305967,-0.038607981514715665,0.9520184975372954,271.3495890124223,568.8394309849822,554.6991780248446
