d_t,d_h,thres,nDT,timeHin,bias,LL,BIC,AIC
0.9265925928328478,1.9903266721802177,1.6670376799352036,0.9951177451756079,-0.009125907291574914,0.9998906408535208,87.0987850043083,193.5108249578258,186.1975700086166
