d_t,d_h,thres,nDT,timeHin,bias,LL,BIC,AIC
-1.8808939305871433,1.9950659690705546,1.6143213697018504,0.9858237015742735,-0.04123345600036055,0.9866520845848973,301.8585423868529,627.4245470851944,615.7170847737058
