d_t,d_h,thres,nDT,timeHin,bias,LL,BIC,AIC
-1.9732853149555407,1.999223870029601,0.9473244051339613,0.9856791576133309,-0.15181851530031065,0.6036743513397562,224.3968195895576,473.93156763127377,460.7936391791152
