d_t,d_h,thres,nDT,timeHin,bias,LL,BIC,AIC
1.9995730650271981,1.9964151786262603,2.4893223620707934,0.9751884790266878,-0.1473392052951833,-0.40841261531858086,231.3593670164256,488.03578026390784,474.7187340328512
