d_t,d_h,thres,nDT,timeHin,bias,LL,BIC,AIC
-1.8462703949301371,1.9995523354997387,0.9442753980147445,0.9811410343300273,-0.15758733625191354,0.49956283641264365,277.9958076861871,582.3583103004089,567.9916153723742
