d_t,d_h,thres,nDT,timeHin,bias,LL,BIC,AIC
1.5754059044731719,1.9927615115329202,2.639642278042376,0.9943902109231257,-0.1259092661208349,0.9991364976791897,290.566128086568,606.6232276254323,593.132256173136
