d_t,d_h,thres,nDT,timeHin,bias,LL,BIC,AIC
-1.9822631144765939,1.9956052361285608,1.740166754071812,0.9771233945775349,-0.16980685528756959,-0.03783690580014014,299.27523587849703,625.3459204689216,610.55047175699406
