d_t,d_h,thres,nDT,timeHin,bias,LL,BIC,AIC
-0.12749489676207304,1.9983531446254625,2.7788917172454735,0.9825903783267702,-0.023167083593148896,0.9397286859947203,108.13859752665965,237.07161047011766,228.2771950533193
