d_t,d_h,thres,nDT,timeHin,bias,LL,BIC,AIC
-1.8223954396187716,1.9988588450499187,2.7177262443894015,0.975192274954287,-0.057164494613694834,-0.8185701699287232,101.09856479655934,222.6043138830916,214.1971295931187
