d_t,d_h,thres,nDT,timeHin,bias,LL,BIC,AIC
-1.8333089468463064,1.99793230332185,2.159670176753327,0.9867124478251132,-0.1576650277385119,0.8669799283512423,302.1512238229863,630.7427631295582,616.3024476459726
