d_t,d_h,thres,nDT,timeHin,bias,LL,BIC,AIC
1.6441776508472086,1.9815323244829626,2.3024415465071795,0.993845253985579,-0.09226773254766663,0.9995854545121399,181.14574021966723,384.71749814903467,374.29148043933446
