d_t,d_h,thres,nDT,timeHin,bias,LL,BIC,AIC
1.490984688649407,1.9811530534748243,1.3655793765623485,0.9948482807538592,-0.024578030110404672,0.9969749354984802,190.9409021120882,404.85365260311096,393.8818042241764
