d_t,d_h,thres,nDT,timeHin,bias,LL,BIC,AIC
-1.9675469103206595,1.9945928628468734,1.947195934732648,0.9866526384867605,-0.10950828986383446,0.8548531971576389,278.93346439624094,584.0071817526194,569.8669287924819
