d_t,d_h,thres,nDT,timeHin,bias,LL,BIC,AIC
-1.8900793459642236,1.9927717631261703,1.617649752852196,0.9621007026657342,-0.17004682885874348,0.11641964934288809,301.2075611911629,628.4779549134479,614.4151223823258
