d_t,d_h,thres,nDT,timeHin,bias,LL,BIC,AIC
-0.40587080502720696,1.997779735165739,1.3841611052275842,0.9942214052908582,0.0025589350557334773,0.9967938184637645,302.678894965381,632.2896081491549,617.357789930762
