d_t,d_h,thres,nDT,timeHin,bias,LL,BIC,AIC
1.990272949474575,1.9981394285955092,1.9057199574103791,0.9948846928371393,-0.15714482034683439,0.8439882260176499,277.10349350565707,580.0313775705391,566.2069870113141
