d_t,d_h,thres,nDT,timeHin,bias,LL,BIC,AIC
1.9270124075770245,1.9971167555592522,1.9557808165221413,0.9862095534900588,-0.05566191246860635,-0.5738007340631051,269.7684525831879,565.1969018804722,551.5369051663758
