d_t,d_h,thres,nDT,timeHin,bias,LL,BIC,AIC
1.8042616283964206,1.9975468023030587,1.086928396113217,0.9954836730746236,-0.023356106612407137,0.9990310868697505,269.2973823490065,561.5666130769476,550.594764698013
