d_t,d_h,thres,nDT,timeHin,bias,LL,BIC,AIC
-0.21966180915876649,1.9975999270595184,2.5281217948639574,0.9181879298083795,0.05904805414245839,0.19589110856030711,288.51411086208265,603.4685372077508,589.0282217241653
