d_t,d_h,thres,nDT,timeHin,bias,LL,BIC,AIC
-1.9867238763036075,1.9926822086937466,2.252068807123928,0.9812019886439812,-0.08965555048245742,0.36180593599259814,287.0451865957756,600.6034168383308,586.0903731915512
