d_t,d_h,thres,nDT,timeHin,bias,LL,BIC,AIC
-1.86570253792381,1.9957647299073258,1.0591159918640891,0.9952103427134152,-0.04312630150907689,0.9986758381221744,275.13234986823284,573.7368377690345,562.2646997364657
