d_t,d_h,thres,nDT,timeHin,bias,LL,BIC,AIC
-1.7717757504758767,1.984016732994172,1.6405147689486252,0.9952189329516645,-0.11441162057644935,0.9990264329591529,293.40614762517185,610.5197575618323,598.8122952503437
