d_t,d_h,thres,nDT,timeHin,bias,LL,BIC,AIC
1.8656714526827494,1.9918356416859366,2.6040154354646803,0.9764527643470391,-0.1267478291033615,0.22583089511120366,290.4952418764488,607.5035273996772,592.9904837528976
