d_t,d_h,thres,nDT,timeHin,bias,LL,BIC,AIC
1.9231841591546732,1.9997222837652666,1.5061916627497296,0.975032710026059,-0.12177231812633554,-0.3877891383775006,297.6841853045413,622.0944543866036,607.3683706090826
