d_t,d_h,thres,nDT,timeHin,bias,LL,BIC,AIC
-0.425021169833627,1.9927689751813158,2.0746289780192955,0.9817975304471835,-0.04695402995030088,0.8997237362585667,303.14175567485506,632.5756711577534,618.2835113497101
