d_t,d_h,thres,nDT,timeHin,bias,LL,BIC,AIC
1.9841794876010075,1.9958371736196032,2.6260415302589535,0.98670368537247,-0.03595331014443179,-0.5376136339432467,168.0117483775452,359.49563478765924,348.0234967550904
