d_t,d_h,thres,nDT,timeHin,bias,LL,BIC,AIC
-1.9958190560454012,1.9994827979313838,1.8500700821257468,0.9941164867749364,-0.129402150964565,0.7935274954247353,265.70675288061824,557.3979058029545,543.4135057612365
