d_t,d_h,thres,nDT,timeHin,bias,LL,BIC,AIC
-0.12004468154897296,1.9965470712124862,1.0910441275052507,0.9759765022439773,-0.02445163840425503,9.564160387361964e-4,265.46786994172226,556.9201399251625,542.9357398834445
