d_t,d_h,thres,nDT,timeHin,bias,LL,BIC,AIC
1.9382184871291928,1.9956317361034088,1.031654209362832,0.9803087603620136,-0.18393282050164317,0.5590755947719647,258.2599646764415,542.4248580341008,528.519929352883
