d_t,d_h,thres,nDT,timeHin,bias,LL,BIC,AIC
1.85625738751305,1.9983106684216896,1.7020347153846265,0.9753094175730952,-0.16909064545146812,-0.34250800171693646,275.04800127085497,576.4626974697446,562.0960025417099
