d_t,d_h,thres,nDT,timeHin,bias,LL,BIC,AIC
1.9071573762799738,1.9996546939473772,2.8896540325066864,0.9838434927978487,-0.12349364971809897,0.6428977295798587,288.02786951751744,602.3478988430782,588.0557390350349
