d_t,d_h,thres,nDT,timeHin,bias,LL,BIC,AIC
1.9842339152902757,1.9954954673497733,2.2013784544558113,0.9757109516149031,-0.12126605979363443,0.25560342049402357,303.68353917386054,633.8801219945007,619.3670783477211
