d_t,d_h,thres,nDT,timeHin,bias,LL,BIC,AIC
-1.980452573834778,1.997572981472214,0.707876434363425,0.9755061652308782,-0.07775367195770326,-0.6312749504022306,273.7222011316759,573.736562071395,559.4444022633518
