d_t,d_h,thres,nDT,timeHin,bias,LL,BIC,AIC
-1.9831121603717194,1.9999650969608334,1.7455617966600963,0.9861869477518843,-0.0765851521272451,-0.1308546572753174,286.1358789981099,598.9276655351616,584.2717579962198
