d_t,d_h,thres,nDT,timeHin,bias,LL,BIC,AIC
0.9105400411039613,1.996244446032496,2.576853533741451,0.9943144453237683,-0.08731998835919959,0.8925853970150897,286.30492100664833,599.0501574968822,584.6098420132967
