d_t,d_h,thres,nDT,timeHin,bias,LL,BIC,AIC
-1.995469600143481,1.998809053768931,2.023117160605942,0.9848283773394241,-0.10247831457543155,-0.012615512041426033,289.8220084278274,606.3701006331759,591.6440168556549
