d_t,d_h,thres,nDT,timeHin,bias,LL,BIC,AIC
1.822001862731194,1.99601339037813,0.8506449826061728,0.979380443162298,-0.12272657355996497,-0.5695082454684338,284.7436580354747,595.7794758789927,581.4873160709494
