d_t,d_h,thres,nDT,timeHin,bias,LL,BIC,AIC
1.7129325199925984,1.9994298234333445,1.3501893907284535,0.9835536944309835,-0.04417671428034829,-0.12244679475639292,191.95402362315792,408.1663548533231,395.90804724631585
