d_t,d_h,thres,nDT,timeHin,bias,LL,BIC,AIC
1.9774507887656696,1.9979257901144973,2.107235504469762,0.9629217720610785,-0.16251354799738327,-0.3595974703301344,292.63715982690496,611.9302271927518,597.2743196538099
