d_t,d_h,thres,nDT,timeHin,bias,LL,BIC,AIC
-1.9484517337572576,1.9977695855479143,2.112340076814296,0.9946051908837525,-0.0362647813752709,0.5516021946700892,87.16854460421857,193.88566843656602,186.33708920843713
