d_t,d_h,thres,nDT,timeHin,bias,LL,BIC,AIC
1.9986880356059316,1.999242156254419,2.5215198975496866,0.9764476934317428,-0.07194973292574687,-0.4998841659692375,203.73271488428756,432.0314971419077,419.4654297685751
