d_t,d_h,thres,nDT,timeHin,bias,LL,BIC,AIC
1.9999251090715608,1.998723783521297,2.016124417438039,0.9944923883001167,-0.05448948253501955,0.8379938440611431,282.6535651760836,591.7474458357527,577.3071303521672
