d_t,d_h,thres,nDT,timeHin,bias,LL,BIC,AIC
-1.9108364824249775,1.9994488826448404,0.9124590981404992,0.9946093195792464,-0.13475192819586637,0.854212687020117,293.2811282104654,613.2181639598726,598.5622564209308
