d_t,d_h,thres,nDT,timeHin,bias,LL,BIC,AIC
-1.9466025954724102,1.9971428678488787,2.1168053701903378,0.9824783788081994,-0.1749171788968027,0.816828289822494,280.80684775618664,587.980390440408,573.6136955123733
