d_t,d_h,thres,nDT,timeHin,bias,LL,BIC,AIC
1.986876838237889,1.9999329090575848,0.6580529145494838,0.9762813112474705,-0.09050448021838219,-0.6492332708483364,286.24130192968914,598.9956475061579,584.4826038593783
