d_t,d_h,thres,nDT,timeHin,bias,LL,BIC,AIC
-1.9007151854944655,1.9994379172774714,1.2078580701133435,0.9930189014030183,-0.14429265611265296,0.5711909868114105,270.3500545955255,566.8403621511885,552.700109191051
