d_t,d_h,thres,nDT,timeHin,bias,LL,BIC,AIC
-1.9120716047994566,1.9630363000130109,2.147428756667972,0.9818626203501118,-0.12507028382303625,0.6145289568908121,288.4278778337372,603.2224505955091,588.8557556674745
