d_t,d_h,thres,nDT,timeHin,bias,LL,BIC,AIC
-1.9511971432015232,1.9911138926234948,1.8591122929152262,0.9792405232706255,-0.10161292018572227,-0.11018970349139015,288.7813577716037,604.2186230821493,589.5627155432074
