d_t,d_h,thres,nDT,timeHin,bias,LL,BIC,AIC
-1.9552597608417273,1.9898638933772375,1.5570324920117855,0.985884885777954,-0.05938990664037959,0.827318052072095,277.06465926223154,580.5696340080486,566.1293185244631
