d_t,d_h,thres,nDT,timeHin,bias,LL,BIC,AIC
-1.7046692878051142,1.9908222660599695,2.0498236193018737,0.9853309621237879,-0.1730190092062321,0.7294161076712287,308.6796879178188,644.1548245475651,629.3593758356376
