d_t,d_h,thres,nDT,timeHin,bias,LL,BIC,AIC
-1.787636241664023,1.9960308413536525,1.6854934949177693,0.9865621317018819,-0.04659414933098302,0.8975674955477453,223.59148635276526,472.13627120568856,459.1829727055305
