d_t,d_h,thres,nDT,timeHin,bias,LL,BIC,AIC
-1.1086454733719326,1.9990828927610422,1.6509894054643417,0.9944135744807723,-0.07448395373882477,0.5637987429528926,228.02783729631378,481.3727208236842,468.05567459262755
