d_t,d_h,thres,nDT,timeHin,bias,LL,BIC,AIC
-1.9610076215292476,1.9932718415071384,0.8892275646328927,0.9944429416204272,-0.0679573130806695,0.912892473934321,228.3239857131089,481.9650176572744,468.6479714262178
