d_t,d_h,thres,nDT,timeHin,bias,LL,BIC,AIC
1.1944932480547288,1.9990030231494298,0.9460448150966085,0.9840608319173494,-0.09989906329976757,0.8627787566951461,245.98425365539245,517.5445865730328,503.9685073107849
