d_t,d_h,thres,nDT,timeHin,bias,LL,BIC,AIC
-1.9046228772037326,1.9995383890094638,2.295501907566759,0.9845382452524539,-0.1760851224685337,0.814699545358214,265.04797148825537,556.0803430182287,542.0959429765107
