d_t,d_h,thres,nDT,timeHin,bias,LL,BIC,AIC
-1.9776014512623066,1.9977829234775524,2.8163862427516286,0.9932689154713187,-0.13276524185584304,0.8681663919937295,176.33956193681192,376.3865861851124,364.67912387362384
