d_t,d_h,thres,nDT,timeHin,bias,LL,BIC,AIC
1.0530582228033556,1.9987268907237496,2.1068939769640647,0.9836973951839294,-0.06759658758975347,0.3642460456035161,287.78084389767514,602.0747314421299,587.5616877953503
