d_t,d_h,thres,nDT,timeHin,bias,LL,BIC,AIC
-1.9568847963992357,1.9961261787598947,2.626533520685819,0.983783787872998,-0.14048663199996617,0.6830765245216887,271.1180060136552,568.4526991421125,554.2360120273104
