d_t,d_h,thres,nDT,timeHin,bias,LL,BIC,AIC
1.994221862822301,1.998062564599375,0.6861950819959339,0.9942282129643234,-0.04567473177738631,0.7440934373464967,289.55783866026115,605.7005781135822,591.1156773205223
