d_t,d_h,thres,nDT,timeHin,bias,LL,BIC,AIC
-1.6853229455025702,1.9990262900585738,1.160737924464047,0.9819543690720015,-0.05735168827394112,-0.8524341976366618,149.17930599651444,321.06374979653845,310.3586119930289
