d_t,d_h,thres,nDT,timeHin,bias,LL,BIC,AIC
1.9913283837014522,1.9937887293140002,1.2835992611259999,0.9835428594448726,-0.05714293781405527,-0.8477080967014069,149.6985252564924,322.10218831649433,311.3970505129848
