d_t,d_h,thres,nDT,timeHin,bias,LL,BIC,AIC
-1.9019741580376455,1.9928753892631599,2.272251574760467,0.9809255194672434,-0.12915468268961555,0.31442026000890966,279.3821491226059,585.1309931732465,570.7642982452118
