d_t,d_h,thres,nDT,timeHin,bias,LL,BIC,AIC
0.039626524595577445,1.9849562452880827,2.387892762853508,0.9326756503144288,0.047419018694910525,0.1956146938131317,204.23648335647604,432.62507685736296,420.4729667129521
