d_t,d_h,thres,nDT,timeHin,bias,LL,BIC,AIC
1.9620686888663328,1.9781407520827232,2.913631740777818,0.9668455461964929,-0.15210907098056126,-0.20180931466026875,196.74114147612448,417.41618723163464,405.48228295224897
