d_t,d_h,thres,nDT,timeHin,bias,LL,BIC,AIC
1.8837262507890493,1.9992740437500651,2.2249388924087565,0.9735588393630802,-0.18338405105955724,0.019962261250594582,278.34675161356427,582.9856630351718,568.6935032271285
