d_t,d_h,thres,nDT,timeHin,bias,LL,BIC,AIC
-0.15900963978406607,1.9964184490303354,0.9410232506841911,0.985382041076104,-0.04191130577525225,0.878060157213978,290.25500573832335,606.9503269602322,592.5100114766467
