d_t,d_h,thres,nDT,timeHin,bias,LL,BIC,AIC
-1.9355201413428467,1.997396318153049,1.3901403292358756,0.9948291872519099,-0.05494805554033764,0.9670821596592114,252.50789574309871,530.9207201674153,517.0157914861975
