d_t,d_h,thres,nDT,timeHin,bias,LL,BIC,AIC
-1.709653611008996,1.998360616220341,1.9473765563170136,0.9836126428902504,-0.16561979816616762,0.6539476893102967,298.01850947739905,622.7631027323191,608.0370189547981
