d_t,d_h,thres,nDT,timeHin,bias,LL,BIC,AIC
1.98837306074646,1.988389505573164,1.008843768015504,0.9945895104234063,-0.04343604494582247,0.9015458754360282,256.64911973912916,539.2826395199763,525.2982394782583
