d_t,d_h,thres,nDT,timeHin,bias,LL,BIC,AIC
1.9719033226821336,1.987897655493365,1.3329441447415922,0.9860026151485829,-0.06702733464342917,-0.7119729482480703,236.87681127438958,499.2445940010753,485.75362254877916
