d_t,d_h,thres,nDT,timeHin,bias,LL,BIC,AIC
1.4106682629436427,1.9976424106904154,2.554008600596763,0.9935245356058113,-0.0599008932158124,0.8878217171885783,145.2045606704613,312.8351390506228,302.4091213409226
