d_t,d_h,thres,nDT,timeHin,bias,LL,BIC,AIC
-1.9976659608384404,1.9990921026397395,2.4188966792172395,0.9690352943079845,-0.06650424118946176,0.7587797403447816,301.1036960124526,629.0028407368327,614.2073920249052
