d_t,d_h,thres,nDT,timeHin,bias,LL,BIC,AIC
1.936987972270574,1.9988030410905906,0.9963252521179189,0.9688744400562108,-0.14053252062894805,-0.25567442648325456,260.7352650594951,547.375458800208,533.4705301189902
