d_t,d_h,thres,nDT,timeHin,bias,LL,BIC,AIC
-1.8165361126884818,1.9643815255525339,1.0850417892027353,0.9938539338946014,-0.05516917003288194,0.9989048252811508,283.4573539302789,591.173015467565,578.9147078605578
