d_t,d_h,thres,nDT,timeHin,bias,LL,BIC,AIC
1.6896519095582745,1.9993490396204963,2.451819538325071,0.9584697484181871,-0.1862711187624863,-0.32671100069823084,295.67012222699327,618.0663282315076,603.3402444539865
