d_t,d_h,thres,nDT,timeHin,bias,LL,BIC,AIC
-1.9718560880361742,1.9994587299816295,2.257968769493097,0.9939960341179328,-0.031324678605406976,0.995283408727021,180.01194849372044,382.99574536637544,372.0238969874409
