d_t,d_h,thres,nDT,timeHin,bias,LL,BIC,AIC
1.9255344418995024,1.997916365467177,2.305161772456369,0.9846612927237764,-0.12094071346754354,0.8383552452092339,171.8292064771938,366.36355075789714,355.6584129543876
