d_t,d_h,thres,nDT,timeHin,bias,LL,BIC,AIC
-0.1783845469192705,1.9990434055015072,1.655907161444758,0.9838926581526751,-0.0511333899162231,0.8182481054969061,287.2814943314747,601.0033041465349,586.5629886629494
