d_t,d_h,thres,nDT,timeHin,bias,LL,BIC,AIC
-1.992783488683117,1.9987085234338464,2.989360335829371,0.9762878579900045,-0.10877763664007978,-0.250525773659941,286.05722734950814,598.5547701826018,584.1144546990163
