d_t,d_h,thres,nDT,timeHin,bias,LL,BIC,AIC
-1.9999943454278264,1.9948199020951407,1.2366153401537092,0.9676082402813172,-0.15893456495626201,0.01541564196270323,264.5221888643063,554.9493064098305,541.0443777286126
