d_t,d_h,thres,nDT,timeHin,bias,LL,BIC,AIC
1.9324532772677416,1.9963628945704333,2.014336490478992,0.9661816181269122,-0.15219991236043473,-0.4465747993367798,270.85385844390987,567.6921169295377,553.7077168878197
