d_t,d_h,thres,nDT,timeHin,bias,LL,BIC,AIC
-1.035338487691894,1.9981897959492307,1.822865476408261,0.9860119715471655,-0.048962103322831296,0.870770595359763,280.84378038669,588.1278762569656,573.68756077338
