d_t,d_h,thres,nDT,timeHin,bias,LL,BIC,AIC
1.9624428559414728,1.9983528369563153,2.440594240443642,0.976013672216643,-0.12283706739233066,-0.489804246479114,271.5139985190855,569.244684152973,555.027997038171
