d_t,d_h,thres,nDT,timeHin,bias,LL,BIC,AIC
1.9902237469435464,1.999771111430379,1.4338463729842648,0.9694537941884968,-0.10631535232607132,-0.4015598479512644,272.93151309771457,572.0797133102312,557.8630261954291
