d_t,d_h,thres,nDT,timeHin,bias,LL,BIC,AIC
1.982051697416512,1.9979931239768554,1.7543271658378636,0.9647084351301537,-0.14440262893998307,-0.3047462360727558,290.3211324432888,607.2271656796374,592.64226488657755
