d_t,d_h,thres,nDT,timeHin,bias,LL,BIC,AIC
-1.917998711638644,1.9978530584306098,2.506246128798235,0.9943293667588832,-0.13789543248840416,0.9384018620141411,273.18447551373765,572.5092039876129,558.3689510274753
