d_t,d_h,thres,nDT,timeHin,bias,LL,BIC,AIC
-1.9176496181740812,1.9991683943955663,2.756594003209077,0.9943217185534179,-0.04903779102022124,0.9578346867171718,272.3932994173399,570.9268517948174,556.7865988346798
