d_t,d_h,thres,nDT,timeHin,bias,LL,BIC,AIC
-1.2328644199296832,1.9982991573713282,0.9595428126311871,0.9874158225630085,-0.0974019328401193,0.9953694853550875,243.25285713560157,511.3645226295523,498.50571427120315
