d_t,d_h,thres,nDT,timeHin,bias,LL,BIC,AIC
1.9558191356840484,1.9877096801788106,0.9899951702226623,0.9834270845622985,-0.13641653340232957,0.8019220924741136,266.46609591679555,558.9950243647132,544.9321918335911
