d_t,d_h,thres,nDT,timeHin,bias,LL,BIC,AIC
-1.976023382710562,1.9992526129123571,1.0918213017580864,0.976545293783717,-0.18398691077231927,0.46293937036689986,293.0557373413352,612.6963754757303,598.1114746826704
