d_t,d_h,thres,nDT,timeHin,bias,LL,BIC,AIC
-1.9231377970448476,1.9997002332749692,1.6377084248841889,0.9838635143868569,-0.14321412141397982,0.7167741388041985,280.3142025423822,586.995100012799,572.6284050847644
