d_t,d_h,thres,nDT,timeHin,bias,LL,BIC,AIC
-1.9248712653709825,1.9944587216734195,2.551081072323195,0.9701796379191401,-0.14392347255491506,-0.001895089211777088,281.9623370720422,590.1413612588865,575.9246741440844
