d_t,d_h,thres,nDT,timeHin,bias,LL,BIC,AIC
1.5497063606542958,1.9977231138730132,1.265168621690629,0.9846913720562896,-0.12757437734847435,0.7368045404773733,283.7579566593824,593.808073126808,579.5159133187648
