d_t,d_h,thres,nDT,timeHin,bias,LL,BIC,AIC
-1.987814538856025,1.9975755633086512,0.7820462102123529,0.9903439659830855,-0.11867448574624459,0.8100114302932034,278.85470352826286,584.001566864569,569.7094070565257
