d_t,d_h,thres,nDT,timeHin,bias,LL,BIC,AIC
1.988559228426492,1.9966547996948918,2.0016961740772343,0.9942148858707736,-0.09332702035237171,0.8393360619521342,259.4283962270309,544.8411924957798,530.8567924540617
