d_t,d_h,thres,nDT,timeHin,bias,LL,BIC,AIC
1.9864089537123408,1.999526776038291,2.5218401741813867,0.97296121668092606,-0.09549874503685679,0.09326170210499973,245.08713315617803,515.8342630264524,502.17426631235605
