d_t,d_h,thres,nDT,timeHin,bias,LL,BIC,AIC
1.9884294772305422,1.9986839149193225,0.9023946702396827,0.9769539409352398,-0.10771290829754616,-0.5870124872402462,283.26077927288,593.0346021925395,578.52155854576
