d_t,d_h,thres,nDT,timeHin,bias,LL,BIC,AIC
1.9548622213149216,1.998029474486877,1.576555026400352,0.9796162433473905,-0.13258120647115437,0.18090175880332385,293.941508186002,614.5389239109459,599.883016372004
