d_t,d_h,thres,nDT,timeHin,bias,LL,BIC,AIC
1.976208417659317,1.9983485855868048,1.8763123328229863,0.9934430372424623,-0.04392184114824679,0.9047090579762707,289.6560447796496,605.8969903523591,591.3120895592992
