d_t,d_h,thres,nDT,timeHin,bias,LL,BIC,AIC
1.9201211557509983,1.9979346198907821,1.0086395099970225,0.9838800681520937,-0.15285649902001067,0.7737515203953488,286.9503919496942,600.413827546168,585.9007838993884
