d_t,d_h,thres,nDT,timeHin,bias,LL,BIC,AIC
-1.999712099638864,1.9971861633312142,1.8023794664654385,0.9725157724652798,-0.13920952297138411,0.14443632238018916,288.3498345747498,603.0663640775342,588.6996691494996
