d_t,d_h,thres,nDT,timeHin,bias,LL,BIC,AIC
-1.9949341803950704,1.996378391448677,2.528923331053134,0.9725943215866952,-0.12969358441900417,0.5267093352547632,296.6599075780404,619.8328588028604,605.3198151560808
