d_t,d_h,thres,nDT,timeHin,bias,LL,BIC,AIC
1.225175704256763,1.9960525073220685,2.0402873411536566,0.9864830799140273,-0.0961502991600626,0.9999545045443023,40.54967089630807,96.00878169134415,93.09934179261614
