d_t,d_h,thres,nDT,timeHin,bias,LL,BIC,AIC
-0.964072522797484,1.9985299627783102,1.6383821956037732,0.9862764381215383,-0.07113927326475022,0.9505814702338281,277.9538929572208,582.0480388745791,567.9077859144415
