d_t,d_h,thres,nDT,timeHin,bias,LL,BIC,AIC
-1.9609740455897162,1.993276211566195,1.658366415865275,0.9943125476861452,-0.08698790378603823,0.8975467659942613,218.67961521522818,462.1220367407269,449.35923043045636
