d_t,d_h,thres,nDT,timeHin,bias,LL,BIC,AIC
-1.9487874967152043,1.9991932005673079,2.3795262188131696,0.9853984093454528,-0.08100232818696342,0.89376932258895,223.3361375007122,471.62557350158244,458.6722750014244
