d_t,d_h,thres,nDT,timeHin,bias,LL,BIC,AIC
1.9978108246249582,1.999042858567168,1.450309425467154,0.9834439378760942,-0.3631145774459949,-0.7211391724601264,263.69013575051804,553.5205244611736,539.3802715010361
