d_t,d_h,thres,nDT,timeHin,bias,LL,BIC,AIC
-1.9832103068028983,1.9951869969803264,0.6452564274068012,0.9947631747615607,-0.08484368619096651,0.9281237841968685,263.8931199973279,553.849072525778,539.7862399946558
