d_t,d_h,thres,nDT,timeHin,bias,LL,BIC,AIC
-1.9554940338163191,1.998047496415612,1.3286686956810767,0.9774773355469883,-0.12344408025254804,-0.6075330735215657,288.38571481837323,603.4273371756883,588.7714296367465
