d_t,d_h,thres,nDT,timeHin,bias,LL,BIC,AIC
-1.97238726078015,1.9901519364962927,0.974972826262408,0.9874338986794197,-0.15067068589384683,0.8810034897178411,277.3944562949512,581.0810723979457,566.7889125899025
