d_t,d_h,thres,nDT,timeHin,bias,LL,BIC,AIC
-1.9760892202919325,1.996831745376391,2.988740459795972,0.9839309006148429,-0.08089517806318784,0.9771471618971874,254.2307456077229,534.0375704776936,520.4614912154458
