d_t,d_h,thres,nDT,timeHin,bias,LL,BIC,AIC
1.975737941077598,1.9665123645360567,1.3168545134493046,0.9948127646846444,-0.03683325851500611,0.9839442470768002,263.8685099227619,553.799852376646,539.7370198455238
