d_t,d_h,thres,nDT,timeHin,bias,LL,BIC,AIC
1.877132853053015,1.9894245189793862,2.5178349487804303,0.9845884475348734,-0.14396436593162837,0.42524771644366804,260.25441300662607,546.3332165724771,532.5088260132521
