d_t,d_h,thres,nDT,timeHin,bias,LL,BIC,AIC
-1.9847903378164824,1.9955229854411727,1.8597159195222366,0.9840690822334032,-0.06939420041816705,0.9053791872561414,275.3065526825656,576.6759378962533,562.6131053651312
