d_t,d_h,thres,nDT,timeHin,bias,LL,BIC,AIC
-1.9998539082550408,1.990859910933531,1.5324084140360354,0.9937088109952623,-0.048254542614472914,0.9846943225356763,267.09734582712605,560.0996203354699,546.1946916542521
