d_t,d_h,thres,nDT,timeHin,bias,LL,BIC,AIC
-1.9347605071107303,1.9943724068849638,1.9078263168289307,0.9944062736707785,-0.07525112239391903,0.998907034723083,260.8447281934387,547.1804278391736,533.6894563868774
