d_t,d_h,thres,nDT,timeHin,bias,LL,BIC,AIC
1.9617036859513959,1.999767845370704,1.868389912509659,0.9834827261262284,-0.0748550370432874,0.7694005677226263,253.61431862649547,533.053027812216,519.2286372529909
