d_t,d_h,thres,nDT,timeHin,bias,LL,BIC,AIC
-1.9976233101124574,1.995568909603898,1.896140660179324,0.9947314655023126,-0.11643500885291268,0.7345876688454108,283.2497368373022,593.0843744676642,578.4994736746044
