d_t,d_h,thres,nDT,timeHin,bias,LL,BIC,AIC
0.9746519263160743,1.9982365629399115,0.7425410656258463,0.9943351849332948,-0.07420219361424574,0.9302639127566111,291.71360900604856,609.8675334956827,595.4272180120971
