d_t,d_h,thres,nDT,timeHin,bias,LL,BIC,AIC
1.7971247449764651,1.9984246222254123,2.8368253095075486,0.98129867571506,-0.14738969521500042,-0.08876196220327702,283.5394903703605,593.5192962243066,579.078980740721
