d_t,d_h,thres,nDT,timeHin,bias,LL,BIC,AIC
1.9811054360963205,1.998361293999049,1.247041130454324,0.9850513503161014,-0.06053380039169746,-0.7912574138941192,270.3211923794865,566.8590718737751,552.642384758973
