d_t,d_h,thres,nDT,timeHin,bias,LL,BIC,AIC
-1.9522416974305954,1.9960110815687695,2.4913531671219715,0.9947226037490542,-0.0812773957885293,0.9614146490877972,269.66163248501357,565.4635179301647,551.3232649700271
