d_t,d_h,thres,nDT,timeHin,bias,LL,BIC,AIC
1.5600078711641936,1.997501416400867,1.7263018786244197,0.9942860668772708,-0.10891228469687535,0.9917824188733028,258.70714721330705,543.3192231078319,529.4142944266141
