d_t,d_h,thres,nDT,timeHin,bias,LL,BIC,AIC
-0.4006525833759458,1.9976331722521983,2.4020038775407357,0.9864028056464879,-0.012632689668611936,-0.025326450130267235,50.22179302270086,116.69188725201498,112.44358604540172
