d_t,d_h,thres,nDT,timeHin,bias,LL,BIC,AIC
-0.4014715984962778,1.9980355598729524,2.0363830887978223,0.9861766583525071,-0.013555671740944459,0.030276798928162197,46.87872929564848,109.59180256898851,105.75745859129697
