d_t,d_h,thres,nDT,timeHin,bias,LL,BIC,AIC
-1.9939954234883122,1.9986444992819241,2.30275855514768,0.9870344658202824,-0.12765800275515637,0.8001341544682294,280.1403520883213,586.7210196602282,572.2807041766426
