d_t,d_h,thres,nDT,timeHin,bias,LL,BIC,AIC
-1.9478972165639596,1.9992686045509547,0.8921341981531361,0.9947223199587113,-0.13487833987647885,0.912641121536124,277.92128382299757,582.2828831295807,567.8425676459951
