d_t,d_h,thres,nDT,timeHin,bias,LL,BIC,AIC
0.4661881868887417,1.9911743014806875,1.549778462473121,0.9798465150338911,-0.003996581134921649,0.9695827601328965,108.4790797287665,237.56208268444385,228.958159457533
