d_t,d_h,thres,nDT,timeHin,bias,LL,BIC,AIC
-0.2045706149719445,1.999709191190203,2.7805196441548414,0.9762109471527144,0.009744200648280972,0.5945139594110812,248.95831672586738,523.4927127139827,509.91663345173475
