d_t,d_h,thres,nDT,timeHin,bias,LL,BIC,AIC
1.7656581560829034,1.990851415779158,1.7452532405883874,0.9944522393510598,-0.07009790906237215,0.9995796832816106,107.31632862725446,235.03984154448187,226.63265725450893
