d_t,d_h,thres,nDT,timeHin,bias,LL,BIC,AIC
-1.7726954038940177,1.9931232604564737,0.6538451565429568,0.9952313110680466,-0.09347932966110165,0.9989445198389352,276.73392363731443,578.7848935056855,565.4678472746289
