d_t,d_h,thres,nDT,timeHin,bias,LL,BIC,AIC
1.3752978112737995,1.996842173643389,0.7263577621258857,0.9942633723347256,-0.14893360060564556,0.9915598325840717,285.959082892095,598.0584187443276,583.91816578419
