d_t,d_h,thres,nDT,timeHin,bias,LL,BIC,AIC
-1.9084524689242244,1.991734391914528,0.9653237455539857,0.9864891685477926,-0.053431300889984185,0.9989456340672559,274.5478032450204,574.4126527210975,561.0956064900408
