d_t,d_h,thres,nDT,timeHin,bias,LL,BIC,AIC
-1.9956509202029096,1.9989429706351214,1.4583391738650167,0.994551548686182,-0.15229986332279022,0.9880226819870906,275.63999106056986,577.7202976047253,563.2799821211397
