d_t,d_h,thres,nDT,timeHin,bias,LL,BIC,AIC
-0.3548831287761431,1.9996193461499336,2.658523937710449,0.9859777293330004,-0.003386306939498685,0.8892891703360786,229.5987921005812,484.514630432219,471.1975842011624
