d_t,d_h,thres,nDT,timeHin,bias,LL,BIC,AIC
1.8960510623119224,1.9914700782329262,0.7128556611962131,0.9935255747196798,-0.08384305326216716,0.9968671287455333,188.57313525513229,399.5722882199648,389.14627051026457
