d_t,d_h,thres,nDT,timeHin,bias,LL,BIC,AIC
-1.9803913569332372,1.9946780000428037,2.874530786453442,0.9777437027914656,-0.07466908641038576,-0.1571734817694204,74.48789680120998,167.52204832256987,160.97579360241997
