d_t,d_h,thres,nDT,timeHin,bias,LL,BIC,AIC
-1.806523987515285,1.9996371782856457,2.7909427519887684,0.9916991030889667,-0.12426818100900044,0.9685991888075393,232.3045078378588,489.37182198598816,476.6090156757176
