d_t,d_h,thres,nDT,timeHin,bias,LL,BIC,AIC
1.9267773027559632,1.998190963210273,0.7555515344478806,0.983371469226978,-0.18325254688607018,0.9202128040957298,241.1695238319686,507.10185397420776,494.3390476639372
