d_t,d_h,thres,nDT,timeHin,bias,LL,BIC,AIC
-1.9402265473212725,1.9817784137396572,2.950083181075752,0.9739754913267832,-0.1440265516792352,0.27474879909449623,283.5314998566958,593.3551595214349,579.0629997133916
