d_t,d_h,thres,nDT,timeHin,bias,LL,BIC,AIC
1.8925634436626972,1.9990295547104802,1.4073505298015232,0.9937454181621751,-0.10960162570856952,0.7578022905906356,293.45636018655296,613.6388041506269,598.9127203731059
