d_t,d_h,thres,nDT,timeHin,bias,LL,BIC,AIC
1.9506048266703728,1.997925012565989,0.7216309353621017,0.9758923001774248,-0.17223127350440798,-0.3084918905792618,302.9906326059402,632.8452860987497,617.9812652118804
