d_t,d_h,thres,nDT,timeHin,bias,LL,BIC,AIC
0.8911933578794662,1.9989619506557472,1.1904052108526229,0.9832983194575432,-0.10662354529198191,0.036316304487431714,278.1357521561934,582.5636641204301,568.2715043123868
