d_t,d_h,thres,nDT,timeHin,bias,LL,BIC,AIC
-1.9514458011744873,1.994168938572805,2.8409769256848296,0.9831880435175557,-0.1121206613584917,0.053433368269983926,280.2231780322272,586.959399711234,572.4463560644544
