d_t,d_h,thres,nDT,timeHin,bias,LL,BIC,AIC
1.781770629412376,1.9969679936998028,1.4426694413647057,0.9931178177434579,-0.10952266312207683,0.983999806000806,125.18474816410972,271.8706099589561,262.36949632821944
