d_t,d_h,thres,nDT,timeHin,bias,LL,BIC,AIC
1.974654178791659,1.9974121320964553,1.0160761922032142,0.9800630849580106,-0.11528952466153627,0.8679141969832538,106.025036051785,232.65399533048088,224.05007210357
