d_t,d_h,thres,nDT,timeHin,bias,LL,BIC,AIC
1.9900216707704552,1.9996680283281452,1.5251371018965174,0.9892049068878528,-0.052907459524703604,0.5114079840559015,231.90310872220775,488.94414589657407,475.8062174444155
