d_t,d_h,thres,nDT,timeHin,bias,LL,BIC,AIC
-1.4068855665824662,1.9864649234140144,2.4204451774491034,0.9895374663179927,-0.06502562328988266,0.999799432284652,279.33256947337503,582.3726012582387,570.6651389467501
