d_t,d_h,thres,nDT,timeHin,bias,LL,BIC,AIC
1.5974774827396645,1.9901762476133364,0.957033733485251,0.9943186052634752,-0.15746101809343827,0.9990469012935613,258.1782508204253,539.7074234295144,528.3565016408506
