d_t,d_h,thres,nDT,timeHin,bias,LL,BIC,AIC
-1.9692868657468048,1.9986151540840549,1.124381820112467,0.9912511370495546,-0.08161141459715913,0.7869621707920271,280.72667049962,587.9663846460196,573.45334099924
