d_t,d_h,thres,nDT,timeHin,bias,LL,BIC,AIC
-1.8215541023800643,1.9951210949344378,0.9759305385733769,0.9865857635152507,-0.19555615886723945,0.7141966532235619,272.2125625501812,570.7172849084056,556.4251251003624
