d_t,d_h,thres,nDT,timeHin,bias,LL,BIC,AIC
0.37016871414695585,1.99232738070956,2.144895718552889,0.9918311592247786,-0.059479586041627674,0.8806583737316428,285.2887841191968,596.9442631664283,582.5775682383936
