d_t,d_h,thres,nDT,timeHin,bias,LL,BIC,AIC
1.9292280304205331,1.9987041925107727,0.7737021709517702,0.9848278152177614,-0.06835113454150875,0.653042766639524,232.0704678222223,489.3690913607904,476.1409356444446
