d_t,d_h,thres,nDT,timeHin,bias,LL,BIC,AIC
1.9186010057089384,1.9949876771822244,2.162618286136874,0.9612398235307138,-0.11031573849517351,-0.12346861617362302,143.78685657118007,309.555083019138,299.57371314236013
