d_t,d_h,thres,nDT,timeHin,bias,LL,BIC,AIC
-1.9973815857125283,1.9983359720594644,1.8977031304100829,0.9843286329792988,-0.07788311145639325,0.7057204540898422,285.75914456933447,598.1031899317288,583.5182891386689
