d_t,d_h,thres,nDT,timeHin,bias,LL,BIC,AIC
1.9873129720544611,1.999920199474277,2.8502132548740167,0.9840882978589407,-0.1886297404006981,0.5123919381125529,274.9566076874918,576.2053751830268,561.9132153749836
