d_t,d_h,thres,nDT,timeHin,bias,LL,BIC,AIC
1.9909803122943008,1.9998842822906775,1.49642324637502,0.9861988838971619,-0.06778709702000042,-0.05554749803884239,77.23992031138539,173.29280591834566,166.47984062277078
