d_t,d_h,thres,nDT,timeHin,bias,LL,BIC,AIC
-1.829859140329063,1.9973021512414904,1.4738107380125278,0.9832219026992466,-0.054614386866950713,0.8937354749213735,277.2092308154771,580.4028616726722,566.4184616309542
