d_t,d_h,thres,nDT,timeHin,bias,LL,BIC,AIC
-1.9019188594535605,1.9891187408440336,2.0637912747303884,0.9835817183852797,-0.139431537458035,0.7551766695758771,285.6542526064375,597.3713377439972,583.308505212875
