d_t,d_h,thres,nDT,timeHin,bias,LL,BIC,AIC
1.9919140134430662,1.9974523375724726,2.5859285099431872,0.9809591081553102,-0.06385410192522073,-0.6995031400964139,267.249920576708,560.5626736845381,546.499841153416
