d_t,d_h,thres,nDT,timeHin,bias,LL,BIC,AIC
1.6951851284531507,1.9991139326388656,1.4191865595245012,0.9824875575541471,-0.105028233206981,0.26405162471351423,294.81763424752603,616.3613522725731,601.6352684950521
