d_t,d_h,thres,nDT,timeHin,bias,LL,BIC,AIC
1.9741015285465284,1.9986080518893956,0.6156124289184266,0.9404264034027751,-0.16862329715677085,-0.16007626789499074,301.84126144204544,630.1955665308705,615.6825228840909
