d_t,d_h,thres,nDT,timeHin,bias,LL,BIC,AIC
1.967801270851109,1.997788470706,2.9773006002762106,0.9480305260120812,-0.16425043624119443,-0.07183643209185336,311.7809025621982,650.2878889019174,635.5618051243964
