d_t,d_h,thres,nDT,timeHin,bias,LL,BIC,AIC
1.9325531900257609,1.9994714086482877,2.428691822780537,0.9866381221981207,-0.09804519339920371,0.5116174659812458,287.6983274412816,601.5369078427008,587.3966548825632
