d_t,d_h,thres,nDT,timeHin,bias,LL,BIC,AIC
1.9147382194281932,1.9969504864110788,1.8672415248966854,0.976209836441617,-0.01492874536373727,-0.19849118381226277,286.47356784033457,598.852064361887,584.9471356806691
