d_t,d_h,thres,nDT,timeHin,bias,LL,BIC,AIC
1.0120992822085415,1.987489555431986,0.9524022353813053,0.994277939804868,-0.0611189633752746,0.999636907219243,107.45234296136228,234.21794087193376,226.90468592272455
