d_t,d_h,thres,nDT,timeHin,bias,LL,BIC,AIC
-0.5660562924812051,1.9956197841020615,1.8586327966854028,0.9793232184672302,-0.11666040094017086,0.3420650173288115,284.79140483398953,595.407200227204,581.5828096679791
