d_t,d_h,thres,nDT,timeHin,bias,LL,BIC,AIC
-1.9101944643690976,1.9916802101989142,1.6288781000028025,0.9939778202149295,-0.06473545972133275,0.9772044887492682,272.5462852302231,570.3207261767919,557.0925704604462
