d_t,d_h,thres,nDT,timeHin,bias,LL,BIC,AIC
-1.998686773342078,1.9952727193339563,1.6599451562657237,0.991100487400854,-0.018259915914054167,0.87208269843957,254.26895783693124,534.3623062330875,520.5379156738625
