d_t,d_h,thres,nDT,timeHin,bias,LL,BIC,AIC
-1.7887228240448105,1.9973598695897758,1.7386339765349295,0.9944296464743113,-0.07883782821837053,0.9664255008142388,286.23186776986967,598.0398148019872,584.4637355397393
