d_t,d_h,thres,nDT,timeHin,bias,LL,BIC,AIC
0.6931804120540619,1.9998561377966306,1.841461917757988,0.981412637478982,-0.8542879263489808,0.7188064423904882,70.8059646792844,159.87906398490935,153.6119293585688
