d_t,d_h,thres,nDT,timeHin,bias,LL,BIC,AIC
1.9915898430331378,1.9921668253278497,1.5247874021530152,0.9860546051548051,-0.05007015035261522,-0.919749685739022,64.15037072786936,145.96737533073735,140.30074145573872
