d_t,d_h,thres,nDT,timeHin,bias,LL,BIC,AIC
1.965432840850466,1.9954342313047118,1.796496506407857,0.9928269311143877,-0.1735642058718352,0.9987637641924149,287.7745159095943,599.9116898824672,587.5490318191886
