d_t,d_h,thres,nDT,timeHin,bias,LL,BIC,AIC
-1.9711084995070283,1.968276943734158,2.774332093355526,0.994751759193944,-0.05503363000426257,0.9452389255654424,257.30418988005727,540.4327703193395,526.6083797601145
