d_t,d_h,thres,nDT,timeHin,bias,LL,BIC,AIC
0.14160239180022982,1.9947882630128178,2.608774409616889,0.995674430492799,-0.004346636032286688,0.9931839667895959,261.8247540994123,547.3569705103132,535.6495081988246
