d_t,d_h,thres,nDT,timeHin,bias,LL,BIC,AIC
1.954513670182684,1.998413866767266,1.1386094463162086,0.9942185916775773,-0.14337706545312193,0.9989911291707649,276.2706710140029,578.6815949881434,564.5413420280058
