d_t,d_h,thres,nDT,timeHin,bias,LL,BIC,AIC
1.9658233826346443,1.991522949032583,1.2346976626990924,0.9860804986426934,-0.0652876139194251,-0.3402102955526505,279.1531865904969,584.6730681090285,570.3063731809938
