d_t,d_h,thres,nDT,timeHin,bias,LL,BIC,AIC
1.9749771468379131,1.9978549007486917,1.3660407549611928,0.9780150917256875,-0.08643887365077513,-0.5479826443888308,284.9751919865469,596.4634276198734,581.9503839730938
