d_t,d_h,thres,nDT,timeHin,bias,LL,BIC,AIC
1.989710898150315,1.9985225150492587,2.5273184692119797,0.9864589367846496,-0.156316491984436,0.8116725701211722,295.68712779570416,617.9591563844682,603.3742555914083
