d_t,d_h,thres,nDT,timeHin,bias,LL,BIC,AIC
1.1359280039477297,1.9985909074753887,2.369847300696674,0.9826089651625571,-0.06186562038729396,0.9559045858697698,217.61305207551638,455.6332884410057,447.22610415103276
