d_t,d_h,thres,nDT,timeHin,bias,LL,BIC,AIC
1.994048416818809,1.9997319538377445,1.7969383223614335,0.9693100661568297,-0.07570727915812574,-0.4204959758197923,289.9048912154408,606.2500979144671,591.8097824308816
