d_t,d_h,thres,nDT,timeHin,bias,LL,BIC,AIC
-1.9899554435991282,1.9985086200720414,2.7748590618964797,0.9833997265273124,-0.08958859796789531,0.8980643768771847,284.0669426377207,594.6469289222209,580.1338852754413
