d_t,d_h,thres,nDT,timeHin,bias,LL,BIC,AIC
0.4461737242814434,1.9984790504412664,1.5696681925498652,0.9836567390869752,-0.009971288359429347,-0.635141517044268,270.76412828707555,567.5126566158691,553.5282565741511
