d_t,d_h,thres,nDT,timeHin,bias,LL,BIC,AIC
-1.9038185230208915,1.9990883361906695,1.693935111060048,0.9839125656246956,-0.11584985422452604,0.6522647465847873,242.04444025560116,509.57985196349847,496.0888805112023
