d_t,d_h,thres,nDT,timeHin,bias,LL,BIC,AIC
-1.984127449646176,1.9853277333244446,2.5179862197446923,0.9943812405705984,-0.061523878973595174,0.9999786812131207,293.37197871462297,613.1106523572805,598.7439574292459
