d_t,d_h,thres,nDT,timeHin,bias,LL,BIC,AIC
-1.9626772135338528,1.9864434100317832,2.5963573968037963,0.9946861809717168,-0.05450851066876032,0.9966205471658649,282.5488138082026,591.2378805765428,577.0976276164052
