d_t,d_h,thres,nDT,timeHin,bias,LL,BIC,AIC
1.8927201003848375,1.9968792938005175,1.122660166589215,0.9834200588749912,-0.1172923211463654,0.4507191069718616,268.0326355546937,561.7252678234837,548.0652711093874
