d_t,d_h,thres,nDT,timeHin,bias,LL,BIC,AIC
-0.6391641349561763,1.999081444457397,1.227098197150033,0.9885991995377901,-0.44739755167073225,0.7249590606238877,281.1591252335041,588.6849453950429,574.3182504670082
