d_t,d_h,thres,nDT,timeHin,bias,LL,BIC,AIC
1.9613915933479558,1.9540484076974165,1.8895631244246998,0.984202157675605,-0.09201779717282496,0.9999545372140308,96.31231246139717,211.692947904882,204.62462492279434
