d_t,d_h,thres,nDT,timeHin,bias,LL,BIC,AIC
1.959345097200033,1.9979873277836089,2.3606542294844983,0.975311469744016,-0.13271668137415685,0.2287216780859524,286.6535823954972,599.74748027458,585.3071647909944
