d_t,d_h,thres,nDT,timeHin,bias,LL,BIC,AIC
1.996142069551644,1.9980192911211647,2.981498593177487,0.9739181209191339,-0.11274195393769172,-0.22770238155239178,280.14187408489437,586.6504430978234,572.2837481697887
