d_t,d_h,thres,nDT,timeHin,bias,LL,BIC,AIC
-1.994705800826066,1.9894594291116507,2.1132933101082454,0.9874702659960506,-0.09225464728002705,0.821893075255738,278.8511498245364,584.1426151326583,569.7022996490728
