d_t,d_h,thres,nDT,timeHin,bias,LL,BIC,AIC
-1.9895399181918365,1.9852517708607498,1.199914738373494,0.994406023863247,-0.13483116478314058,0.8225387859455817,264.5096082416716,555.1594694434807,541.0192164833431
