d_t,d_h,thres,nDT,timeHin,bias,LL,BIC,AIC
-1.9725571341208192,1.9942002622028427,1.9902826946518928,0.9942915425562379,-0.04057858119250954,0.979872055798904,229.74365778990577,484.6252440319701,471.48731557981154
