d_t,d_h,thres,nDT,timeHin,bias,LL,BIC,AIC
-1.9904034020489534,1.9991079879458018,0.8721853939070714,0.9931151326507969,-0.0422435202175631,0.8728217539671356,235.24365602858978,495.71546777352535,482.48731205717957
