d_t,d_h,thres,nDT,timeHin,bias,LL,BIC,AIC
1.992674194824063,1.996465182693028,0.9003048872575166,0.9934519505605846,-0.07898944778808809,0.8099589574373427,260.59963378953853,547.2621001101992,533.1992675790771
