d_t,d_h,thres,nDT,timeHin,bias,LL,BIC,AIC
1.947144272063435,1.9887830264719015,2.259616619573887,0.9942577795678704,-0.0767547926828569,0.9988923180445417,191.2659227739925,406.3535970292977,394.531845547985
