d_t,d_h,thres,nDT,timeHin,bias,LL,BIC,AIC
1.997585508218063,1.995792447689181,2.332492440720879,0.9835095071599476,-0.05297990133297662,0.008238474950620227,275.9347349776768,578.3097854389391,563.8694699553536
