d_t,d_h,thres,nDT,timeHin,bias,LL,BIC,AIC
1.0781360757493679,1.9921265535465877,2.4624837343177663,0.9852510330367608,-0.07094775457595869,0.8987024653657854,295.9485958657269,618.4102353782333,603.8971917314537
