d_t,d_h,thres,nDT,timeHin,bias,LL,BIC,AIC
1.9989851146502509,1.9921383819950418,2.012138178075567,0.9840453100295345,-0.1263460701707596,0.7370118436648955,312.3290522830717,651.3841883436644,636.6581045661434
