d_t,d_h,thres,nDT,timeHin,bias,LL,BIC,AIC
-0.7905874091023554,1.9976732278263394,2.823186123557389,0.9873307929721067,-0.08757365548181108,0.770921807392775,289.38620471835674,605.3573102297734,590.7724094367135
