d_t,d_h,thres,nDT,timeHin,bias,LL,BIC,AIC
1.9121886714666658,1.9916526507183872,2.6414331436576877,0.9785917785552805,-0.08579538736160122,-0.5429808605998541,286.73873666565913,600.0623741243782,585.4774733313183
