d_t,d_h,thres,nDT,timeHin,bias,LL,BIC,AIC
-1.8898657660700449,1.9967958665524657,1.9538226200267672,0.9764919392052452,-0.09210925576912715,0.7825975963933319,248.95150682384994,523.5630103617962,509.9030136476999
