d_t,d_h,thres,nDT,timeHin,bias,LL,BIC,AIC
-1.9764914456217835,1.9976983184001071,1.3612814838725291,0.9932671008713361,-0.06973892388758354,0.8344873206488637,267.54703445048517,561.2343218611079,547.0940689009703
