d_t,d_h,thres,nDT,timeHin,bias,LL,BIC,AIC
0.847199671412652,1.9878919703904387,2.789753773665088,0.9944405118127321,-0.06898155809293646,0.9998386304891705,279.0326987592692,583.8897880777633,570.0653975185384
