d_t,d_h,thres,nDT,timeHin,bias,LL,BIC,AIC
-1.9908327880785504,1.9995407408855224,0.942946478093039,0.9867358710403286,-0.05617173958492596,0.6823726469078351,270.2956746724472,566.8080364596965,552.5913493448944
