d_t,d_h,thres,nDT,timeHin,bias,LL,BIC,AIC
0.1335911096619874,1.9960002997622828,1.180831564728567,0.9753808009756351,0.0014264677590280009,0.28846789891166674,82.56291633966455,184.19415566141677,177.1258326793291
