d_t,d_h,thres,nDT,timeHin,bias,LL,BIC,AIC
1.9873307664286168,1.9989786596110797,2.437002222965644,0.9878851002691496,-0.0125906373586945,0.45272500629917317,111.16933893293427,243.31772323466743,234.33867786586853
