d_t,d_h,thres,nDT,timeHin,bias,LL,BIC,AIC
1.9991707812857256,1.9951136502958788,1.5616589941084384,0.9862912579928613,-0.016264276964806822,0.5374721306125237,111.09476211990689,243.16856960861267,234.18952423981378
