d_t,d_h,thres,nDT,timeHin,bias,LL,BIC,AIC
1.9854007908252773,1.9992947480677996,1.0758431414618144,0.9857993699083041,-0.07697760436171694,0.7639415326935847,81.25196059780055,181.57224417768876,174.5039211956011
