d_t,d_h,thres,nDT,timeHin,bias,LL,BIC,AIC
-1.2731812674827616,1.9996160337163693,1.5795750537394306,0.9827517815560929,-0.041478432208597774,0.7294654449171617,291.1991947683138,607.8893609889238,594.3983895366276
