d_t,d_h,thres,nDT,timeHin,bias,LL,BIC,AIC
-0.8534741355242408,1.9935732632153254,2.1160045736252404,0.9840095696716977,-0.06276518473675884,0.7350381408877867,298.51942318151276,622.0851699823993,609.0388463630255
