d_t,d_h,thres,nDT,timeHin,bias,LL,BIC,AIC
-1.8496069184527697,1.9989775164219101,0.8558255787938833,0.9685332050984594,-0.17187762849377825,-0.06881600697302515,261.30488746859595,548.3525315840823,534.6097749371919
