d_t,d_h,thres,nDT,timeHin,bias,LL,BIC,AIC
-0.5201283204275298,1.8541071461513638,1.2103229756523055,0.9844753040932885,-0.46546196691558916,0.9981132735528883,269.2479171028132,550.9724834557054,550.4958342056264
