d_t,d_h,thres,nDT,timeHin,bias,LL,BIC,AIC
1.9973421572047259,1.9973820901051043,1.1698973556910561,0.9999967156883216,-0.007818662187046408,0.8719053325969828,46.794051798005796,109.42244757370314,105.58810359601159
