d_t,d_h,thres,nDT,timeHin,bias,LL,BIC,AIC
1.7681797091493061,1.930040511739243,1.282193123251268,0.9948948600466245,-0.04907649285047769,0.9985198064348877,43.782397960649405,102.95449206606803,99.56479592129881
