d_t,d_h,thres,nDT,timeHin,bias,LL,BIC,AIC
1.9771972050339948,1.9988805320636855,2.317635681757962,0.9838234760385839,-0.052407338542810544,-0.18466816726312735,274.6628098615461,575.5423068378943,561.3256197230922
