d_t,d_h,thres,nDT,timeHin,bias,LL,BIC,AIC
-1.9859056648836033,1.9788471033650066,1.8080974044387053,0.9959092782759223,-0.05350165637160725,0.995536060094399,235.5875652757168,495.4334381584409,483.1751305514336
