d_t,d_h,thres,nDT,timeHin,bias,LL,BIC,AIC
-1.9933098669293798,1.9763403307557337,0.8475435100951322,0.9905294326536652,-0.02933773894440738,0.9985418089116491,76.4823449470128,171.51094461417551,164.9646898940256
