d_t,d_h,thres,nDT,timeHin,bias,LL,BIC,AIC
1.9678047108129004,1.9967692785418014,0.7133503099903464,0.9839133127988451,-0.16746751144590563,0.725018154999051,252.33422646788222,530.4112095826548,516.6684529357644
