d_t,d_h,thres,nDT,timeHin,bias,LL,BIC,AIC
-1.013713027440911,1.9996233056781592,1.6768025389031829,0.9904359102607707,-0.058039944353045186,0.8076635288338712,297.789780859585,622.1644625122299,607.57956171917
