d_t,d_h,thres,nDT,timeHin,bias,LL,BIC,AIC
-1.9936823226356817,1.9821089472959228,2.787389938101168,0.9783033413682691,-0.098980967084104,0.6155679646349391,252.10533611608992,529.5277184632365,516.2106722321798
