d_t,d_h,thres,nDT,timeHin,bias,LL,BIC,AIC
1.8714726973945128,1.9974202722339685,1.9282041008682966,0.9739865940155432,-0.1345536185954688,-0.23602523173345952,289.41709045991126,605.2008758478571,590.8341809198225
