d_t,d_h,thres,nDT,timeHin,bias,LL,BIC,AIC
1.9752456031235957,1.9898317927534281,1.3733308363379058,0.9949214788601269,-0.07864221735764444,0.9734430468950092,283.61246107327844,593.5916170745916,579.2249221465569
