d_t,d_h,thres,nDT,timeHin,bias,LL,BIC,AIC
-1.9268864530936474,1.99350297437358,1.1690443180462073,0.9909682076569075,-0.17968476143653028,0.8755643430063522,220.98866372218097,466.6425706294018,453.97732744436195
