d_t,d_h,thres,nDT,timeHin,bias,LL,BIC,AIC
-0.5619472256729172,1.9939869632404044,1.8919893491197775,0.9859909668168643,0.0010156985844613498,0.28982436037253057,114.08453084023427,249.3272248281655,240.16906168046853
