d_t,d_h,thres,nDT,timeHin,bias,LL,BIC,AIC
-1.944560639061258,1.9965232646235807,2.095931139215827,0.983545829223908,-0.1482112281914639,0.8355550352419417,289.3722056227673,604.8846642056722,590.7444112455346
