d_t,d_h,thres,nDT,timeHin,bias,LL,BIC,AIC
0.8386938664050609,1.9992096003012165,0.9839574605690846,0.9835508018337346,-0.02626487332517258,-0.5816000873804965,208.79734254893364,441.85299270487457,429.5946850978673
