d_t,d_h,thres,nDT,timeHin,bias,LL,BIC,AIC
1.9693031790117483,1.9990966292590309,1.612914947475514,0.9777084919257403,-0.1172858551644428,-0.6386399425411451,285.09978475605453,596.6398849956946,582.1995695121091
