d_t,d_h,thres,nDT,timeHin,bias,LL,BIC,AIC
-0.7576765456061914,1.9964458444191269,1.6865615244448755,0.983321742437778,-0.13819667334661334,0.6168716733862725,244.4214896556164,514.333950763529,500.8429793112328
