d_t,d_h,thres,nDT,timeHin,bias,LL,BIC,AIC
-1.9039955930784345,1.9922552752529856,2.983852270804346,0.9940717622440284,-0.045832686778409154,0.8094253023473617,270.3862200740127,566.912693108163,552.7724401480255
