d_t,d_h,thres,nDT,timeHin,bias,LL,BIC,AIC
1.9303219268762324,1.9996207540856341,2.0414812169695304,0.9834353916720784,-0.17981940332986898,0.5359948555736097,238.9610704488441,503.3267799252718,489.9221408976882
