d_t,d_h,thres,nDT,timeHin,bias,LL,BIC,AIC
-1.9152296286996975,1.9942972778414447,1.020370616425028,0.9838746792272581,-0.15984972715469448,0.7507984806324145,245.8343771820332,517.3287510781627,503.6687543640664
