d_t,d_h,thres,nDT,timeHin,bias,LL,BIC,AIC
-1.9938138246236985,1.9960504097109733,0.6168018357913252,0.9861308021868183,-0.10006334615619276,0.8591293124939364,300.57513861083567,627.8061847606132,613.1502772216713
