d_t,d_h,thres,nDT,timeHin,bias,LL,BIC,AIC
1.901578686699199,1.9995402752973999,0.7196796707639566,0.9738517841564509,-0.183592322809568,-0.26441743502699977,288.4453197063786,603.4036830595368,588.8906394127572
