d_t,d_h,thres,nDT,timeHin,bias,LL,BIC,AIC
1.9285590709875167,1.9961618179119205,1.701642919331789,0.9952655224454237,-0.027369273359823466,0.9991948415195392,275.7662444676091,577.6727418953558,563.5324889352182
