d_t,d_h,thres,nDT,timeHin,bias,LL,BIC,AIC
-1.8910940641757432,1.9960263720208746,1.8279437292491074,0.9713043107474264,-0.1292893447658037,0.25976848999884405,296.0534397771283,618.5471950378421,604.1068795542566
