d_t,d_h,thres,nDT,timeHin,bias,LL,BIC,AIC
-1.8242194738158837,1.98834342099246,1.5375395049079457,0.9761694556936089,-0.1276807522255773,0.5003360543266938,294.06718931570236,614.5010735594394,600.1343786314047
