d_t,d_h,thres,nDT,timeHin,bias,LL,BIC,AIC
0.9699046221372023,1.9957480996858374,0.7445552167881291,0.9983062322401101,-0.08486494256650903,0.998283932940863,207.51841660570472,438.74429552289797,427.03683321140943
