d_t,d_h,thres,nDT,timeHin,bias,LL,BIC,AIC
1.2470068530847354,1.9963349510063164,1.6154591265496796,0.9946667419580528,-0.03601647475427707,0.9261156817418064,292.92376995273554,612.2878553890566,597.8475399054711
