d_t,d_h,thres,nDT,timeHin,bias,LL,BIC,AIC
-1.8746186901309874,1.999205059624625,2.587923602260335,0.9947912113433918,-0.050679078179389506,0.9983881991009071,244.66861363739062,514.1000335850517,501.33722727478124
