d_t,d_h,thres,nDT,timeHin,bias,LL,BIC,AIC
-1.9846734560397299,1.996885708280574,0.8761782172332598,0.9837864906774757,-0.06045674649129492,0.8384594134009794,264.0976423397855,554.3355376397086,540.195284679571
