d_t,d_h,thres,nDT,timeHin,bias,LL,BIC,AIC
1.9951282457336768,1.9999601758996413,2.6326557604596017,0.9809527745742554,-0.08467707847038151,-0.6570759679228161,265.6330240236617,557.4063010074609,543.2660480473234
