d_t,d_h,thres,nDT,timeHin,bias,LL,BIC,AIC
-1.66456864789659,1.9975299085690683,2.141884826851625,0.9827049777640935,-0.19314324569486607,0.6831388358959221,294.96711476672783,616.4472731802352,601.9342295334557
