d_t,d_h,thres,nDT,timeHin,bias,LL,BIC,AIC
-1.9601077272914529,1.9989436882040923,1.968648335337639,0.9735037275989125,-0.16360464637665234,-0.252876604624463,150.08771891742734,322.88057563836423,312.1754378348547
