d_t,d_h,thres,nDT,timeHin,bias,LL,BIC,AIC
-1.3908708416306752,1.997923900698259,1.1291758683309248,0.9764190720578508,-0.15771904113764013,0.8235114131244483,302.16264237415584,630.6174445563549,616.3252847483117
