d_t,d_h,thres,nDT,timeHin,bias,LL,BIC,AIC
1.8383807562296082,1.997965472623625,0.8438472460296456,0.9707312278614616,-0.15873446301906238,-0.11757748727381459,248.86638991098835,523.392776536073,509.7327798219767
