d_t,d_h,thres,nDT,timeHin,bias,LL,BIC,AIC
1.922810454843079,1.9986029830562537,1.488453798718142,0.9754035755188756,-0.15206985671568324,-0.07709812761341854,292.5844049867564,611.7537107665727,597.1688099735128
