d_t,d_h,thres,nDT,timeHin,bias,LL,BIC,AIC
-1.9763967365226869,1.9982925357464767,1.184701379344032,0.9797515131958019,-0.14265568883349655,0.7545344788684021,275.9625995867027,578.065452133543,563.9251991734054
