d_t,d_h,thres,nDT,timeHin,bias,LL,BIC,AIC
-1.471409890651342,1.9938584084802955,1.5775644382461906,0.9722941327003317,-0.14771040489523307,0.4534703381550576,286.2543634638703,598.6489798878781,584.5087269277406
