d_t,d_h,thres,nDT,timeHin,bias,LL,BIC,AIC
-1.8208427749174074,1.9829682758864327,2.4223630071513753,0.9824930594609528,-0.16693230945612222,0.47685801048483767,279.74812807275384,585.6365091056452,571.4962561455077
