d_t,d_h,thres,nDT,timeHin,bias,LL,BIC,AIC
1.894308665867786,1.9954478726284701,1.1380712700914244,0.9859684020921742,-0.17043121992714788,0.8743694370854345,267.35248590403523,560.5293623672954,546.7049718080705
