d_t,d_h,thres,nDT,timeHin,bias,LL,BIC,AIC
1.9890121283781668,1.9930916746417224,1.2966545432731704,0.9940704294775539,-0.04821304702496304,0.999147627063927,50.52436407270437,116.88307212310029,113.04872814540875
