d_t,d_h,thres,nDT,timeHin,bias,LL,BIC,AIC
1.8901899030936713,1.9997951333869002,2.046286828673842,0.9943683120154387,-0.04338925419351882,0.9987806563990498,46.872690869765854,108.6548216382597,105.74538173953171
