d_t,d_h,thres,nDT,timeHin,bias,LL,BIC,AIC
1.950827873362821,1.9946807433344942,1.6306286668404937,0.9619596901386828,-0.1835018706285606,-0.23089705175740463,118.36501248268215,257.52444038216265,248.7300249653643
