d_t,d_h,thres,nDT,timeHin,bias,LL,BIC,AIC
1.9463636854593729,1.9925499980733903,1.843675229776597,0.9955426598392123,-0.047535815597243555,0.9971736149236398,158.5990481272146,340.16994463336374,329.1980962544292
