d_t,d_h,thres,nDT,timeHin,bias,LL,BIC,AIC
-0.17841094142921982,1.9969331620191484,1.7999287002075328,0.9941797784026428,-0.004742069113575815,0.9430326833612237,167.95362689375463,359.13445985295664,347.90725378750926
