d_t,d_h,thres,nDT,timeHin,bias,LL,BIC,AIC
-1.9043834427191497,1.9995392439034507,0.819399759689392,0.9843601683450073,-0.09961531142867892,0.789651166692381,288.1669951699196,602.8470339866187,588.3339903398391
