d_t,d_h,thres,nDT,timeHin,bias,LL,BIC,AIC
-1.9952161641475539,1.9996223616909388,1.2306388367202925,0.9834907209626566,-0.06996819268139001,0.7790790226082911,268.997849223762,564.1359514076615,549.995698447524
