d_t,d_h,thres,nDT,timeHin,bias,LL,BIC,AIC
1.9636926841367872,1.9961773163619778,2.5849891854542073,0.9940806422606607,0.00559764727062227,0.9352505407572154,242.05334407895614,509.59765961020844,496.1066881579123
