d_t,d_h,thres,nDT,timeHin,bias,LL,BIC,AIC
0.21495802199944938,1.9995734227674447,2.909655585428555,0.994073129202446,-0.00640341405979088,0.8244184437245532,267.19926002090256,560.4613525729272,546.3985200418051
