d_t,d_h,thres,nDT,timeHin,bias,LL,BIC,AIC
-0.28209882357081417,1.9961024853737939,0.8298177068807684,0.9781827078892437,-0.004198767896598713,-0.4217625830444233,149.981394807707,322.66792741892357,311.962789615414
