d_t,d_h,thres,nDT,timeHin,bias,LL,BIC,AIC
-0.24958718866109852,1.9980365617811613,1.501973953284323,0.9778697885217359,-0.007982547722588273,-0.2955279880733682,146.8584168440069,316.2840343821752,305.7168336880138
