d_t,d_h,thres,nDT,timeHin,bias,LL,BIC,AIC
-1.3198544481436287,1.9979729493573741,2.2111495456158483,0.9842002946767867,-0.07349574133849013,0.9179804961976519,271.53760061942035,568.8995917980657,555.0752012388407
