d_t,d_h,thres,nDT,timeHin,bias,LL,BIC,AIC
-1.9668827869464403,1.991179949075423,0.8162313513299958,0.9607332750391235,-0.17569947837445243,0.7185035762905464,262.4063290702829,550.2172971681493,536.8126581405658
