d_t,d_h,thres,nDT,timeHin,bias,LL,BIC,AIC
-0.39018653315128404,1.9985079948224271,1.7549940474106858,0.9844890493738978,-0.0770910005568137,0.8471369491961486,223.63896193951965,472.23122237919733,459.2779238790393
