d_t,d_h,thres,nDT,timeHin,bias,LL,BIC,AIC
1.881237728436725,1.9933274303957487,2.573262020315378,0.9743383163879356,-0.17038769885174856,0.39929184663203476,306.59610934385677,639.987667399641,625.1922186877135
