d_t,d_h,thres,nDT,timeHin,bias,LL,BIC,AIC
1.7828260290602307,1.9998672850548564,2.1657298203982993,0.9945521409397485,-0.1348445626592087,0.9827926233205144,275.9597901201538,578.0598332004452,563.9195802403076
