d_t,d_h,thres,nDT,timeHin,bias,LL,BIC,AIC
1.973640607853749,1.9963097631392521,0.7923423213657654,0.9861016634498638,-0.10560283712608276,0.8460164728283369,289.9249197903759,606.5057471196936,591.8498395807518
