d_t,d_h,thres,nDT,timeHin,bias,LL,BIC,AIC
1.7630866011604667,1.9664268747107423,1.35991198046329,0.9779283286833673,-0.14092361249381044,-0.23411074371726714,298.6879557464437,623.6680713009307,609.3759114928874
