d_t,d_h,thres,nDT,timeHin,bias,LL,BIC,AIC
-1.9673736004249887,1.9973826962973107,1.6349755582528973,0.99526014190013,-0.042949018873002155,0.9984306633150986,139.45717048662544,300.89571085002876,290.9143409732509
