d_t,d_h,thres,nDT,timeHin,bias,LL,BIC,AIC
-1.9358790239100385,1.9939872626347916,1.0189798558388867,0.99488439273882745,-0.034241076049720216,0.9780790457791806,295.2212224957372,616.88276047506,602.4424449914744
