d_t,d_h,thres,nDT,timeHin,bias,LL,BIC,AIC
-1.978570891845338,1.9989353201613638,0.6989136075709471,0.9939393268147164,-0.04789316507235346,0.9840268411561771,142.56761695792935,307.26851064054233,297.1352339158587
