d_t,d_h,thres,nDT,timeHin,bias,LL,BIC,AIC
0.8812359895194186,1.9989465490951497,1.4596400106386316,0.9836754560177907,-0.1281605410465687,0.9478339829366808,293.9771918895955,613.6971404260813,599.954383779191
