d_t,d_h,thres,nDT,timeHin,bias,LL,BIC,AIC
-1.7216133176933792,1.9956398303149037,1.5896206671372055,0.9942143275867082,-0.04550285293809857,0.8106661138101042,252.39686546962415,530.3698102014962,516.7937309392482
