d_t,d_h,thres,nDT,timeHin,bias,LL,BIC,AIC
-1.4221737895557567,1.9831248173039613,2.6338858399540186,0.9943094669979101,-0.06234101947564055,0.9998737661795746,218.13734515042412,460.3186894122431,448.27469030084825
