d_t,d_h,thres,nDT,timeHin,bias,LL,BIC,AIC
-1.9998498330503727,1.998117193671601,2.5257682972686735,0.9837023971141646,-0.05224750817038104,0.4761655928714782,251.25552551838186,528.0020224890599,514.5110510367638
