d_t,d_h,thres,nDT,timeHin,bias,LL,BIC,AIC
1.2009361855470808,1.9988760880399998,1.3803351719448231,0.9832716575665834,-0.10077958155607858,0.9315206925455882,296.3151372017661,618.3730310504226,604.6302744035322
