d_t,d_h,thres,nDT,timeHin,bias,LL,BIC,AIC
1.4540404401163072,1.996343207993824,2.6706624131198384,0.9839400144593893,-0.2392033209941199,0.9981540524663761,247.91967461354656,520.4054166004257,507.8393492270931
