d_t,d_h,thres,nDT,timeHin,bias,LL,BIC,AIC
1.9946634321587207,1.9979095806919562,0.6993496622890234,0.9825997465401636,-0.17604327964750435,0.8359195433501933,276.3068648989729,577.8418855142916,564.6137297979458
