d_t,d_h,thres,nDT,timeHin,bias,LL,BIC,AIC
-1.8864709589494906,1.9975834434543083,1.7754474868861831,0.9942594220158889,-0.07445978923619488,0.8973116657386174,287.42846704726423,601.4418348875884,586.8569340945285
