d_t,d_h,thres,nDT,timeHin,bias,LL,BIC,AIC
1.8857427202165127,1.9979932950174504,2.3291110301007296,0.9839730528156881,-0.19442137958304567,0.9159961898920741,256.9398356769516,538.6424776641737,525.8796713539032
