d_t,d_h,thres,nDT,timeHin,bias,LL,BIC,AIC
1.9910989347967574,1.9913668472296946,2.4861826300621033,0.9810591727928414,-0.08379789222063116,-0.8830841899448868,115.14864348425702,251.455450116211,242.29728696851404
