d_t,d_h,thres,nDT,timeHin,bias,LL,BIC,AIC
1.9765624975574874,1.998022477914706,2.5025437682096,0.9824581653328444,-0.10876343177503611,-0.8555092246127987,125.19336237571028,272.0522322272859,262.38672475142056
