d_t,d_h,thres,nDT,timeHin,bias,LL,BIC,AIC
0.4218742638373685,1.9992578819434872,2.076102476489608,0.9943761311498298,-0.06293259940598578,0.6686527445619698,53.565560303538234,123.76665294051516,119.13112060707647
