d_t,d_h,thres,nDT,timeHin,bias,LL,BIC,AIC
-1.999169477892426,1.9967691978409505,1.0748069873547927,0.9841013201156813,-0.12276942769824478,0.5898108796438687,269.76487534650425,565.7464378078106,551.5297506930085
