d_t,d_h,thres,nDT,timeHin,bias,LL,BIC,AIC
-1.8395971271696072,1.9993551993802097,1.0326777625947992,0.9840545569750428,-0.10941073248893898,0.4179858885344151,104.86600217058097,230.13918863113486,221.73200434116194
