d_t,d_h,thres,nDT,timeHin,bias,LL,BIC,AIC
-1.9919327382446936,1.9997558447828991,1.9774640160988917,0.9672413181579694,-0.14726878093162404,0.2443872688883503,263.1645065392139,552.2339417596456,538.3290130784278
