d_t,d_h,thres,nDT,timeHin,bias,LL,BIC,AIC
-1.9822920391155165,1.999451936002793,1.8517920472324128,0.9700336343674164,-0.14966756927247876,0.3461496891996963,263.86269890308614,553.6303264873901,539.7253978061723
