d_t,d_h,thres,nDT,timeHin,bias,LL,BIC,AIC
1.9779469799646254,1.9913465320517063,1.4449405548058245,0.988260658792096,-0.15394157138572853,0.9493857958685735,269.1593140183116,564.3030280783412,550.3186280366232
