d_t,d_h,thres,nDT,timeHin,bias,LL,BIC,AIC
1.9880142626013955,1.9989969812768242,1.8729453450379845,0.9942554254564508,-0.17845921985979826,0.9767557487962718,259.0061992556369,543.7551551581641,530.0123985112738
