d_t,d_h,thres,nDT,timeHin,bias,LL,BIC,AIC
-1.7622277822163481,1.9931249645813671,2.165764730511855,0.9954800810457562,-0.10337502025033063,0.9996763786829905,283.3828099418829,592.5083765306562,578.7656198837658
