d_t,d_h,thres,nDT,timeHin,bias,LL,BIC,AIC
1.861276456333515,1.9994155998064027,1.9517914924169255,0.9815314436514119,-0.1473823496895214,-0.23193123493275755,288.773586911978,604.1320746170159,589.547173823956
