d_t,d_h,thres,nDT,timeHin,bias,LL,BIC,AIC
-0.6096826107446905,1.9986299353383934,1.9083590343591827,0.984350237028758,-0.05734725895586272,0.904660347834743,297.287536491922,621.1599737769039,606.575072983844
