d_t,d_h,thres,nDT,timeHin,bias,LL,BIC,AIC
-1.2693623990050404,1.9983101852488714,1.5125636276083032,0.9941507635034366,-0.16411782051939422,0.9552613564725839,292.05070782542566,610.6144592976309,596.1014156508513
