d_t,d_h,thres,nDT,timeHin,bias,LL,BIC,AIC
-0.7564482474437869,1.9998484497386928,1.7956129560887946,0.9864000321934104,-0.4704023360082068,0.9694688212888449,289.20232729263137,602.9707219585953,590.4046545852627
