d_t,d_h,thres,nDT,timeHin,bias,LL,BIC,AIC
-1.296919864985782,1.9979096367775293,1.266822160085662,0.9948222830908696,-0.17559913892795154,0.981237186051805,271.82348117316536,566.6188107252653,555.6469623463307
