d_t,d_h,thres,nDT,timeHin,bias,LL,BIC,AIC
1.6971937097347976,1.9996577669222872,2.1758046644812805,0.9865000480575808,-0.18902002278841037,0.9961795907363802,295.95844489896206,617.2339360289808,603.9168897979241
