d_t,d_h,thres,nDT,timeHin,bias,LL,BIC,AIC
1.884878952022398,1.978168675019247,1.7539130464383692,0.9944524359232765,-0.11891425932537683,0.9993309826117298,272.01280217198394,568.6908475290078,556.0256043439679
