d_t,d_h,thres,nDT,timeHin,bias,LL,BIC,AIC
-1.953245443327292,1.9968706037688104,2.0435659009342073,0.9730108191183815,-0.1411516364488591,-0.048113968674818264,290.9275403780794,608.3681244029384,593.8550807561588
