d_t,d_h,thres,nDT,timeHin,bias,LL,BIC,AIC
-0.20659457629791808,1.9978752641855517,0.9118580365553499,0.9752383769851092,-0.07660746085077083,-0.6861067698034189,280.1089608094172,586.584616546869,572.2179216188345
