d_t,d_h,thres,nDT,timeHin,bias,LL,BIC,AIC
1.9773732257802472,1.9870587528664159,1.804949531853748,0.9945320704705078,-0.06373333779182616,0.9986765436347741,293.4508938860979,613.2684827002304,598.9017877721958
