d_t,d_h,thres,nDT,timeHin,bias,LL,BIC,AIC
1.8994111501729287,1.9967039029366394,1.0271817596504484,0.993027718305454,-0.1473307079098074,0.9995134656809085,302.1999706242884,630.8402567321624,616.3999412485769
