d_t,d_h,thres,nDT,timeHin,bias,LL,BIC,AIC
-1.7894998730097345,1.9455289665223203,1.1879177832367445,0.9946304564529688,-0.02254133127895318,0.9996061463687348,298.0224443919556,616.8393042007096,608.0448887839112
