d_t,d_h,thres,nDT,timeHin,bias,LL,BIC,AIC
-1.9224546306976338,1.9310942263562116,0.8387829825904072,0.9940755759988881,-0.028016778824284685,0.9994093070334761,267.45467355904384,555.703762534886,546.9093471180877
