d_t,d_h,thres,nDT,timeHin,bias,LL,BIC,AIC
1.9993916442615678,1.9885272805492458,1.6698857520473238,0.9676709861028756,-0.13528124985393308,0.26891710302664706,263.35925197016917,552.2094753926345,538.7185039403383
