d_t,d_h,thres,nDT,timeHin,bias,LL,BIC,AIC
1.9526539428169627,1.9996003543082226,2.546163425073705,0.9708866446157466,-0.13577939046879145,0.4544963082978419,269.7259564597487,565.1119096335938,551.4519129194974
