d_t,d_h,thres,nDT,timeHin,bias,LL,BIC,AIC
1.8978182999168929,1.9843939785498312,0.7047635475173593,0.975330051657448,-0.15505794755554791,0.7527962883509575,308.2120909237771,642.1669384944446,628.4241818475542
