d_t,d_h,thres,nDT,timeHin,bias,LL,BIC,AIC
-1.9535262612625957,1.9966701618005425,1.7155490652765863,0.9755766005450399,-0.14771362126386,0.38252604185966554,304.39665780658396,635.5193993906889,620.7933156131679
