d_t,d_h,thres,nDT,timeHin,bias,LL,BIC,AIC
-1.9288219815478327,1.9994367219351772,1.0430283249966625,0.9834026001382353,-0.11442145562863927,0.7871565062992747,288.65904202020903,603.8311276871976,589.3180840404181
