d_t,d_h,thres,nDT,timeHin,bias,LL,BIC,AIC
1.9942304363788224,1.992081043638821,0.955028282578535,0.9903052187166906,-0.05255231911010365,0.9990698503964294,295.0834698838716,610.3707147476621,602.1669397677432
