d_t,d_h,thres,nDT,timeHin,bias,LL,BIC,AIC
-1.9353975439434679,1.9969688018938974,0.895205716788769,0.9949736471738909,-0.08496915999390534,0.9999159996661211,286.1971722643349,598.7610394567043,584.3943445286698
