d_t,d_h,thres,nDT,timeHin,bias,LL,BIC,AIC
-1.9556460082522944,1.9949262855623646,0.8952320303767922,0.9840981094381495,-0.17906371234054685,0.8028741641189057,312.74747930921626,652.1508661573744,637.4949586184325
