d_t,d_h,thres,nDT,timeHin,bias,LL,BIC,AIC
1.5590793954115838,1.9971048826910525,1.983564476407647,0.9864859529805937,-0.07719801101325913,-0.6296812989014552,292.3288916540944,611.4532320201163,596.6577833081888
