d_t,d_h,thres,nDT,timeHin,bias,LL,BIC,AIC
-1.9947077979888859,1.9980647391597628,0.9384636072467678,0.9831065306918735,-0.16429922371325803,0.7933944594557422,303.1966671667723,632.9782351266044,618.3933343335445
