d_t,d_h,thres,nDT,timeHin,bias,LL,BIC,AIC
1.9501736786947934,1.9946002458685983,1.8047916973110403,0.9889864139386461,-0.044420699861944926,0.9534697618420894,304.6705963820783,635.2461214453745,621.3411927641566
