d_t,d_h,thres,nDT,timeHin,bias,LL,BIC,AIC
1.7638165395410184,1.9957723075520388,2.498973111878609,0.9838419556955759,-0.0694298538020146,0.5611839820320403,298.23865675415965,622.4617135500373,608.4773135083193
