d_t,d_h,thres,nDT,timeHin,bias,LL,BIC,AIC
1.4763283572412909,1.9951766209150759,2.2639740971848368,0.9914711857987252,-0.14914707017967394,0.9995042482122115,256.9745413704393,539.6090794549749,525.9490827408786
