d_t,d_h,thres,nDT,timeHin,bias,LL,BIC,AIC
1.8664486942422154,1.993255699823207,1.9069565361365677,0.9945210525989893,-0.028477150977053195,0.9970077983845296,265.11390535959816,556.0522012784213,542.2278107191963
