d_t,d_h,thres,nDT,timeHin,bias,LL,BIC,AIC
1.9431991394470154,1.9966692756735982,1.873999663291769,0.9841636337710423,-0.06619789180658035,0.4380502536873979,294.9832453225013,615.8714193262205,601.9664906450026
