d_t,d_h,thres,nDT,timeHin,bias,LL,BIC,AIC
-1.9037790901414815,1.9971156711128897,1.7856028602961496,0.967995919460351,-0.13857122320035073,-0.22421079849576173,253.56177938492883,532.7835554839539,519.1235587698577
