d_t,d_h,thres,nDT,timeHin,bias,LL,BIC,AIC
-1.956666787514188,1.9935938955011792,2.158969168380062,0.9838142724143305,-0.08116955475381234,0.8924226829385958,113.12512266511757,247.0446607470335,238.25024533023515
