d_t,d_h,thres,nDT,timeHin,bias,LL,BIC,AIC
-0.6977254454093929,1.9973367052272206,1.1700971234589816,0.9728378101052325,-0.11837638403878442,0.42216612518743274,263.61323664050025,553.1314019622183,539.2264732810005
