d_t,d_h,thres,nDT,timeHin,bias,LL,BIC,AIC
1.993617942886858,1.9993801677141763,1.7612454620602747,0.9947267079596711,-0.1535798610935662,0.9978288056788351,262.78651287930666,551.4779544398311,537.5730257586133
