d_t,d_h,thres,nDT,timeHin,bias,LL,BIC,AIC
1.9537086442559668,1.999210627602019,1.7623156366407136,0.9841336829423095,-0.15061734747522965,0.30187401608595343,297.69848824674835,622.0528840324386,607.3969764934967
