d_t,d_h,thres,nDT,timeHin,bias,LL,BIC,AIC
1.689094945522089,1.9918713359311802,1.2643609252529413,0.9828300844417687,-0.15028494819847202,0.7876817001040151,299.26915557510193,625.2643949277249,610.5383111502039
