d_t,d_h,thres,nDT,timeHin,bias,LL,BIC,AIC
-1.9929115340735006,1.993612692627356,1.467486322671175,0.972406686607098,-0.12207670557183721,0.09468718135037303,287.4830317421016,601.4063789677888,586.9660634842032
