d_t,d_h,thres,nDT,timeHin,bias,LL,BIC,AIC
1.9851193378178311,1.9992732670450086,0.654375611974769,0.9727182830179574,-0.1528191346445501,0.1281467475790982,253.02365005246116,531.7072968190187,518.0473001049223
