d_t,d_h,thres,nDT,timeHin,bias,LL,BIC,AIC
1.976407079026103,1.994778919062427,1.3475580369544975,0.9944272730003212,0.00206060908842446,0.909901265003601,50.277703168064264,116.80370754274179,112.55540633612853
