d_t,d_h,thres,nDT,timeHin,bias,LL,BIC,AIC
-1.9216313523312516,1.999956960905,1.163849862876833,0.9745799018065521,-0.07290974742936104,0.7278757187014788,290.0555811288232,606.6960630507062,592.1111622576464
