d_t,d_h,thres,nDT,timeHin,bias,LL,BIC,AIC
1.9864835884591967,1.9949402039388122,2.2484600459441615,0.9781566450638741,-0.020840777810589756,-0.5872466266112443,57.05754921782547,131.11437849998822,126.11509843565094
