d_t,d_h,thres,nDT,timeHin,bias,LL,BIC,AIC
1.9748679021731343,1.9973069218813737,0.9578863104667517,0.980286050079286,-0.14695348334932243,-0.06603131350604875,287.53569156758715,601.5844267819539,587.0713831351743
