d_t,d_h,thres,nDT,timeHin,bias,LL,BIC,AIC
-1.9975536754354835,1.9998001429899193,2.223222195915878,0.9837428466128489,-0.18434185998906424,0.591410554304968,305.16825423310365,637.2683266846002,622.3365084662073
