d_t,d_h,thres,nDT,timeHin,bias,LL,BIC,AIC
1.9898065801605007,1.9988775341052063,2.4554593790607533,0.9863937684862322,-0.07240874823681576,0.5258146746934848,291.7267201911123,610.1093479211664,595.4534403822246
