d_t,d_h,thres,nDT,timeHin,bias,LL,BIC,AIC
-0.9742936624198062,1.9968577646838506,1.7601811311855249,0.9851924024087974,-0.06397941003126234,0.9456840092450371,230.1337855981084,483.85852499256276,472.2675711962168
