d_t,d_h,thres,nDT,timeHin,bias,LL,BIC,AIC
-1.7890030651299338,1.9997136709768062,2.133202845860255,0.9911791687036934,-0.04480396246813985,0.9371402183780987,291.39025393493966,608.2714793221755,594.7805078698793
