d_t,d_h,thres,nDT,timeHin,bias,LL,BIC,AIC
-1.8802056624581727,1.9952991900988137,1.6680354782428655,0.9945503882607374,-0.15719221540441192,0.9997848976479331,300.2499717343746,626.404872149967,612.4999434687492
