d_t,d_h,thres,nDT,timeHin,bias,LL,BIC,AIC
-1.9694516557673536,1.9910688865340715,1.8075748339273756,0.992177423722131,-0.05425425943220628,0.9989736076049504,291.97257039858704,609.8500694783919,595.9451407971741
