d_t,d_h,thres,nDT,timeHin,bias,LL,BIC,AIC
-0.08160126954317093,1.999739386499618,2.9106996118223316,0.984275505678275,0.004005146704567558,0.2912768909525791,193.37781821957716,410.79963555054917,398.75563643915433
