d_t,d_h,thres,nDT,timeHin,bias,LL,BIC,AIC
0.3480256092812482,1.9969642044507199,1.9957319458340903,0.9943787848049853,-0.00795166972243019,0.9903490271244373,283.5002289885509,592.6604546911981,579.0004579771017
