d_t,d_h,thres,nDT,timeHin,bias,LL,BIC,AIC
-1.9589210594507402,1.9970604447711806,1.923339035924048,0.9724580532275496,-0.11700598358565484,0.3646642040593585,129.73793923390897,281.30139542617627,271.47587846781795
