d_t,d_h,thres,nDT,timeHin,bias,LL,BIC,AIC
-1.8433102399851988,1.9994743389165364,0.8134245843730805,0.9933885656950407,-0.18695086223175889,0.8826339150298987,283.6451390257546,593.5824378595524,579.2902780515092
