d_t,d_h,thres,nDT,timeHin,bias,LL,BIC,AIC
-1.7932085321001545,1.9997405234036767,1.3476913873711298,0.9896104672417345,-0.052933097291623515,0.8772582673142982,289.2846794495418,605.1542596921435,590.5693588990836
