d_t,d_h,thres,nDT,timeHin,bias,LL,BIC,AIC
1.6817988361733014,1.9996761050401788,1.8039743879984085,0.9654524398515469,-0.15615886946046156,-0.5244537524607555,130.0911392603128,282.0077954789839,272.1822785206256
