d_t,d_h,thres,nDT,timeHin,bias,LL,BIC,AIC
-1.9747756424921314,1.999503138243999,0.6316263791173697,0.976360889069697,-0.10489570843053515,0.47465484278538667,299.8752111079069,626.5458709277414,611.7504222158138
