d_t,d_h,thres,nDT,timeHin,bias,LL,BIC,AIC
-1.987662667596702,1.9932244170511275,1.8689849143079456,0.9871304244388542,-0.056843818522355344,0.8700995259294687,274.95492997137706,576.2020197507974,561.9098599427541
