d_t,d_h,thres,nDT,timeHin,bias,LL,BIC,AIC
-1.894669569172907,1.9959788595449988,2.5946105493695573,0.9931792834001956,-0.19067683740098712,0.9881265652887247,271.18736116397963,567.8656937802555,554.3747223279593
