d_t,d_h,thres,nDT,timeHin,bias,LL,BIC,AIC
-1.9100101292133331,1.9984360433893769,1.6244478410441927,0.9940242676101227,-0.18478447702832815,0.9932687705985476,255.69568194775337,536.7960029230903,523.3913638955067
