d_t,d_h,thres,nDT,timeHin,bias,LL,BIC,AIC
-0.7200406237739829,1.9975859672493008,2.874024668805693,0.9763809100486005,-0.1113266824120183,0.72347731315088315,298.7389949590496,624.0628907111591,609.4779899180992
