d_t,d_h,thres,nDT,timeHin,bias,LL,BIC,AIC
-0.33377310278628236,1.9969904542420736,1.7530835506700853,0.9783248870088492,-0.0423531762251249,0.5391867757780233,296.56503858661426,619.8561609507495,605.1300771732285
