d_t,d_h,thres,nDT,timeHin,bias,LL,BIC,AIC
1.8573126665064692,1.999529117128268,2.2101162534360577,0.9737030811038133,-0.18261037580496758,0.1584275805432852,285.1864662130172,596.4357649571565,582.3729324260344
