d_t,d_h,thres,nDT,timeHin,bias,LL,BIC,AIC
1.0322164153251676,1.9789236288603065,2.4914594872905926,0.9947793134492169,-0.1136866562000416,0.9789174321563878,304.0197334118405,633.7822234705714,620.039466823681
