d_t,d_h,thres,nDT,timeHin,bias,LL,BIC,AIC
-1.974591179524822,1.9986637160954426,1.6640545903795816,0.9759119871023527,-0.09745779465668403,0.2597381772592837,197.049547555944,417.92084659320074,406.099095111888
