d_t,d_h,thres,nDT,timeHin,bias,LL,BIC,AIC
1.9823253415598412,1.9775843198629723,1.1429084624543984,0.9926834306314736,-0.08838543388694646,0.8933043725344129,304.0374624589958,633.8176815648819,620.0749249179916
