d_t,d_h,thres,nDT,timeHin,bias,LL,BIC,AIC
-1.9630775941787655,1.998979053690096,0.6191622418072978,0.9760857540891799,-0.09549318572985864,0.32987113347427216,190.21622216758595,404.13990664666045,392.4324443351719
