d_t,d_h,thres,nDT,timeHin,bias,LL,BIC,AIC
1.9758409927198495,1.9818360642161144,0.8395972528019233,0.9784537393318703,-0.09917581405065005,-0.39880200411201944,293.148352192439,612.9526119238199,598.296704384878
