d_t,d_h,thres,nDT,timeHin,bias,LL,BIC,AIC
1.938225146278726,1.9883430027874258,1.779734424036742,0.9721942242511052,-0.12797994033724028,-0.12260676498872841,300.72741985597906,628.2502884238856,613.4548397119581
