d_t,d_h,thres,nDT,timeHin,bias,LL,BIC,AIC
1.9595332316972134,1.9935881620235105,2.5370788726955653,0.9753563928274468,-0.08023587983397787,-0.16217010368799092,274.06593925320055,574.2721314665387,560.1318785064011
