d_t,d_h,thres,nDT,timeHin,bias,LL,BIC,AIC
1.9706558748892167,1.994981747977669,1.2122935532108463,0.982869632870484,-0.06014945756012718,0.9528353924066331,40.90385710268282,96.71715410409365,93.80771420536564
