d_t,d_h,thres,nDT,timeHin,bias,LL,BIC,AIC
1.899884578997392,1.9972753137434758,1.042766334861517,0.978109620170513,-0.10626580139334972,-0.0227811903275102,269.0341544974103,564.1311415259428,550.0683089948207
