d_t,d_h,thres,nDT,timeHin,bias,LL,BIC,AIC
-0.91126076328959,1.991009808783217,1.3902841574358202,0.9626570327421429,-0.05357062394805472,-0.7603864667570197,44.06791710349155,103.52553035175232,100.1358342069831
