d_t,d_h,thres,nDT,timeHin,bias,LL,BIC,AIC
0.37604082747665957,1.9957033511595919,2.397752861974551,0.9938886638130444,-0.0453393622446149,0.954049489596014,242.40485374668074,510.3857867556094,496.8097074933615
