d_t,d_h,thres,nDT,timeHin,bias,LL,BIC,AIC
1.9336781044869316,1.9974084993569095,2.62383877250437,0.9930060783869619,-0.09854592051372527,0.933593473026253,142.5393875642667,307.5047928382336,297.0787751285334
