d_t,d_h,thres,nDT,timeHin,bias,LL,BIC,AIC
1.984296281875985,1.9979637823734528,2.457102405482786,0.9567740417963714,-0.10535888019721718,0.2025593804267354,48.56921507733643,112.9727741323644,109.13843015467286
