d_t,d_h,thres,nDT,timeHin,bias,LL,BIC,AIC
1.9971398209800155,1.9988812377682275,2.516506935324721,0.9940752366425181,-0.03923220117340707,0.9358476233704593,135.95562775523294,294.0445322351495,283.9112555104659
