d_t,d_h,thres,nDT,timeHin,bias,LL,BIC,AIC
1.9962747942333339,1.998309291247291,0.6376115836008446,0.9861939457942173,-0.03851729982329203,-0.640699695345293,228.37254824415393,481.97325220465365,468.74509648830787
