d_t,d_h,thres,nDT,timeHin,bias,LL,BIC,AIC
1.979436801806979,1.999336168364419,2.0500551950439867,0.9944082439533698,-0.023259989790037704,-0.04620355500463661,90.33221092769507,199.21067657554005,192.66442185539015
