d_t,d_h,thres,nDT,timeHin,bias,LL,BIC,AIC
1.9634796358657938,1.9922014157389523,2.325782460750785,0.9938297773077052,-0.15021417989310284,0.9965541347092028,204.5657568507107,432.48243549008515,421.1315137014214
