d_t,d_h,thres,nDT,timeHin,bias,LL,BIC,AIC
1.8961464231794571,1.9981873976997544,2.608432384313995,0.9939240151517408,-0.13898449384868145,0.9697619536896361,207.66148308803946,438.6738879647427,427.3229661760789
