d_t,d_h,thres,nDT,timeHin,bias,LL,BIC,AIC
-1.9634777943191402,1.9946432438676345,1.3430320896535295,0.9796797095974203,-0.14856822854710744,0.7397669307940299,267.1014592713714,560.3431715028804,546.2029185427429
