d_t,d_h,thres,nDT,timeHin,bias,LL,BIC,AIC
-0.7222826931249877,1.9923067611518062,1.8623315139481527,0.9893193734777339,5.077893362282126e-4,0.998294410171388,84.16186852332525,186.59087167299106,180.3237370466505
