d_t,d_h,thres,nDT,timeHin,bias,LL,BIC,AIC
-1.942745101636441,1.9977754360671907,1.7909318342295506,0.9851921789874621,-0.14198815446921859,0.5161733633394565,246.63706420152866,518.8502076653052,505.2741284030573
