d_t,d_h,thres,nDT,timeHin,bias,LL,BIC,AIC
1.828515623179635,1.9973708336512066,1.7350681756522963,0.9658123928270375,-0.07987425320251311,-0.4668654167352653,136.69918172265466,295.53164016999295,285.3983634453093
