d_t,d_h,thres,nDT,timeHin,bias,LL,BIC,AIC
1.9901808248919974,1.9954859249818886,2.0495562888346437,0.9664874253231511,-0.07626703425050553,-0.4244355852361293,140.33557045931468,302.95257331885523,292.67114091862936
