d_t,d_h,thres,nDT,timeHin,bias,LL,BIC,AIC
-1.0063376444524759,1.998917038653218,2.5486101003692214,0.9865080870330468,-0.006473667891473705,-0.6318994776571546,77.146384598664,172.8390239174779,166.292769197328
